0,1,2,3,4,5,6,7,8,9,10,11,12,13,14
18,,,,,,Chuadanga Zila Total,277464,276910,129,425,1129015,564819,564196,100
18,,,,,1,Chuadanga Zila,202741,202606,58,77,822858,411966,410892,100
18,,,,,2,Chuadanga Zila,43217,42909,55,253,176748,88166,88582,100
18,,,,,3,Chuadanga Zila,31506,31395,16,95,129409,64687,64722,100
18,07,,,,,Alamdanga Upazila Total,86299,86167,38,94,345922,172932,172990,100
18,07,,,,1,Alamdanga Upazila,66929,66892,15,22,267550,133996,133554,100
18,07,,,,2,Alamdanga Upazila,8078,8008,17,53,32048,15774,16274,97
18,07,,,,3,Alamdanga Upazila,11292,11267,6,19,46324,23162,23162,100
18,07,,,,,Alamdanga Paurashava,8078,8008,17,53,32048,15774,16274,97
18,07,01,,,,Ward No-01 Total,1012,990,4,18,3971,1983,1988,100
18,07,01,085,,2,*Alamdanga North,874,852,4,18,3490,1757,1733,101
18,07,01,510,,2,*Gobindapur North (Mathpara),138,138,0,0,481,226,255,89
18,07,02,,,,Ward No-02 Total,1030,1021,1,8,4055,1993,2062,97
18,07,02,085,,2,*Alamdanga Middle (Part),270,267,1,2,1112,527,585,90
18,07,02,120,,2,*Babupara(Alamdagm(Part),342,340,0,2,1345,680,665,102
18,07,02,650,,2,*Radhikaganj,418,414,0,4,1598,786,812,97
18,07,03,,,,Ward No-03 Total,745,735,2,8,3049,1519,1530,99
18,07,03,085,,2,*Alamdanga South,369,369,0,0,1404,715,689,104
18,07,03,340,,2,*College Para East,308,300,2,6,1364,659,705,93
18,07,03,510,,2,*Gobindapur Middle,68,66,0,2,281,145,136,107
18,07,04,,,,Ward No-04 Total,1095,1079,7,9,4431,2207,2224,99
18,07,04,170,,2,*Ananada Dham,419,409,5,5,1736,860,876,98
18,07,04,340,,2,*College Para West,642,636,2,4,2549,1276,1273,100
18,07,04,450,,2,*Haushpur,34,34,0,0,146,71,75,95
18,07,05,,,,Ward No-05 Total,988,987,0,1,4027,1946,2081,94
18,07,05,425,,2,*Ershadpur,988,987,0,1,4027,1946,2081,94
18,07,06,,,,Ward No-06 Total,1028,1027,0,1,3992,1936,2056,94
18,07,06,510,,2,*Gobindapur South,1028,1027,0,1,3992,1936,2056,94
18,07,07,,,,Ward No-07 Total,820,810,3,7,3185,1574,1611,98
18,07,07,255,,2,*Bandobil East,52,52,0,0,179,93,86,108
18,07,07,510,,2,*Gobindapur Mathpara,154,154,0,0,637,309,328,94
18,07,07,511,,2,*Gobindapur North(Part),614,604,3,7,2369,1172,1197,98
18,07,08,,,,Ward No-08 Total,663,662,0,1,2536,1233,1303,95
18,07,08,510,,2,*Gobindapur West,247,247,0,0,894,439,455,96
18,07,08,595,,2,*Naoda Bandobil,416,415,0,1,1642,794,848,94
18,07,09,,,,Ward No-09 Total,697,697,0,0,2802,1383,1419,97
18,07,09,255,,2,*Bandobil West,697,697,0,0,2802,1383,1419,97
18,07,13,,,,Belgachhi Union Total,3782,3781,0,1,14426,7162,7264,99
18,07,13,116,,1,*Belgachhi,2194,2193,0,1,8344,4164,4180,100
18,07,13,116,01,1,Belgachhi,1471,1471,0,0,5590,2789,2801,100
18,07,13,116,02,1,Kidarnagar,557,556,0,1,2130,1069,1061,101
18,07,13,116,03,1,Kashipur,166,166,0,0,624,306,318,96
18,07,13,157,,1,*Bil Chakila,120,120,0,0,457,235,222,106
18,07,13,339,,1,*Faridpur,1468,1468,0,0,5625,2763,2862,97
18,07,13,339,01,1,Faridpur,1194,1194,0,0,4631,2263,2368,96
18,07,13,339,02,1,Damose,274,274,0,0,994,500,494,101
18,07,15,,,,Baradi Union Total,4823,4821,1,1,19583,9814,9769,100
18,07,15,,,1,Baradi Union,4547,4545,1,1,18477,9258,9219,100
18,07,15,,,3,Baradi Union,276,276,0,0,1106,556,550,101
18,07,15,024,,1,*Anupnagar,346,346,0,0,1554,775,779,99
18,07,15,091,,1,*Baradi,918,918,0,0,3454,1701,1753,97
18,07,15,091,01,1,Baradi,550,550,0,0,2103,1032,1071,96
18,07,15,091,02,1,Anandabas,112,112,0,0,408,198,210,94
18,07,15,091,03,1,Gopalnagar,256,256,0,0,943,471,472,100
18,07,15,331,,1,*Enayetpur,454,454,0,0,1769,905,864,105
18,07,15,348,,1,*Attarakhada,563,563,0,0,2335,1179,1156,102
18,07,15,414,,1,*Goalbari,343,341,1,1,1426,732,694,105
18,07,15,538,,3,*Kantabhanga,276,276,0,0,1106,556,550,101
18,07,15,729,,1,*Natidanga,1087,1087,0,0,4415,2192,2223,99
18,07,15,729,01,1,Natidanga,975,975,0,0,3954,1956,1998,98
18,07,15,729,02,1,Kachikata,112,112,0,0,461,236,225,105
18,07,15,804,,1,*Poltadanga,786,786,0,0,3333,1677,1656,101
18,07,15,837,,1,*Radhakantapur,50,50,0,0,191,97,94,103
18,07,23,,,,Bhangabaria Union Total,7026,7022,1,3,27714,13949,13765,101
18,07,23,,,1,Bhangabaria Union,6119,6119,0,0,23835,11992,11843,101
18,07,23,,,3,Bhangabaria Union,907,903,1,3,3879,1957,1922,102
18,07,23,033,,1,*Bagadi,862,862,0,0,3334,1647,1687,98
18,07,23,082,,1,*Banshbaria,564,564,0,0,2126,1058,1068,99
18,07,23,140,,1,*Bhangabaria,1829,1829,0,0,6973,3516,3457,102
18,07,23,140,01,1,Bhangabaria,1710,1710,0,0,6514,3287,3227,102
18,07,23,140,02,1,Bachamari,119,119,0,0,459,229,230,100
18,07,23,149,,1,*Bhogail,1091,1091,0,0,4247,2141,2106,102
18,07,23,149,01,1,Bhogail,445,445,0,0,1726,851,875,97
18,07,23,149,02,1,Maheshpur,646,646,0,0,2521,1290,1231,105
18,07,23,215,,1,*Char Boalia,169,169,0,0,843,404,439,92
18,07,23,389,,1,*Gaurihrad,649,649,0,0,2773,1428,1345,106
18,07,23,389,01,1,Khurda,370,370,0,0,1699,870,829,105
18,07,23,389,02,1,Gaurihrad,184,184,0,0,672,354,318,111
18,07,23,389,03,1,Radhanagar,95,95,0,0,402,204,198,103
18,07,23,464,,3,*Hat Boalia,907,903,1,3,3879,1957,1922,102
18,07,23,464,01,3,Hat Boalia,436,436,0,0,1825,920,905,102
18,07,23,464,02,3,Bara Boalia,471,467,1,3,2054,1037,1017,102
18,07,23,472,,1,*Hatubhanga,280,280,0,0,944,461,483,95
18,07,23,472,01,1,Hatubhanga,187,187,0,0,631,307,324,95
18,07,23,472,02,1,Amtail,93,93,0,0,313,154,159,97
18,07,23,688,,1,*Nagar Boalia,675,675,0,0,2595,1337,1258,106
18,07,27,,,,Chithla Union Total,5713,5706,3,4,22613,11340,11273,101
18,07,27,,,1,Chithla Union,4796,4793,2,1,18891,9494,9397,101
18,07,27,,,3,Chithla Union,917,913,1,3,3722,1846,1876,98
18,07,27,016,,1,*Aindipur,344,343,1,0,1557,754,803,94
18,07,27,132,,1,*Bhalaipur,403,402,1,0,1662,817,845,97
18,07,27,265,,1,*Chithla,1252,1252,0,0,4712,2388,2324,103
18,07,27,265,01,1,Chitila,731,731,0,0,2521,1244,1277,97
18,07,27,265,02,1,Kayradanga,521,521,0,0,2191,1144,1047,109
18,07,27,439,,1,*Hapania,1129,1129,0,0,4656,2391,2265,106
18,07,27,439,01,1,Hapania,881,881,0,0,3601,1847,1754,105
18,07,27,439,02,1,Noada-Hapania,248,248,0,0,1055,544,511,106
18,07,27,596,,1,*Kulchara,30,30,0,0,97,50,47,106
18,07,27,605,,3,*Kulpala,917,913,1,3,3722,1846,1876,98
18,07,27,605,01,3,Kulpala,629,629,0,0,2520,1226,1294,95
18,07,27,605,02,3,Gopinagar,203,203,0,0,848,418,430,97
18,07,27,605,03,3,Gokul Khali,85,81,1,3,354,202,152,133
18,07,27,895,,1,*Ruithanpur,1638,1637,0,1,6207,3094,3113,99
18,07,27,895,01,1,Ruithanpur,1212,1212,0,0,4675,2333,2342,100
18,07,27,895,02,1,Huda Para,426,425,0,1,1532,761,771,99
18,07,31,,,,Dauki Union Total,4917,4917,0,0,18731,9170,9561,96
18,07,31,041,,1,*Bakshipur,939,939,0,0,3441,1697,1744,97
18,07,31,248,,1,*Chhatra Para,783,783,0,0,2884,1405,1479,95
18,07,31,248,01,1,Chhatra Para,639,639,0,0,2381,1153,1228,94
18,07,31,248,02,1,Abhaynagar,144,144,0,0,503,252,251,100
18,07,31,298,,1,*Dauki,2359,2359,0,0,9164,4471,4693,95
18,07,31,298,01,1,Dakai,695,695,0,0,2634,1285,1349,95
18,07,31,298,02,1,Binodpur,412,412,0,0,1634,802,832,96
18,07,31,298,03,1,Hauspur,217,217,0,0,829,421,408,103
18,07,31,298,04,1,Badumaju,795,795,0,0,3101,1503,1598,94
18,07,31,298,05,1,Puamari,240,240,0,0,966,460,506,91
18,07,31,638,,1,*Madhabpur,443,443,0,0,1685,847,838,101
18,07,31,638,01,1,Madhabpur,293,293,0,0,1118,567,551,103
18,07,31,638,02,1,Bura Para,150,150,0,0,567,280,287,98
18,07,31,663,,1,*Maju,393,393,0,0,1557,750,807,93
18,07,39,,,,Gangni Union Total,5782,5775,5,2,24042,12280,11762,104
18,07,39,074,,1,*Bandarbhita,430,430,0,0,1818,905,913,99
18,07,39,257,,1,*Chhota Gangni,118,118,0,0,489,259,230,113
18,07,39,356,,1,*Fulbagadi,494,494,0,0,2097,1061,1036,102
18,07,39,364,,1,*Gangni,1357,1355,2,0,5682,2973,2709,110
18,07,39,364,01,1,Bara Gangni,1207,1205,2,0,5091,2674,2417,111
18,07,39,364,02,1,Kanainagar,150,150,0,0,591,299,292,102
18,07,39,671,,1,*Mochainagar,677,677,0,0,2726,1422,1304,109
18,07,39,704,,1,*Nandabari,1552,1547,3,2,6465,3271,3194,102
18,07,39,704,01,1,Nandabari,853,853,0,0,3602,1860,1742,107
18,07,39,704,02,1,Salika,583,581,2,0,2352,1143,1209,95
18,07,39,704,03,1,Asmankhali,116,113,1,2,511,268,243,110
18,07,39,737,,1,*Nimtala,297,297,0,0,1268,638,630,101
18,07,39,870,,1,*Ramnagar,297,297,0,0,1269,640,629,102
18,07,39,903,,1,*Sahebpur,422,422,0,0,1657,822,835,98
18,07,39,912,,1,*Salika,138,138,0,0,571,289,282,102
18,07,47,,,,Hardi Union Total,7340,7327,2,11,29542,14886,14656,102
18,07,47,,,1,Hardi Union,4290,4287,0,3,17097,8620,8477,102
18,07,47,,,3,Hardi Union,3050,3040,2,8,12445,6266,6179,101
18,07,47,223,,1,*Char Chandpur,112,111,0,1,459,244,215,113
18,07,47,290,,1,*Daspara,335,335,0,0,1356,682,674,101
18,07,47,290,01,1,Daspara,158,158,0,0,636,320,316,101
18,07,47,290,02,1,Baman Nagar,177,177,0,0,720,362,358,101
18,07,47,447,,3,*Hardi,2663,2654,1,8,10883,5504,5379,102
18,07,47,447,01,3,Hardi,1743,1738,1,4,7141,3634,3507,104
18,07,47,447,02,3,Kuatala,112,112,0,0,460,230,230,100
18,07,47,447,03,3,Mohammadpur,149,149,0,0,623,319,304,105
18,07,47,447,04,3,Baidyanathpur,420,420,0,0,1655,806,849,95
18,07,47,447,05,3,Char Jadabpur,239,235,0,4,1004,515,489,105
18,07,47,679,,1,*Murbhanga Gopaldiar,546,544,0,2,2121,1057,1064,99
18,07,47,679,01,1,Murbhanga Gopaldiar,307,305,0,2,1157,583,574,102
18,07,47,679,02,1,Gopaldiar,239,239,0,0,964,474,490,97
18,07,47,754,,1,*Osmanpur,1785,1785,0,0,7034,3557,3477,102
18,07,47,754,01,1,Osmanpur,1079,1079,0,0,4602,2317,2285,101
18,07,47,754,02,1,Pragpur,706,706,0,0,2432,1240,1192,104
18,07,47,812,,1,*Pragpur,120,120,0,0,436,208,228,91
18,07,47,936,,1,*Sekh Para,474,474,0,0,1951,1000,951,105
18,07,47,986,,3,*Udaypur,387,386,1,0,1562,762,800,95
18,07,47,994,,1,*Uttar Lakshmipur,918,918,0,0,3740,1872,1868,100
18,07,47,994,01,1,Uttar Lakshmipur,322,322,0,0,1276,639,637,100
18,07,47,994,02,1,Keshabpur,596,596,0,0,2464,1233,1231,100
18,07,51,,,,Kalidashpur Union Total,5914,5909,1,4,23305,11595,11710,99
18,07,51,057,,1,*Ahsannagar,781,781,0,0,3079,1541,1538,100
18,07,51,285,,1,*Dhkshin Sreerampur,1435,1435,0,0,5624,2812,2812,100
18,07,51,285,01,1,Dhkshin Sreerampur,635,635,0,0,2411,1193,1218,98
18,07,51,285,02,1,Char Sreerampur,367,367,0,0,1414,711,703,101
18,07,51,285,03,1,Dambal Pur,433,433,0,0,1799,908,891,102
18,07,51,440,,1,*Jagannath Pur,804,804,0,0,3173,1578,1595,99
18,07,51,497,,1,*Kalidas Pur,1173,1173,0,0,4559,2236,2323,96
18,07,51,497,01,1,Kalidas Pur,926,926,0,0,3627,1770,1857,95
18,07,51,497,02,1,Balaram Pur,247,247,0,0,932,466,466,100
18,07,51,799,,1,*Paikpara,833,830,1,2,3251,1632,1619,101
18,07,51,815,,1,*Parkula,888,886,0,2,3619,1796,1823,99
18,07,51,815,01,1,Parkula,658,658,0,0,2710,1345,1365,99
18,07,51,815,02,1,Munakasa,230,228,0,2,909,451,458,98
18,07,55,,,,Jamjami Union Total,4638,4636,1,1,18498,9185,9313,99
18,07,55,,,1,Jamjami Union,3206,3206,0,0,12734,6326,6408,99
18,07,55,,,3,Jamjami Union,1432,1430,1,1,5764,2859,2905,98
18,07,55,107,,1,*Beguarkhal,268,268,0,0,1002,482,520,93
18,07,55,232,,1,*Char Para,206,206,0,0,836,404,432,94
18,07,55,406,,1,*Ghosh Bhila,480,480,0,0,1868,938,930,101
18,07,55,489,,3,*Jamjami,1432,1430,1,1,5764,2859,2905,98
18,07,55,489,01,3,Jamjami,558,556,1,1,2319,1176,1143,103
18,07,55,489,02,3,Bhadua,594,594,0,0,2376,1170,1206,97
18,07,55,489,03,3,Sohagpur,104,104,0,0,408,192,216,89
18,07,55,489,04,3,Naoda Hamjami,176,176,0,0,661,321,340,94
18,07,55,646,,1,*Madhupur,562,562,0,0,2251,1102,1149,96
18,07,55,721,,1,*Narayanpur,351,351,0,0,1438,739,699,106
18,07,55,721,01,1,Narayanpur,185,185,0,0,747,383,364,105
18,07,55,721,02,1,Baninath,166,166,0,0,691,356,335,106
18,07,55,771,,1,*Panchlia,1042,1042,0,0,4152,2078,2074,100
18,07,55,771,01,1,Puratan Panchlia,478,478,0,0,1923,970,953,102
18,07,55,771,02,1,Maniknagar,85,85,0,0,332,170,162,105
18,07,55,771,03,1,Naoda Panchlia,240,240,0,0,955,483,472,102
18,07,55,771,04,1,Tekpara,83,83,0,0,304,145,159,91
18,07,55,771,05,1,Hatkhola,156,156,0,0,638,310,328,95
18,07,55,845,,1,*Raghunathpur,44,44,0,0,169,86,83,104
18,07,55,953,,1,*Sreenagar,253,253,0,0,1018,497,521,95
18,07,63,,,,Jehala Union Total,5352,5346,2,4,22286,11168,11118,100
18,07,63,,,1,Jehala Union,2884,2882,1,1,11831,5916,5915,100
18,07,63,,,3,Jehala Union,2468,2464,1,3,10455,5252,5203,101
18,07,63,124,,1,*Betberia,178,178,0,0,722,364,358,102
18,07,63,273,,3,*Dakshin Gobindapur,358,358,0,0,1475,753,722,104
18,07,63,273,01,3,Dakshin Gobindapur,239,239,0,0,919,464,455,102
18,07,63,273,02,3,Dhauniganj,119,119,0,0,556,289,267,108
18,07,63,373,,3,*Garcha Para,507,507,0,0,2240,1113,1127,99
18,07,63,381,,3,*Gargari,824,821,1,2,3453,1724,1729,100
18,07,63,381,01,3,Gargari,626,626,0,0,2592,1295,1297,100
18,07,63,381,02,3,Jehala Bazar,198,195,1,2,861,429,432,99
18,07,63,505,,3,*Jehala,581,580,0,1,2348,1195,1153,104
18,07,63,580,,1,*Khudiakhali,406,406,0,0,1756,870,886,98
18,07,63,588,,1,*Krishnapur,206,206,0,0,842,422,420,100
18,07,63,630,,1,*Madarhuda,567,567,0,0,2275,1111,1164,95
18,07,63,820,,1,*Puntimari,726,724,1,1,3010,1503,1507,100
18,07,63,820,01,1,Bara Puntimari,455,455,0,0,1806,895,911,98
18,07,63,820,02,1,Chhota Puntimari,271,269,1,1,1204,608,596,102
18,07,63,829,,1,*Purba Kamalapur,145,145,0,0,562,274,288,95
18,07,63,887,,1,*Ruakuli,656,656,0,0,2664,1372,1292,106
18,07,63,928,,3,*Sonatanpur,198,198,0,0,939,467,472,99
18,07,71,,,,Khadimpur Union Total,4578,4575,3,0,19855,10117,9738,104
18,07,71,099,,1,*Batia Para,819,819,0,0,3790,1911,1879,102
18,07,71,099,01,1,Batia Para,402,402,0,0,1844,939,905,104
18,07,71,099,02,1,Kantapur,95,95,0,0,429,211,218,97
18,07,71,099,03,1,Sialmari,322,322,0,0,1517,761,756,101
18,07,71,315,,1,*Dilsadpur,429,428,1,0,1663,869,794,109
18,07,71,431,,1,*Gopalnagar,100,100,0,0,353,171,182,94
18,07,71,514,,1,*Jogirhuda,140,140,0,0,585,283,302,94
18,07,71,547,,1,*Khadimpur,838,838,0,0,3627,1853,1774,104
18,07,71,621,,1,*Lakshmipur,216,216,0,0,910,462,448,103
18,07,71,655,,1,*Majhad,670,670,0,0,2849,1413,1436,98
18,07,71,655,01,1,Majhad,403,403,0,0,1708,864,844,102
18,07,71,655,02,1,Krishnapur,267,267,0,0,1141,549,592,93
18,07,71,787,,1,*Paschim Kamlapur,611,609,2,0,2726,1446,1280,113
18,07,71,854,,1,*Ramchandrapur,134,134,0,0,619,312,307,102
18,07,71,878,,1,*Rangpur,358,358,0,0,1600,827,773,107
18,07,71,945,,1,*Shibpur,263,263,0,0,1133,570,563,101
18,07,79,,,,Khaskara Union Total,5700,5695,1,4,22865,11329,11536,98
18,07,79,,,1,Khaskara Union,5476,5471,1,4,21963,10910,11053,99
18,07,79,,,3,Khaskara Union,224,224,0,0,902,419,483,87
18,07,79,207,,1,*Chak Talukkarara,21,21,0,0,81,36,45,80
18,07,79,281,,1,*Dakshin Lakshmipur,1151,1150,0,1,4615,2322,2293,101
18,07,79,281,01,1,Dakshin Lakshmipur,419,419,0,0,1752,878,874,100
18,07,79,281,02,1,Roy Lakshmipur,349,348,0,1,1400,704,696,101
18,07,79,281,03,1,Hakimpur,383,383,0,0,1463,740,723,102
18,07,79,522,,1,*Kait Para,396,396,0,0,1589,795,794,100
18,07,79,563,,1,*Khaskarara,1506,1504,0,2,5940,2922,3018,97
18,07,79,563,01,1,Khaskarara,894,892,0,2,3498,1693,1805,94
18,07,79,563,02,1,Roysa,612,612,0,0,2442,1229,1213,101
18,07,79,572,,1,*Khaskarara Chak,97,97,0,0,420,208,212,98
18,07,79,713,,1,*Naolamari,409,409,0,0,1687,843,844,100
18,07,79,746,,1,*Nischintapur,125,125,0,0,500,243,257,95
18,07,79,862,,3,*Ramdia,224,224,0,0,902,419,483,87
18,07,79,970,,1,*Taluk Karara,734,733,0,1,2937,1466,1471,100
18,07,79,970,01,1,Taluk Karara,221,221,0,0,885,433,452,96
18,07,79,970,02,1,Kabilnagar,513,512,0,1,2052,1033,1019,101
18,07,79,978,,1,*Tiarbila,1037,1036,1,0,4194,2075,2119,98
18,07,79,978,01,1,Tiarbila,546,545,1,0,2154,1056,1098,96
18,07,79,978,02,1,Bontiarbila,491,491,0,0,2040,1019,1021,100
18,07,87,,,,Kumari Union Total,4591,4589,0,2,18246,9189,9057,101
18,07,87,,,1,Kumari Union,2573,2572,0,1,10195,5182,5013,103
18,07,87,,,3,Kumari Union,2018,2017,0,1,8051,4007,4044,99
18,07,87,182,,1,*Chak Bandabil,216,216,0,0,920,449,471,95
18,07,87,182,01,1,Chak Bandabil,74,74,0,0,339,171,168,102
18,07,87,182,02,1,Islampur,142,142,0,0,581,278,303,92
18,07,87,306,,1,*Dighaldanga,116,116,0,0,434,233,201,116
18,07,87,306,01,1,Dighaldanga,93,93,0,0,348,185,163,113
18,07,87,306,02,1,Anandabas,23,23,0,0,86,48,38,126
18,07,87,323,,1,*Durlabhpur,624,623,0,1,2420,1226,1194,103
18,07,87,480,,1,*Jadabpur,483,483,0,0,1901,953,948,101
18,07,87,480,01,1,Jadabpur,365,365,0,0,1419,707,712,99
18,07,87,480,02,1,Gopi Ballabhpur,118,118,0,0,482,246,236,104
18,07,87,530,,3,*Kamalpur,277,277,0,0,1123,547,576,95
18,07,87,613,,3,*Kumari,1741,1740,0,1,6928,3460,3468,100
18,07,87,613,01,3,Uttar Kumari Para,384,383,0,1,1492,759,733,104
18,07,87,613,02,3,Dakshin Kumari Para,633,633,0,0,2565,1273,1292,99
18,07,87,613,03,3,Haregari,289,289,0,0,1155,583,572,102
18,07,87,613,04,3,Elahinagar,113,113,0,0,431,214,217,99
18,07,87,613,05,3,Kumari Char Para,120,120,0,0,470,236,234,101
18,07,87,613,06,3,Kumari Kamalpur,202,202,0,0,815,395,420,94
18,07,87,779,,1,*Par Durgapur,860,860,0,0,3468,1789,1679,107
18,07,87,779,01,1,Par Durgapur,509,509,0,0,2065,1091,974,112
18,07,87,779,02,1,Naoda Durgapur,323,323,0,0,1292,643,649,99
18,07,87,779,03,1,Karimpur,28,28,0,0,111,55,56,98
18,07,87,961,,1,*Shyampur,274,274,0,0,1052,532,520,102
18,07,94,,,,Nagdaha Union Total,8065,8060,1,4,32168,15974,16194,99
18,07,94,008,,1,*Ailhas,666,666,0,0,2683,1320,1363,97
18,07,94,008,01,1,Ailhas,479,479,0,0,1898,937,961,98
18,07,94,008,02,1,Siaserdiar,187,187,0,0,785,383,402,95
18,07,94,049,,1,*Baleshwarpur,436,436,0,0,1638,822,816,101
18,07,94,058,,1,*Baliarpur,575,574,0,1,2223,1124,1099,102
18,07,94,058,01,1,Baliarpur,443,442,0,1,1709,868,841,103
18,07,94,058,02,1,Damdama,88,88,0,0,333,164,169,97
18,07,94,058,03,1,Bangari,44,44,0,0,181,92,89,103
18,07,94,165,,1,*Bura Para,304,304,0,0,1215,613,602,102
18,07,94,165,01,1,Bura Para,162,162,0,0,655,329,326,101
18,07,94,165,02,1,Mokamtala,142,142,0,0,560,284,276,103
18,07,94,240,,1,*Chhaygharia,432,428,1,3,1722,894,828,108
18,07,94,240,01,1,Chhaygharia,85,83,0,2,344,181,163,111
18,07,94,240,02,1,Takpara,255,255,0,0,1007,515,492,105
18,07,94,240,03,1,Chhaygharia Bilpura,92,90,1,1,371,198,173,114
18,07,94,397,,1,*Gholdari,491,491,0,0,1883,956,927,103
18,07,94,397,01,1,Gholdari,214,214,0,0,823,424,399,106
18,07,94,397,02,1,Madhupur,91,91,0,0,359,177,182,97
18,07,94,397,03,1,Hossainpur,186,186,0,0,701,355,346,103
18,07,94,456,,1,*Harkandi,295,295,0,0,1186,584,602,97
18,07,94,497,,1,*Jahanpur,2463,2463,0,0,9913,4810,5103,94
18,07,94,497,01,1,Jahanpur,355,355,0,0,1427,697,730,95
18,07,94,497,02,1,Jorgachha,826,826,0,0,3260,1580,1680,94
18,07,94,497,03,1,Jaralnagar,318,318,0,0,1194,595,599,99
18,07,94,497,04,1,Chilabhalki,203,203,0,0,837,406,431,94
18,07,94,497,05,1,Bhedamari,230,230,0,0,887,414,473,88
18,07,94,497,06,1,Khajurtala,424,424,0,0,1853,896,957,94
18,07,94,497,07,1,Baragharia,107,107,0,0,455,222,233,95
18,07,94,555,,1,*Khas Bagunda,282,282,0,0,1143,552,591,93
18,07,94,696,,1,*Nagdaha,1045,1045,0,0,4266,2158,2108,102
18,07,94,696,01,1,Nagdaha,821,821,0,0,3269,1646,1623,101
18,07,94,696,02,1,Bholardari,224,224,0,0,997,512,485,106
18,07,94,762,,1,*Paik Para,708,708,0,0,2822,1410,1412,100
18,07,94,762,01,1,Paik Para,506,506,0,0,2052,1017,1035,98
18,07,94,762,02,1,Kuti Paik Para,202,202,0,0,770,393,377,104
18,07,94,795,,1,*Pol Bagunda,219,219,0,0,840,415,425,98
18,07,94,920,,1,*Santan,149,149,0,0,634,316,318,99
18,23,,,,,Chuadanga Sadar Upazila Total,77144,76902,34,208,313935,156782,157153,100
18,23,,,,1,Chuadanga Sadar Upazila,46217,46179,10,28,185070,92361,92709,100
18,23,,,,2,Chuadanga Sadar Upazila,20472,20311,19,142,85786,42940,42846,100
18,23,,,,3,Chuadanga Sadar Upazila,10455,10412,5,38,43079,21481,21598,99
18,23,,,,,Chuadanga Paurashava,20472,20311,19,142,85786,42940,42846,100
18,23,01,,,,Ward No-01 Total,2390,2371,8,11,10804,5737,5067,113
18,23,01,121,,2,*Bhimrulla,589,581,4,4,3084,1859,1225,152
18,23,01,145,,2,*Bujruk Gargari C & B Para,930,923,4,3,4103,2056,2047,100
18,23,01,388,,2,*Hatkaluganj,675,673,0,2,2759,1389,1370,101
18,23,01,582,,2,*Kedargonj Malopara,196,194,0,2,858,433,425,102
18,23,02,,,,Ward No-02 Total,2585,2574,2,9,10812,5333,5479,97
18,23,02,180,,2,*Baridhara,326,322,0,4,1331,628,703,89
18,23,02,200,,2,*Banani Para,234,234,0,0,939,475,464,102
18,23,02,210,,2,*Buddiman Para,190,189,0,1,739,367,372,99
18,23,02,600,,2,*Madrasa Para,215,215,0,0,995,561,434,129
18,23,02,703,,2,*Palashpara,239,238,0,1,970,484,486,100
18,23,02,750,,2,*Shantipara,542,538,2,2,2278,1025,1253,82
18,23,02,780,,2,*Sumurdia,393,393,0,0,1620,815,805,101
18,23,02,873,,2,*Sumurdia Colony,446,445,0,1,1940,978,962,102
18,23,03,,,,Ward No-03 Total,1920,1901,1,18,7963,3878,4085,95
18,23,03,249,,2,*Court Para,283,282,0,1,1142,549,593,93
18,23,03,558,,2,*Sadek Ali Mallik Para,746,738,0,8,3108,1532,1576,97
18,23,03,635,,2,*Mukti Para,418,413,0,5,1748,840,908,93
18,23,03,752,,2,*Post Office Para,277,274,0,3,1164,553,611,91
18,23,03,776,,2,*Puratan Haspatal Para,196,194,1,1,801,404,397,102
18,23,04,,,,Ward No-04 Total,1605,1598,0,7,6771,3374,3397,99
18,23,04,072,,2,*Bazar Para,354,350,0,4,1532,819,713,115
18,23,04,310,,2,*Joardar Para,475,474,0,1,2025,992,1033,96
18,23,04,650,,2,*Mallik Para,444,443,0,1,1887,921,966,95
18,23,04,897,,2,*Sekh Para,332,331,0,1,1327,642,685,94
18,23,05,,,,Ward No-05 Total,2197,2192,2,3,8948,4415,4533,97
18,23,05,048,,2,*Bagan Para,535,531,1,3,2194,1092,1102,99
18,23,05,436,,2,*Islam Para,779,779,0,0,3242,1607,1635,98
18,23,05,800,,2,*Rail Para,675,674,1,0,2650,1284,1366,94
18,23,05,922,,2,*Taltala (Part) (Pashurhat),208,208,0,0,862,432,430,100
18,23,06,,,,Ward No-06 Total,2571,2570,0,1,10682,5407,5275,103
18,23,06,364,,2,*Hazrahati,1623,1622,0,1,6933,3532,3401,104
18,23,06,922,,2,*Taltala (Part),948,948,0,0,3749,1875,1874,100
18,23,07,,,,Ward No-07 Total,2618,2615,0,3,10877,5328,5549,96
18,23,07,194,,2,*Bus Stand Para,447,446,0,1,1835,848,987,86
18,23,07,266,,2,*Degree,390,389,0,1,1673,839,834,101
18,23,07,509,,2,*Kulchara,412,412,0,0,1848,906,942,96
18,23,07,679,,2,*Noornagar,336,336,0,0,1408,686,722,95
18,23,07,849,,2,*Satgari,1033,1032,0,1,4113,2049,2064,99
18,23,08,,,,Ward No-08 Total,2294,2286,4,4,9605,4785,4820,99
18,23,08,097,,2,*Belgachhi,768,767,1,0,3268,1658,1610,103
18,23,08,145,,2,*Bujruk Gargari Muslim Para,331,329,1,1,1367,673,694,97
18,23,08,315,,2,*Farm Para,739,734,2,3,3003,1470,1533,96
18,23,08,665,,2,*Noor Nagar Colony Para,456,456,0,0,1967,984,983,100
18,23,09,,,,Ward No-09 Total,2292,2204,2,86,9324,4683,4641,101
18,23,09,024,,2,*Aram Para,340,330,1,9,1520,755,765,99
18,23,09,218,,2,*Cinema Hall Para,436,421,0,15,1768,846,922,92
18,23,09,242,,2,*College Para,243,221,0,22,1027,554,473,117
18,23,09,291,,2,*Eidgahpara,81,75,0,6,322,164,158,104
18,23,09,410,,2,*Gorastan Para,319,317,0,2,1147,577,570,101
18,23,09,413,,2,*Gulshanpar,407,397,0,10,1724,907,817,111
18,23,09,946,,2,*Thana Council Para,466,443,1,22,1816,880,936,94
18,23,11,,,,Alokdia Union Total,6910,6871,2,37,28840,14364,14476,99
18,23,11,,,1,Alokdia Union,642,641,0,1,2544,1263,1281,99
18,23,11,,,3,Alokdia Union,6268,6230,2,36,26296,13101,13195,99
18,23,11,040,,3,*Alokdia,2910,2885,2,23,11930,5893,6037,98
18,23,11,040,01,3,Alokdia,878,869,0,9,3556,1754,1802,97
18,23,11,040,02,3,Hosuk Para,266,263,0,3,1088,550,538,102
18,23,11,040,03,3,Joraghata,234,232,0,2,973,494,479,103
18,23,11,040,04,3,Hatekata,643,633,2,8,2662,1266,1396,91
18,23,11,040,05,3,Akandabaria,889,888,0,1,3651,1829,1822,100
18,23,11,743,,3,*Manirampur,3358,3345,0,13,14366,7208,7158,101
18,23,11,743,01,3,Manirampur,408,408,0,0,1719,868,851,102
18,23,11,743,02,3,Rajapur,429,429,0,0,1790,906,884,102
18,23,11,743,03,3,Pitambarpur,418,418,0,0,1870,943,927,102
18,23,11,743,04,3,Daulatdiar,2103,2090,0,13,8987,4491,4496,100
18,23,11,793,,1,*Pirpur,642,641,0,1,2544,1263,1281,99
18,23,23,,,,Begampur Union Total,10273,10264,4,5,41758,20669,21089,98
18,23,23,010,,1,*Akandabaria,1202,1202,0,0,4895,2474,2421,102
18,23,23,130,,1,*Begampur,1241,1240,1,0,5082,2481,2601,95
18,23,23,190,,1,*Boalia,558,558,0,0,2262,1128,1134,99
18,23,23,301,,1,*Darshana,231,231,0,0,965,467,498,94
18,23,23,351,,1,*Dihi,366,365,0,1,1460,719,741,97
18,23,23,371,,1,*Dosta,647,647,0,0,2710,1356,1354,100
18,23,23,391,,1,*Fursetpur,737,737,0,0,2869,1404,1465,96
18,23,23,391,01,1,Fursetpur,324,324,0,0,1312,649,663,98
18,23,23,391,02,1,Harishpur,413,413,0,0,1557,755,802,94
18,23,23,532,,1,*Hijalgari,476,471,1,4,1919,960,959,100
18,23,23,552,,1,*Jadupur,569,569,0,0,2410,1175,1235,95
18,23,23,582,,1,*Jhajri,521,521,0,0,1994,987,1007,98
18,23,23,653,,1,*Kotali,366,366,0,0,1532,764,768,99
18,23,23,653,01,1,Kotali,277,277,0,0,1194,600,594,101
18,23,23,653,02,1,Nalbila,89,89,0,0,338,164,174,94
18,23,23,663,,1,*Krishnapur,713,713,0,0,2878,1402,1476,95
18,23,23,693,,1,*Kundipur,391,390,1,0,1682,828,854,97
18,23,23,763,,1,*Nehalpur,728,727,1,0,2794,1379,1415,97
18,23,23,804,,1,*Rangiar Pota,477,477,0,0,1905,950,955,99
18,23,23,814,,1,*Ranguhail,141,141,0,0,586,297,289,103
18,23,23,844,,1,*Sailmari,301,301,0,0,1165,595,570,104
18,23,23,984,,1,*Ujalpur,608,608,0,0,2650,1303,1347,97
18,23,47,,,,Kutubpur Union Total,8406,8396,3,7,33231,16604,16627,100
18,23,47,,,1,Kutubpur Union,7906,7896,3,7,31279,15619,15660,100
18,23,47,,,3,Kutubpur Union,500,500,0,0,1952,985,967,102
18,23,47,030,,1,*Aliarpur,467,464,0,3,2377,1251,1126,111
18,23,47,030,01,1,Aliarpur,254,251,0,3,1406,779,627,124
18,23,47,030,02,1,Jibna,213,213,0,0,971,472,499,95
18,23,47,180,,1,*Bhultia,702,702,0,0,2734,1344,1390,97
18,23,47,201,,1,*Boalia,2244,2238,2,4,8774,4314,4460,97
18,23,47,201,01,1,Boalia,1116,1113,2,1,4494,2227,2267,98
18,23,47,201,02,1,Jalibila,319,319,0,0,1142,558,584,96
18,23,47,201,03,1,Jadabpur,259,256,0,3,1021,509,512,99
18,23,47,201,04,1,Nabinagar,550,550,0,0,2117,1020,1097,93
18,23,47,311,,1,*Dasami,619,619,0,0,2570,1270,1300,98
18,23,47,321,,1,*Dattail,441,441,0,0,1660,823,837,98
18,23,47,321,01,1,Dattail,238,238,0,0,930,460,470,98
18,23,47,321,02,1,Ashanandapur,203,203,0,0,730,363,367,99
18,23,47,502,,1,*Hasanhati,421,421,0,0,1745,856,889,96
18,23,47,703,,1,*Kutubpur,942,942,0,0,3664,1860,1804,103
18,23,47,713,,1,*Mohammad Jama,836,836,0,0,2890,1470,1420,104
18,23,47,824,,1,*Sahapur,322,322,0,0,1365,671,694,97
18,23,47,834,,1,*Sahebnagar,257,257,0,0,976,473,503,94
18,23,47,854,,1,*Shambhunagar,387,386,1,0,1463,733,730,100
18,23,47,894,,3,*Sinduria,768,768,0,0,3013,1539,1474,104
18,23,47,894,01,1,Sinduria,268,268,0,0,1061,554,507,109
18,23,47,894,02,3,Martujapur,397,397,0,0,1594,802,792,101
18,23,47,894,03,3,Shibpur,103,103,0,0,358,183,175,105
18,23,59,,,,Mominpur Union Total,3859,3857,0,2,15651,7787,7864,99
18,23,59,,,1,Mominpur Union,2349,2347,0,2,9635,4804,4831,99
18,23,59,,,3,Mominpur Union,1510,1510,0,0,6016,2983,3033,98
18,23,59,211,,3,*Boalmari,764,764,0,0,3204,1594,1610,99
18,23,59,251,,1,*Chandpur,743,743,0,0,3168,1538,1630,94
18,23,59,251,01,1,Chandpur,143,143,0,0,569,283,286,99
18,23,59,251,02,1,Tangramari,131,131,0,0,526,265,261,102
18,23,59,251,03,1,Shailgari,233,233,0,0,1108,515,593,87
18,23,59,251,04,1,Khejurtala,236,236,0,0,965,475,490,97
18,23,59,613,,1,*Kathuli,797,797,0,0,3131,1588,1543,103
18,23,59,613,01,1,Kobikhali,240,240,0,0,941,481,460,105
18,23,59,613,02,1,Maserdari,180,180,0,0,738,372,366,102
18,23,59,613,03,1,Kathuli,377,377,0,0,1452,735,717,103
18,23,59,884,,1,*Sarishadanga,809,807,0,2,3336,1678,1658,101
18,23,59,904,,3,*Sirajkandi,746,746,0,0,2812,1389,1423,98
18,23,59,904,01,3,Maminpur,252,252,0,0,971,493,478,103
18,23,59,904,02,3,Nilmaniganj,112,112,0,0,437,225,212,106
18,23,59,904,03,3,Amirpur,382,382,0,0,1404,671,733,92
18,23,62,,,,Padmabila Union Total,5009,5003,0,6,20214,10173,10041,101
18,23,62,020,,1,*Aliarnagar Baliakandi,833,833,0,0,3399,1708,1691,101
18,23,62,020,01,1,Aliarnagar Baliakandi,556,556,0,0,2311,1157,1154,100
18,23,62,020,02,1,Nimtali,277,277,0,0,1088,551,537,103
18,23,62,221,,1,*Bura Para,239,239,0,0,972,493,479,103
18,23,62,241,,1,*Chandipur,214,214,0,0,933,482,451,107
18,23,62,331,,1,*Dhuturhat,484,484,0,0,2093,1068,1025,104
18,23,62,331,01,1,Dhuturhat,327,327,0,0,1442,719,723,99
18,23,62,331,02,1,Jheelkhali,157,157,0,0,651,349,302,116
18,23,62,452,,1,*Gopalnagar,150,150,0,0,631,325,306,106
18,23,62,462,,1,*Gopinathpur,185,185,0,0,721,360,361,100
18,23,62,482,,1,*Haidarpur,527,526,0,1,2096,1055,1041,101
18,23,62,542,,1,*Hogaldanga,839,837,0,2,3270,1639,1631,100
18,23,62,542,01,1,Hogladanga,184,182,0,2,704,358,346,103
18,23,62,542,02,1,Perojkhali,458,458,0,0,1806,874,932,94
18,23,62,542,03,1,Kushadanga,197,197,0,0,760,407,353,115
18,23,62,633,,1,*Khejura,400,400,0,0,1597,807,790,102
18,23,62,753,,1,*Nafarkandi,150,150,0,0,601,292,309,94
18,23,62,924,,1,*Subdia,988,985,0,3,3901,1944,1957,99
18,23,62,924,01,1,Subdia,792,789,0,3,3138,1579,1559,101
18,23,62,924,02,1,Baghnagar,196,196,0,0,763,365,398,92
18,23,71,,,,Shankar Chandra Union Total,11771,11765,3,3,47315,23760,23555,101
18,23,71,,,1,Shankar Chandra Union,10500,10498,1,1,42123,21159,20964,101
18,23,71,,,3,Shankar Chandra Union,1271,1267,2,2,5192,2601,2591,100
18,23,71,060,,1,*Bahalgachhi,473,473,0,0,1923,951,972,98
18,23,71,060,01,1,Bahalgachhi,152,152,0,0,608,299,309,97
18,23,71,060,02,1,Kirongachi,174,174,0,0,746,365,381,96
18,23,71,060,03,1,Jadabpur,147,147,0,0,569,287,282,102
18,23,71,110,,1,*Basu Bhandar Daha,371,371,0,0,1471,739,732,101
18,23,71,160,,1,*Bhandar Daha,853,853,0,0,3408,1706,1702,100
18,23,71,160,01,1,Bhandar Daha,345,345,0,0,1366,697,669,104
18,23,71,160,02,1,Natun Bhandar Daha,508,508,0,0,2042,1009,1033,98
18,23,71,271,,1,*Chhaygharia,698,698,0,0,2765,1383,1382,100
18,23,71,272,,1,*Gaithghat,924,924,0,0,3599,1783,1816,98
18,23,71,361,,1,*Dinanathpur,663,662,1,0,2734,1423,1311,109
18,23,71,381,,1,*Fulbari,537,537,0,0,2009,997,1012,99
18,23,71,412,,1,*Garabaria,849,849,0,0,3442,1714,1728,99
18,23,71,492,,1,*Hanur Baradi,736,736,0,0,2962,1456,1506,97
18,23,71,562,,1,*Jafarpur,648,647,0,1,2806,1491,1315,113
18,23,71,572,,1,*Jalsukha,534,534,0,0,2034,1038,996,104
18,23,71,592,,3,*Jogirhuda,611,610,0,1,2491,1238,1253,99
18,23,71,592,01,3,Jogirhuda,520,520,0,0,2101,1042,1059,98
18,23,71,592,02,3,Mill Para,91,90,0,1,390,196,194,101
18,23,71,673,,1,*Kukhia Chandpur,342,342,0,0,1496,732,764,96
18,23,71,723,,1,*Makhaldanga,552,552,0,0,2212,1126,1086,104
18,23,71,733,,3,*Manikdihi,660,657,2,1,2701,1363,1338,102
18,23,71,864,,1,*Shankar Chandra,1094,1094,0,0,4366,2173,2193,99
18,23,71,914,,1,*Sreekul,471,471,0,0,1826,915,911,100
18,23,71,964,,1,*Thakurpur,132,132,0,0,523,256,267,96
18,23,71,994,,1,*Ukta,623,623,0,0,2547,1276,1271,100
18,23,83,,,,Titudaha Union Total,10444,10435,3,6,41140,20485,20655,99
18,23,83,,,1,Titudaha Union,9538,9530,2,6,37517,18674,18843,99
18,23,83,,,3,Titudaha Union,906,905,1,0,3623,1811,1812,100
18,23,83,050,,1,*Aria,383,383,0,0,1598,791,807,98
18,23,83,070,,1,*Baldia,399,398,1,0,1564,806,758,106
18,23,83,080,,1,*Bara Aria,99,99,0,0,357,184,173,106
18,23,83,090,,1,*Bara Aria Chak,98,98,0,0,392,183,209,88
18,23,83,100,,1,*Bara Salua,1152,1152,0,0,4368,2182,2186,100
18,23,83,120,,1,*Batkedanga,378,378,0,0,1446,709,737,96
18,23,83,261,,1,*Chandpur,299,299,0,0,1230,615,615,100
18,23,83,281,,1,*Chhota Salua,1293,1293,0,0,5051,2519,2532,99
18,23,83,281,01,1,Chhota Salua,839,839,0,0,3226,1599,1627,98
18,23,83,281,02,1,Baldia Para,454,454,0,0,1825,920,905,102
18,23,83,402,,1,*Gaherpur,561,561,0,0,2161,1103,1058,104
18,23,83,402,01,1,Gaherpur,461,461,0,0,1849,944,905,104
18,23,83,402,02,1,Bittir Dair,100,100,0,0,312,159,153,104
18,23,83,422,,1,*Garuitupi,494,492,0,2,1926,967,959,101
18,23,83,432,,1,*Girisnagar,279,279,0,0,917,454,463,98
18,23,83,442,,1,*Gobargara,545,545,0,0,2252,1091,1161,94
18,23,83,472,,1,*Goshtha Bihar,308,308,0,0,1107,553,554,100
18,23,83,603,,1,*Kalupol,521,521,0,0,1999,945,1054,90
18,23,83,623,,1,*Kharagoda,530,529,0,1,2033,1014,1019,100
18,23,83,623,01,1,Kharagoda,419,418,0,1,1602,799,803,100
18,23,83,623,02,1,Jamalpur,111,111,0,0,431,215,216,100
18,23,83,643,,1,*Khejurtala,212,212,0,0,818,414,404,102
18,23,83,783,,1,*Nurullapur,222,222,0,0,898,450,448,100
18,23,83,874,,1,*Sarabaria,928,925,0,3,3941,1922,2019,95
18,23,83,874,01,1,Sarabaria,634,631,0,3,2654,1304,1350,97
18,23,83,874,02,1,Khas Para,294,294,0,0,1287,618,669,92
18,23,83,934,,1,*Sujatpur,216,216,0,0,855,439,416,106
18,23,83,949,,1,*Tegharia Kalagachhi,621,620,1,0,2604,1333,1271,105
18,23,83,949,01,1,Tegharia,521,520,1,0,2198,1122,1076,104
18,23,83,949,02,1,Kalagachhi,100,100,0,0,406,211,195,108
18,23,83,974,,3,*Titudaha,906,905,1,0,3623,1811,1812,100
18,23,83,974,01,3,Titudaha,486,485,1,0,2014,1005,1009,100
18,23,83,974,02,3,Houliamari,420,420,0,0,1609,806,803,100
18,31,,,,,Damurhuda Upazila Total,69836,69737,36,63,289577,145266,144311,101
18,31,,,,1,Damurhuda Upazila,55223,55182,27,14,228809,114887,113922,101
18,31,,,,2,Damurhuda Upazila,7968,7944,9,15,33396,16682,16714,100
18,31,,,,3,Damurhuda Upazila,6645,6611,0,34,27372,13697,13675,100
18,31,,,,,Damurhuda  Paurashava,7968,7944,9,15,33396,16682,16714,100
18,31,01,,,,Ward No-01 Total,875,875,0,0,3636,1826,1810,101
18,31,01,267,,2,*Dakshin Chandpur (Part),875,875,0,0,3636,1826,1810,101
18,31,02,,,,Ward No-02 Total,996,988,1,7,4206,2107,2099,100
18,31,02,025,,2,*Azampur Natun Para Md.Pur,281,281,0,0,1147,561,586,96
18,31,02,267,,2,*Dakshin Chandpur (Part),470,470,0,0,1961,994,967,103
18,31,02,565,,2,*Mill Para (Part),245,237,1,7,1098,552,546,101
18,31,03,,,,Ward No-03 Total,849,845,0,4,3628,1800,1828,98
18,31,03,025,,2,*Azimpur,583,583,0,0,2495,1201,1294,93
18,31,03,565,,2,*Mill Para (Part),166,166,0,0,652,340,312,109
18,31,03,785,,2,*Rail Bazar,100,96,0,4,481,259,222,117
18,31,04,,,,Ward No-04 Total,826,824,2,0,3594,1718,1876,92
18,31,04,017,,2,*Anowarpur,414,412,2,0,1742,811,931,87
18,31,04,545,,2,*Mobarak Para (Part),145,145,0,0,691,342,349,98
18,31,04,660,,2,*Rail Colony,140,140,0,0,583,281,302,93
18,31,04,740,,2,*Shanti Para,127,127,0,0,578,284,294,97
18,31,05,,,,Ward No-05 Total,882,880,2,0,3708,1861,1847,101
18,31,05,225,,2,*College Para (Part),115,113,2,0,583,314,269,117
18,31,05,250,,2,*Customs Colony,14,14,0,0,35,19,16,119
18,31,05,485,,2,*Mobarak Para (Part),194,194,0,0,802,394,408,97
18,31,05,739,,2,*Paranpur,447,447,0,0,1845,910,935,97
18,31,05,780,,2,*Refujee Colony,112,112,0,0,443,224,219,102
18,31,06,,,,Ward No-06 Total,900,897,1,2,3711,1884,1827,103
18,31,06,225,,2,*College Para (Part),120,119,0,1,462,229,233,98
18,31,06,440,,2,*Kalidaspur/Karimpur,300,298,1,1,1254,638,616,104
18,31,06,680,,2,*Ramnagar,480,480,0,0,1995,1017,978,104
18,31,07,,,,Ward No-07 Total,702,697,3,2,3063,1523,1540,99
18,31,07,420,,2,*Islam Bazar,337,335,2,0,1490,750,740,101
18,31,07,625,,2,*Puratan Darshana Bazar,248,245,1,2,1054,532,522,102
18,31,07,985,,2,*Thana Para,117,117,0,0,519,241,278,87
18,31,08,,,,Ward No-08 Total,1048,1048,0,0,4288,2171,2117,103
18,31,08,561,,2,*Joynagar,374,374,0,0,1616,802,814,99
18,31,08,700,,2,*Shampur,674,674,0,0,2672,1369,1303,105
18,31,09,,,,Ward No-09 Total,890,890,0,0,3562,1792,1770,101
18,31,09,325,,2,*Ishwar Chandrapur,890,890,0,0,3562,1792,1770,101
18,31,11,,,,Damurhuda Union Total,9963,9927,2,34,41442,20928,20514,102
18,31,11,,,1,Damurhuda Union,6515,6513,2,0,27111,13719,13392,102
18,31,11,,,3,Damurhuda Union,3448,3414,0,34,14331,7209,7122,101
18,31,11,012,,1,*Badanpur,678,678,0,0,2772,1358,1414,96
18,31,11,012,01,1,Napitkhali,418,418,0,0,1688,820,868,94
18,31,11,012,02,1,Badanpur,260,260,0,0,1084,538,546,99
18,31,11,229,,3,*Chitla,799,799,0,0,3355,1651,1704,97
18,31,11,306,,3,*Damurhuda,1311,1310,0,1,5255,2633,2622,100
18,31,11,306,01,3,Damurhuda,1020,1019,0,1,4129,2059,2070,99
18,31,11,306,02,3,Keshabpur,291,291,0,0,1126,574,552,104
18,31,11,318,,3,*Dashami,1338,1305,0,33,5721,2925,2796,105
18,31,11,331,,1,*Dewli,645,645,0,0,2667,1378,1289,107
18,31,11,331,01,1,Dewli,494,494,0,0,2037,1057,980,108
18,31,11,331,02,1,Par Damurhuda,151,151,0,0,630,321,309,104
18,31,11,408,,1,*Gobindahuda,672,672,0,0,2651,1340,1311,102
18,31,11,471,,1,*Hatibhanga,692,692,0,0,2793,1394,1399,100
18,31,11,714,,1,*Koshaghata,216,216,0,0,931,449,482,93
18,31,11,765,,1,*Mukhterpur,731,731,0,0,3344,1670,1674,100
18,31,11,816,,1,*Patachora,404,404,0,0,1562,784,778,101
18,31,11,841,,1,*Pura Para,262,262,0,0,1063,551,512,108
18,31,11,969,,1,*Ujirpur,1582,1580,2,0,6500,3368,3132,108
18,31,11,969,01,1,Ujirpur,1169,1167,2,0,4815,2518,2297,110
18,31,11,969,02,1,Fakir Para,413,413,0,0,1685,850,835,102
18,31,11,982,,1,*Uttar Chandpur,633,633,0,0,2828,1427,1401,102
18,31,23,,,,Perkrishnapur Madna Union Total,6069,6066,1,2,25054,12510,12544,100
18,31,23,038,,1,*Baradi,297,297,0,0,1258,618,640,97
18,31,23,051,,1,*Bora Boldia,877,876,1,0,3424,1668,1756,95
18,31,23,165,,1,*Chhaygharia,731,731,0,0,3136,1570,1566,100
18,31,23,165,01,1,Chhaygharia,455,455,0,0,1982,1002,980,102
18,31,23,165,02,1,Jhajhadanga,276,276,0,0,1154,568,586,97
18,31,23,242,,1,*Chhota Baldia,270,270,0,0,1075,525,550,95
18,31,23,612,,1,*Kamar Para,646,646,0,0,2874,1421,1453,98
18,31,23,612,01,1,Kamar Para,280,280,0,0,1257,610,647,94
18,31,23,612,02,1,Nastipur,366,366,0,0,1617,811,806,101
18,31,23,688,,1,*Perkrishnapur,533,532,0,1,2266,1134,1132,100
18,31,23,772,,1,*Madna,1481,1480,0,1,6115,3080,3035,101
18,31,23,905,,1,*Sarabaria,407,407,0,0,1593,844,749,113
18,31,23,931,,1,*Sultanpur,462,462,0,0,1916,954,962,99
18,31,23,994,,1,*Zirat,365,365,0,0,1397,696,701,99
18,31,35,,,,Howli Union Total,9799,9799,0,0,40012,20005,20007,100
18,31,35,,,1,Howli Union,6602,6602,0,0,26971,13517,13454,100
18,31,35,,,3,Howli Union,3197,3197,0,0,13041,6488,6553,99
18,31,35,063,,1,*Bustapur,1252,1252,0,0,5073,2559,2514,102
18,31,35,063,01,1,Puratan Bastupur,723,723,0,0,2867,1442,1425,101
18,31,35,063,02,1,Natun Bastupur,529,529,0,0,2206,1117,1089,103
18,31,35,344,,3,*Dudpatila (Part),958,958,0,0,4008,1991,2017,99
18,31,35,344,01,3,Bara Dudpatila,594,594,0,0,2469,1225,1244,98
18,31,35,344,02,3,Chhota Dudpatila,364,364,0,0,1539,766,773,99
18,31,35,510,,1,*Howli,628,628,0,0,2565,1305,1260,104
18,31,35,510,01,1,Puratan Howli,379,379,0,0,1464,745,719,104
18,31,35,510,02,1,Natun Howli,249,249,0,0,1101,560,541,104
18,31,35,574,,1,*Joyrampur,4339,4339,0,0,17769,8856,8913,99
18,31,35,574,01,1,Joyrampur,3665,3665,0,0,14947,7460,7487,100
18,31,35,574,02,1,Dugdugi,396,396,0,0,1692,824,868,95
18,31,35,574,03,1,Tarinpur,278,278,0,0,1130,572,558,103
18,31,35,739,,3,*Loknathpur (Part),2239,2239,0,0,9033,4497,4536,99
18,31,35,739,01,3,Loknathpur,1000,1000,0,0,4227,2084,2143,97
18,31,35,739,02,3,Kadipur,538,538,0,0,2159,1067,1092,98
18,31,35,739,03,3,Gobindapur,415,415,0,0,1459,745,714,104
18,31,35,739,04,3,Rudranagar,286,286,0,0,1188,601,587,102
18,31,35,854,,1,*Raghunathpur,383,383,0,0,1564,797,767,104
18,31,47,,,,Juranpur Union Total,9079,9076,1,2,36675,18451,18224,101
18,31,47,114,,1,*Bishnupur,1973,1973,0,0,8022,4051,3971,102
18,31,47,293,,1,*Daliarpur,688,687,1,0,2639,1354,1285,105
18,31,47,420,,1,*Gopalpur,836,836,0,0,3607,1783,1824,98
18,31,47,433,,1,*Gayeshpur,270,270,0,0,939,452,487,93
18,31,47,535,,1,*Ibrahimpur,979,979,0,0,3678,1835,1843,100
18,31,47,586,,1,*Juranpur,1124,1122,0,2,4642,2366,2276,104
18,31,47,586,01,1,Juranpur,923,921,0,2,3792,1930,1862,104
18,31,47,586,02,1,Majarpota,201,201,0,0,850,436,414,105
18,31,47,599,,1,*Kalabari,831,831,0,0,3412,1686,1726,98
18,31,47,676,,1,*Krishnadebpur,424,424,0,0,2180,1129,1051,107
18,31,47,727,,1,*Lakshmipur,1113,1113,0,0,4080,2051,2029,101
18,31,47,867,,1,*Ramnagar,841,841,0,0,3476,1744,1732,101
18,31,47,867,01,1,Ramnagar,671,671,0,0,2675,1356,1319,103
18,31,47,867,02,1,Gopinathpur,170,170,0,0,801,388,413,94
18,31,59,,,,Kapasadanga Union Total,10791,10783,6,2,46298,23219,23079,101
18,31,59,025,,1,*Baghadanga,540,540,0,0,2342,1173,1169,100
18,31,59,025,01,1,Baghadanga,445,445,0,0,1931,968,963,101
18,31,59,025,02,1,Kanchantala,95,95,0,0,411,205,206,100
18,31,59,140,,1,*Boyra,131,131,0,0,594,290,304,95
18,31,59,459,,1,*Harirampur,354,354,0,0,1439,727,712,102
18,31,59,523,,1,*Huda Para,635,635,0,0,2584,1272,1312,97
18,31,59,523,01,1,Huda Para,559,559,0,0,2270,1112,1158,96
18,31,59,523,02,1,Jahajpota,76,76,0,0,314,160,154,104
18,31,59,625,,1,*Kanaidanga,988,988,0,0,4534,2263,2271,100
18,31,59,625,01,1,Kanaidanga,860,860,0,0,3983,1985,1998,99
18,31,59,625,02,1,Boyra,128,128,0,0,551,278,273,102
18,31,59,637,,1,*Karpasdanga,2401,2395,5,1,10311,5207,5104,102
18,31,59,637,01,1,Karpasdanga,1420,1415,5,0,6279,3158,3121,101
18,31,59,637,02,1,Aramdanga,599,599,0,0,2537,1298,1239,105
18,31,59,637,03,1,Mishan Para,301,300,0,1,1167,592,575,103
18,31,59,637,04,1,Osmanpur,81,81,0,0,328,159,169,94
18,31,59,663,,1,*Kumarpur,684,684,0,0,2840,1442,1398,103
18,31,59,694,,1,*Kuralgachhi,861,861,0,0,3612,1775,1837,97
18,31,59,694,01,1,Subalpur,804,804,0,0,3384,1662,1722,97
18,31,59,694,02,1,Kanchantala,57,57,0,0,228,113,115,98
18,31,59,778,,1,*Munshipur,2149,2147,1,1,8993,4493,4500,100
18,31,59,778,01,1,Munshipur,630,630,0,0,2586,1280,1306,98
18,31,59,778,02,1,Jahajpota,178,178,0,0,782,406,376,108
18,31,59,778,03,1,Kutubpur,1341,1339,1,1,5625,2807,2818,100
18,31,59,829,,1,*Pirpur Kulla,1582,1582,0,0,7022,3563,3459,103
18,31,59,918,,1,*Shibnagar,466,466,0,0,2027,1014,1013,100
18,31,71,,,,Kuralgachhi Union Total,7335,7325,9,1,29643,14910,14733,101
18,31,71,153,,1,*Buichitala,616,615,1,0,2457,1282,1175,109
18,31,71,178,,1,*Chakulia,233,233,0,0,953,488,465,105
18,31,71,191,,1,*Chandipur,1146,1146,0,0,4547,2283,2264,101
18,31,71,369,,1,*Durgapur,299,299,0,0,1285,652,633,103
18,31,71,382,,1,*Fulbari,439,437,1,1,1853,954,899,106
18,31,71,650,,1,*Khurda Pratappur,444,444,0,0,1840,923,917,101
18,31,71,701,,1,*Kuralgachhi,2684,2679,5,0,10539,5226,5313,98
18,31,71,701,01,1,Kuralgachhi,1590,1586,4,0,6413,3186,3227,99
18,31,71,701,02,1,Dhanagahara,635,634,1,0,2290,1113,1177,95
18,31,71,701,03,1,Harish Chandrapur,372,372,0,0,1497,756,741,102
18,31,71,701,04,1,Amdanga,87,87,0,0,339,171,168,102
18,31,71,892,,1,*Sadabari,549,549,0,0,2378,1190,1188,100
18,31,71,956,,1,*Thakurpur,925,923,2,0,3791,1912,1879,102
18,31,71,956,01,1,Thakurpur,834,832,2,0,3521,1780,1741,102
18,31,71,956,02,1,Osmanpur,91,91,0,0,270,132,138,96
18,31,83,,,,Natipota Union Total,8832,8817,8,7,37057,18561,18496,100
18,31,83,076,,1,*Berbari,317,316,0,1,1325,632,693,91
18,31,83,127,,1,*Boalmari,440,440,0,0,1815,920,895,103
18,31,83,204,,1,*Chandrabas,1140,1140,0,0,5321,2685,2636,102
18,31,83,216,,1,*Charulia,1397,1396,1,0,6337,3132,3205,98
18,31,83,216,01,1,Charulia,730,729,1,0,3270,1610,1660,97
18,31,83,216,02,1,Chhatantala,360,360,0,0,1645,810,835,97
18,31,83,216,03,1,Kunia,307,307,0,0,1422,712,710,100
18,31,83,357,,1,*Dulalnagar,208,208,0,0,714,365,349,105
18,31,83,484,,1,*Hemayetpur,287,287,0,0,1250,657,593,111
18,31,83,497,,1,*Hogaldanga,1180,1180,0,0,4775,2335,2440,96
18,31,83,548,,1,*Jagannathpur,957,953,3,1,4223,2200,2023,109
18,31,83,790,,1,*Natipota,1986,1978,3,5,7747,3874,3873,100
18,31,83,790,01,1,Natipota,614,613,1,0,2376,1191,1185,101
18,31,83,790,02,1,Bhagirathpur,563,562,1,0,2119,1055,1064,99
18,31,83,790,03,1,Chhutipur,528,522,1,5,2153,1069,1084,99
18,31,83,790,04,1,Potar Para,281,281,0,0,1099,559,540,104
18,31,83,803,,1,*Natudaha,59,59,0,0,270,139,131,106
18,31,83,880,,1,*Rudrapur,861,860,1,0,3280,1622,1658,98
18,55,,,,,Jiban Nagar Upazila Total,44185,44104,21,60,179581,89839,89742,100
18,55,,,,1,Jiban Nagar Upazila,34372,34353,6,13,141429,70722,70707,100
18,55,,,,2,Jiban Nagar Upazila,6699,6646,10,43,25518,12770,12748,100
18,55,,,,3,Jiban Nagar Upazila,3114,3105,5,4,12634,6347,6287,101
18,55,,,,,Jiban Nagar Paurashava,6699,6646,10,43,25518,12770,12748,100
18,55,01,,,,Ward No-01 Total,328,327,1,0,1365,681,684,100
18,55,01,842,,2,*Subalpur,328,327,1,0,1365,681,684,100
18,55,02,,,,Ward No-02 Total,680,680,0,0,2755,1383,1372,101
18,55,02,639,,2,*Narayanpur,680,680,0,0,2755,1383,1372,101
18,55,03,,,,Ward No-03 Total,778,776,2,0,3019,1517,1502,101
18,55,03,200,,2,*Dangapara,70,70,0,0,240,122,118,103
18,55,03,213,,2,*Gopalnagar,287,285,2,0,1057,534,523,102
18,55,03,295,,2,*Islampur,185,185,0,0,807,402,405,99
18,55,03,871,,2,*Rajnagar,236,236,0,0,915,459,456,101
18,55,04,,,,Ward No-04 Total,733,726,2,5,2848,1410,1438,98
18,55,04,210,,2,*Doarpara,85,85,0,0,317,155,162,96
18,55,04,225,,2,*Dakshin Mohanagar,184,179,2,3,698,356,342,104
18,55,04,257,,2,*Daulatganj,283,283,0,0,1094,529,565,94
18,55,04,852,,2,*Uttar Mohanagar,181,179,0,2,739,370,369,100
18,55,05,,,,Ward No-05 Total,743,743,0,0,2731,1284,1447,89
18,55,05,400,,2,*Lashmipur,743,743,0,0,2731,1284,1447,89
18,55,06,,,,Ward No-06 Total,753,729,1,23,2472,1225,1247,98
18,55,06,180,,2,*Bazar Para,211,195,0,16,671,324,347,93
18,55,06,280,,2,*Court Para,191,188,0,3,693,350,343,102
18,55,06,305,,2,*Hospital Para,270,266,1,3,883,436,447,98
18,55,06,440,,2,*Kazipara,81,80,0,1,225,115,110,105
18,55,07,,,,Ward No-07 Total,667,666,0,1,2616,1295,1321,98
18,55,07,220,,2,*Protappur (Part),16,16,0,0,60,31,29,107
18,55,07,290,,2,*College Para,70,70,0,0,244,129,115,112
18,55,07,610,,2,*Post Office Para,370,369,0,1,1531,771,760,101
18,55,07,700,,2,*Shaplakali Para),211,211,0,0,781,364,417,87
18,55,08,,,,Ward No-08 Total,1169,1153,4,12,4475,2316,2159,107
18,55,08,185,,2,*Bakhashtola Para (Part),171,171,0,0,572,300,272,110
18,55,08,195,,2,*Banka Part Mz,166,164,1,1,586,302,284,106
18,55,08,350,,2,*Jiban Nagar (Part),175,175,0,0,416,200,216,93
18,55,08,380,,2,*Jiban Nagar Basat Para,204,195,2,7,896,485,411,118
18,55,08,390,,2,*Jiban Nagar Ashtala Para,453,448,1,4,2005,1029,976,105
18,55,09,,,,Ward No-09 Total,848,846,0,2,3237,1659,1578,105
18,55,09,580,,2,*Natun Tentulia,490,489,0,1,1845,955,890,107
18,55,09,630,,2,*Puratan Tentulia,358,357,0,1,1392,704,688,102
18,55,19,,,,Andulbaria Union Total,6667,6660,1,6,27397,13622,13775,99
18,55,19,014,,1,*Anantapur,225,225,0,0,924,472,452,104
18,55,19,028,,1,*Andulbaria,2058,2054,0,4,8431,4170,4261,98
18,55,19,028,01,1,Andulbaria,2014,2010,0,4,8256,4079,4177,98
18,55,19,028,02,1,Pokamari,44,44,0,0,175,91,84,108
18,55,19,056,,1,*Bajdia,559,559,0,0,2387,1179,1208,98
18,55,19,127,,1,*Bidyadharpur,135,135,0,0,485,239,246,97
18,55,19,198,,1,*Dumuria,411,410,1,0,1711,872,839,104
18,55,19,241,,1,*Ghughragachhi,189,189,0,0,779,400,379,106
18,55,19,284,,1,*Harda,123,123,0,0,482,243,239,102
18,55,19,383,,1,*Karchadanga,527,526,0,1,2226,1095,1131,97
18,55,19,383,01,1,Karchadanga,339,339,0,0,1409,691,718,96
18,55,19,383,02,1,Kubrigari,188,187,0,1,817,404,413,98
18,55,19,483,,1,*Kultala,534,533,0,1,2196,1084,1112,97
18,55,19,668,,1,*Nidhikunda,372,372,0,0,1534,766,768,100
18,55,19,682,,1,*Nischintapur,546,546,0,0,2299,1144,1155,99
18,55,19,710,,1,*Panka,761,761,0,0,3115,1543,1572,98
18,55,19,824,,1,*Sahapur,227,227,0,0,828,415,413,100
18,55,38,,,,Banka Union Total,11772,11763,4,5,48391,24182,24209,100
18,55,38,,,1,Banka Union,10396,10392,1,3,42816,21390,21426,100
18,55,38,,,3,Banka Union,1376,1371,3,2,5575,2792,2783,100
18,55,38,042,,1,*Baidyanathpur,244,244,0,0,1068,548,520,105
18,55,38,071,,1,*Banka,1244,1244,0,0,5202,2583,2619,99
18,55,38,071,01,1,Banka,953,953,0,0,3980,1980,2000,99
18,55,38,071,02,1,Banka Math Para,291,291,0,0,1222,603,619,97
18,55,38,085,,1,*Bankunda,413,413,0,0,1731,846,885,96
18,55,38,099,,1,*Barandi,434,434,0,0,1836,913,923,99
18,55,38,099,01,1,Barandi,260,260,0,0,1100,546,554,99
18,55,38,099,02,1,Barandi Math Para,174,174,0,0,736,367,369,99
18,55,38,227,,1,*Ghoshnagar,120,120,0,0,467,224,243,92
18,55,38,270,,3,*Hasadaha,1376,1371,3,2,5575,2792,2783,100
18,55,38,270,01,3,Jafrabajpur,369,367,1,1,1511,766,745,103
18,55,38,270,02,3,Magh Para Bazar,528,525,2,1,2134,1090,1044,104
18,55,38,270,03,3,Ghushi Para,131,131,0,0,534,259,275,94
18,55,38,270,04,3,Karimpur,120,120,0,0,473,228,245,93
18,55,38,270,05,3,Taranibas,228,228,0,0,923,449,474,95
18,55,38,369,,1,*Kandarpapur,438,438,0,0,1849,935,914,102
18,55,38,426,,1,*Katapol,644,644,0,0,2726,1384,1342,103
18,55,38,469,,1,*Krishnapur,437,437,0,0,1796,886,910,97
18,55,38,540,,1,*Madhabpur,446,446,0,0,1921,966,955,101
18,55,38,568,,1,*Marupdaha,483,483,0,0,1838,915,923,99
18,55,38,568,01,1,Marupdaha,319,319,0,0,1188,590,598,99
18,55,38,568,02,1,Dholemari,164,164,0,0,650,325,325,100
18,55,38,596,,1,*Minajpur,691,691,0,0,2815,1399,1416,99
18,55,38,596,01,1,Minajpur,458,458,0,0,1784,876,908,96
18,55,38,596,02,1,Minajpur Math Para,233,233,0,0,1031,523,508,103
18,55,38,611,,1,*Moktarpur,306,306,0,0,1241,627,614,102
18,55,38,696,,1,*Panara Sati,259,256,0,3,1061,525,536,98
18,55,38,724,,1,*Pathila,332,332,0,0,1471,753,718,105
18,55,38,739,,1,*Pratap Pur,258,258,0,0,1069,542,527,103
18,55,38,753,,1,*Puran Darpur,525,525,0,0,2196,1073,1123,96
18,55,38,767,,1,*Raghunandanpur,70,70,0,0,273,131,142,92
18,55,38,810,,1,*Roypur,1572,1571,1,0,6478,3277,3201,102
18,55,38,810,01,1,Balihuda,457,457,0,0,1822,930,892,104
18,55,38,810,02,1,Natun Chakla,249,249,0,0,1018,530,488,109
18,55,38,810,03,1,Puratan Chakla,323,323,0,0,1380,676,704,96
18,55,38,810,04,1,Roypur,543,542,1,0,2258,1141,1117,102
18,55,38,909,,1,*Sonda,139,139,0,0,500,246,254,97
18,55,38,923,,1,*Sreerampur,241,241,0,0,939,465,474,98
18,55,38,952,,1,*Sutia,976,976,0,0,3860,1900,1960,97
18,55,38,966,,1,*Tantulia,124,124,0,0,479,252,227,111
18,55,57,,,,Simanta Union Total,7203,7199,2,2,29268,14837,14431,103
18,55,57,113,,1,*Benipur,720,719,0,1,3040,1560,1480,105
18,55,57,170,,1,*Dhankhola,341,341,0,0,1355,705,650,108
18,55,57,213,,1,*Gangadaspur,557,557,0,0,2367,1201,1166,103
18,55,57,255,,1,*Habibpur,283,283,0,0,1098,566,532,106
18,55,57,298,,1,*Hariharnagar,715,715,0,0,2876,1498,1378,109
18,55,57,312,,1,*Haripur,277,277,0,0,1154,579,575,101
18,55,57,326,,1,*Jadabpur,378,378,0,0,1510,757,753,101
18,55,57,440,,1,*Kaya,525,525,0,0,2218,1120,1098,102
18,55,57,582,,1,*Medinipur,563,563,0,0,2240,1152,1088,106
18,55,57,639,,1,*Naba Durgapur,73,73,0,0,308,169,139,122
18,55,57,838,,1,*Sankhari,440,440,0,0,1796,894,902,99
18,55,57,980,,1,*Umapur,2331,2328,2,1,9306,4636,4670,99
18,55,57,980,01,1,Gayeshpur,879,878,1,0,3499,1755,1744,101
18,55,57,980,02,1,Goal Para,815,814,0,1,3270,1594,1676,95
18,55,57,980,03,1,Natun Para,383,382,1,0,1589,821,768,107
18,55,57,980,04,1,Sadar Para,254,254,0,0,948,466,482,97
18,55,76,,,,Uthali Union Total,11844,11836,4,4,49007,24428,24579,99
18,55,76,,,1,Uthali Union,10106,10102,2,2,41948,20873,21075,99
18,55,76,,,3,Uthali Union,1738,1734,2,2,7059,3555,3504,101
18,55,76,156,,1,*Dehati,901,901,0,0,3522,1740,1782,98
18,55,76,184,,1,*Dhopakhali,920,919,1,0,3782,1888,1894,100
18,55,76,355,,1,*Kala,293,293,0,0,1219,597,622,96
18,55,76,412,,1,*Kashipur,1726,1726,0,0,7226,3595,3631,99
18,55,76,412,01,1,Kashipur,1412,1412,0,0,5837,2912,2925,100
18,55,76,412,02,1,Kashipur Mathpara,314,314,0,0,1389,683,706,97
18,55,76,454,,1,*Khyerhuda,1306,1306,0,0,5342,2659,2683,99
18,55,76,525,,1,*Madhabkhali,448,448,0,0,2033,1002,1031,97
18,55,76,525,01,1,Madhabkhali,210,210,0,0,1103,551,552,100
18,55,76,525,02,1,Chatenga,238,238,0,0,930,451,479,94
18,55,76,554,,1,*Manoharpur,1613,1611,0,2,6401,3195,3206,100
18,55,76,625,,1,*Mrigamari,361,361,0,0,1548,783,765,102
18,55,76,781,,1,*Rajapur,433,432,1,0,1831,908,923,98
18,55,76,781,01,1,Rajapur,179,178,1,0,765,392,373,105
18,55,76,781,02,1,Manikpur,254,254,0,0,1066,516,550,94
18,55,76,795,,1,*Ratirampur,145,145,0,0,643,306,337,91
18,55,76,852,,1,*Santoshpur,600,600,0,0,2497,1264,1233,103
18,55,76,867,,1,*Senerhuda,1009,1009,0,0,4104,2009,2095,96
18,55,76,895,,1,*Singnagar,351,351,0,0,1800,927,873,106
18,55,76,994,,3,*Uthali,1738,1734,2,2,7059,3555,3504,101
18,55,76,994,01,3,Uthali,1399,1395,2,2,5640,2837,2803,101
18,55,76,994,02,3,Sialmari,105,105,0,0,436,216,220,98
18,55,76,994,03,3,Ektarpur,234,234,0,0,983,502,481,104
