0,1,2,3,4,5,6,7,8,9,10,11,12
32,,,,,,Gaibandha Zila Total,522571,612283,2379255,2378900,355,1125
32,,,,,1,Gaibandha Zila,,561601,2168731,2168583,148,
32,,,,,2,Gaibandha Zila,,29400,123416,123295,121,
32,,,,,3,Gaibandha Zila,,21282,87108,87022,86,
32,21,,,,,Fulchhari Upazila Total,77600,40489,165334,165318,16,526
32,21,,,,1,Fulchhari Upazila,,38849,158933,158917,16,
32,21,,,,3,Fulchhari Upazila,,1640,6401,6401,0,
32,21,11,,,,Erendabari Union Total,21525,7012,29076,29076,0,334
32,21,11,012,,1,*Algar Char,,784,3124,3124,0,
32,21,11,024,,1,*Anandabari,,319,1233,1233,0,
32,21,11,111,,1,*Bhatia Para,,449,1916,1916,0,
32,21,11,124,,1,*Bulbulir Char,,85,235,235,0,
32,21,11,174,,1,*Char Chaumohan,,338,1274,1274,0,
32,21,11,186,,1,*Char Harichandi,,318,1340,1340,0,
32,21,11,273,,1,*Dakatiar Char,,729,2729,2729,0,
32,21,11,273,01,1,Dakatiar Char,,645,2575,2575,0,
32,21,11,273,02,1,Ghatua,,84,154,154,0,
32,21,11,422,,1,*Harichandi,,1306,6095,6095,0,
32,21,11,522,,1,*Jigabari,,715,2744,2744,0,
32,21,11,664,,1,*Kismat Dhali,,80,186,186,0,
32,21,11,721,,1,*Magrighat,,165,416,416,0,
32,21,11,783,,1,*Paglar Char,,432,1773,1773,0,
32,21,11,808,,1,*Patadhua Dhali,,92,347,347,0,
32,21,11,907,,1,*Sanyasir Char,,941,4630,4630,0,
32,21,11,957,,1,*Tinthopa,,259,1034,1034,0,
32,21,23,,,,Fazlupur Union Total,18104,5430,22578,22578,0,308
32,21,23,074,,1,*Baje Telkupi,,77,293,293,0,
32,21,23,149,,1,*Chandaneshwari,,84,202,202,0,
32,21,23,199,,1,*Char Krishnamani,,197,864,864,0,
32,21,23,223,,1,*Chaumohan,,165,500,500,0,
32,21,23,261,,1,*Chikirpatal,,165,566,566,0,
32,21,23,286,,1,*Debarpatal,,82,235,235,0,
32,21,23,398,,1,*Guptamani,,80,198,198,0,
32,21,23,447,,1,*Helencha,,82,231,231,0,
32,21,23,634,,1,*Kauabada,,256,1022,1022,0,
32,21,23,659,,1,*Khatiamani,,2883,13194,13194,0,
32,21,23,696,,1,*Kochkhali,,110,409,409,0,
32,21,23,733,,1,*Manikor,,82,240,240,0,
32,21,23,746,,1,*Manoharpur,,84,265,265,0,
32,21,23,771,,1,*Nischintapur,,438,1980,1980,0,
32,21,23,845,,1,*Pukhariabari,,79,298,298,0,
32,21,23,858,,1,*Rahamatpur,,195,600,600,0,
32,21,23,932,,1,*Tanarghat,,81,236,236,0,
32,21,23,982,,1,*Uzalerdanga,,290,1245,1245,0,
32,21,35,,,,Fulchhari Union Total,13238,5544,24930,24923,7,465
32,21,35,037,,1,*Baghbari,,241,1217,1217,0,
32,21,35,049,,1,*Baje Phulchhari,,340,1536,1536,0,
32,21,35,211,,1,*Chaubhagia,,162,599,599,0,
32,21,35,298,,1,*Deluabari,,566,2576,2576,0,
32,21,35,323,,1,*Gabgachhi,,513,2295,2291,4,
32,21,35,360,,1,*Gharbhanga,,110,473,473,0,
32,21,35,472,,1,*Jamira,,266,1117,1117,0,
32,21,35,497,,1,*Japjapia,,79,189,189,0,
32,21,35,572,,1,*Kalur Para,,371,1363,1363,0,
32,21,35,572,01,1,Kalur Para,,101,356,356,0,
32,21,35,572,02,1,Sekh Para,,270,1007,1007,0,
32,21,35,646,,1,*Khancha Para,,221,988,988,0,
32,21,35,671,,1,*Kholabari,,821,4075,4072,3,
32,21,35,796,,1,*Parul,,648,3173,3173,0,
32,21,35,820,,1,*Fulchhari,,306,1252,1252,0,
32,21,35,833,,1,*Pipalia,,342,1586,1586,0,
32,21,35,945,,1,*Tengrakandi,,558,2491,2491,0,
32,21,47,,,,Gazaria Union Total,7118,4886,19322,19322,0,671
32,21,47,,,1,Gazaria Union,,3246,12921,12921,0,
32,21,47,,,3,Gazaria Union,,1640,6401,6401,0,
32,21,47,062,,1,*Baraikandi,,187,704,704,0,
32,21,47,087,,1,*Bhajandanga,,227,1007,1007,0,
32,21,47,335,,3,*Gazaria,,1640,6401,6401,0,
32,21,47,335,01,3,Baushi Para,,1310,5154,5154,0,
32,21,47,335,02,3,Gazaria,,330,1247,1247,0,
32,21,47,348,,1,*Galna,,465,1921,1921,0,
32,21,47,485,,1,*Jhanjhair,,247,904,904,0,
32,21,47,509,,1,*Jiadanga,,348,1335,1335,0,
32,21,47,597,,1,*Katakgachha,,167,666,666,0,
32,21,47,621,,1,*Katlamari,,1605,6384,6384,0,
32,21,47,621,01,1,Paschim Katlamari,,821,3199,3199,0,
32,21,47,621,02,1,Purba Katlamari,,784,3185,3185,0,
32,21,59,,,,Kanchi Para Union Total,6608,6946,27067,27064,3,1012
32,21,59,099,,1,*Bhasar Para,,601,2152,2152,0,
32,21,59,161,,1,*Chandia,,756,2985,2985,0,
32,21,59,248,,1,*Chhatar Kandi,,158,607,607,0,
32,21,59,310,,1,*Dhanar Para,,360,1334,1334,0,
32,21,59,385,,1,*Gholdaha,,460,1871,1871,0,
32,21,59,410,,1,*Hardanga,,163,558,558,0,
32,21,59,460,,1,*Hossainpur,,590,2287,2287,0,
32,21,59,534,,1,*Jorabari,,80,288,288,0,
32,21,59,584,,1,*Kanchi Para,,2696,10909,10906,3,
32,21,59,708,,1,*Madaner Para,,713,3080,3080,0,
32,21,59,870,,1,*Rasulpur,,369,996,996,0,
32,21,71,,,,Udakhali Union Total,5171,6377,25304,25298,6,1209
32,21,71,136,,1,*Burail,,1377,5501,5501,0,
32,21,71,136,01,1,Dakshin Burail,,835,3344,3344,0,
32,21,71,136,02,1,Uttar Burail,,542,2157,2157,0,
32,21,71,236,,1,*Chhalua,,1085,4475,4469,6,
32,21,71,236,01,1,Purba Chhalua,,497,1988,1988,0,
32,21,71,236,02,1,Paschim Chhalua,,588,2487,2481,6,
32,21,71,435,,1,*Haripur,,496,2091,2091,0,
32,21,71,609,,1,*Kathur,,1268,4794,4794,0,
32,21,71,609,01,1,Uttar Kathur,,833,3150,3150,0,
32,21,71,609,02,1,Dakshin Kathur,,435,1644,1644,0,
32,21,71,920,,1,*Sinria,,523,2196,2196,0,
32,21,71,970,,1,*Udakhali,,1628,6247,6247,0,
32,21,71,970,01,1,Purba Udakhali,,884,3227,3227,0,
32,21,71,970,02,1,Paschim Udakhali,,744,3020,3020,0,
32,21,83,,,,Uria Union Total,5836,4294,17057,17057,0,722
32,21,83,547,,1,*Kabilpur,,452,1858,1858,0,
32,21,83,559,,1,*Kalasona,,603,2393,2393,0,
32,21,83,883,,1,*Ratanpur,,1036,4001,4001,0,
32,21,83,995,,1,*Uria,,2203,8805,8805,0,
32,24,,,,,Gaibandha Sadar Upazila Total,80076,109628,437268,437073,195,1349
32,24,,,,1,Gaibandha Sadar Upazila,,88033,343179,343112,67,
32,24,,,,2,Gaibandha Sadar Upazila,,15430,67833,67714,119,
32,24,,,,3,Gaibandha Sadar Upazila,,6165,26256,26247,9,
32,24,,,,2,Gaibandha  Paurashava,,15430,67833,67714,119,
32,24,01,,,,Ward No-01 Total,,1683,7442,7378,64,
32,24,01,186,,2,*David Co. Para,,1146,5033,4969,64,
32,24,01,724,,2,*Paschim Bridge Road,,466,2044,2044,0,
32,24,01,800,,2,*Uttar Station Road(Ja,,71,365,365,0,
32,24,02,,,,Ward No-02 Total,,1814,7652,7648,4,
32,24,02,300,,2,*Dakshin Station Road,,247,957,953,4,
32,24,02,621,,2,*Mohuri Para,,360,1596,1596,0,
32,24,02,680,,2,*Uttar Mali Para,,566,2323,2323,0,
32,24,02,690,,2,*Uttar Chak Momrajpur,,56,270,270,0,
32,24,02,746,,2,*Sarkar Para,,585,2506,2506,0,
32,24,03,,,,Ward No-03 Total,,2105,9052,9004,48,
32,24,03,180,,2,*Dakshin Dhanghara,,821,3635,3587,48,
32,24,03,295,,2,*Dakshin Chak Momrajpu,,288,1170,1170,0,
32,24,03,310,,2,*Dakshin Malipara,,289,1238,1238,0,
32,24,03,500,,2,*Madha Dhangara,,558,2403,2403,0,
32,24,03,650,,2,*Narayanpur,,149,606,606,0,
32,24,04,,,,Ward No-04 Total,,2337,11122,11119,3,
32,24,04,260,,2,*Kanak Roy,,206,879,876,3,
32,24,04,670,,2,*Paschim Gobindapur,,277,1245,1245,0,
32,24,04,684,,2,*Palash Para,,1012,4676,4676,0,
32,24,04,995,,2,*Thana Para,,842,4322,4322,0,
32,24,05,,,,Ward No-05 Total,,1517,6965,6965,0,
32,24,05,250,,2,*Jot Kalika Prasad,,672,3216,3216,0,
32,24,05,300,,2,*Dakshin Master Para,,79,359,359,0,
32,24,05,675,,2,*Madha Gobindapur,,766,3390,3390,0,
32,24,06,,,,Ward No-06 Total,,1398,6248,6248,0,
32,24,06,373,,2,*Madhya Para,,755,3522,3522,0,
32,24,06,725,,2,*Uttar Master Para,,643,2726,2726,0,
32,24,07,,,,Ward No-07 Total,,1964,7955,7955,0,
32,24,07,200,,2,*Dakshin Baniarjan,,443,1595,1595,0,
32,24,07,248,,2,*Kalibari Para,,442,1883,1883,0,
32,24,07,310,,2,*Dakshin Munshi Para,,392,1629,1629,0,
32,24,07,680,,2,*Purba Gobindapur,,156,598,598,0,
32,24,07,720,,2,*Thanshing-Pur,,30,114,114,0,
32,24,07,888,,2,*Uttar Baniarjan,,501,2136,2136,0,
32,24,08,,,,Ward No-08 Total,,962,4398,4398,0,
32,24,08,659,,2,*Puran Bazar,,63,265,265,0,
32,24,08,808,,2,*Sandar Para,,309,1450,1450,0,
32,24,08,900,,2,*Uttar Munshipara,,590,2683,2683,0,
32,24,09,,,,Ward No-09 Total,,1650,6999,6999,0,
32,24,09,025,,2,*Bara Bari Para,,248,1010,1010,0,
32,24,09,310,,2,*Kutipara,,741,3130,3130,0,
32,24,09,725,,2,*Purba Bridge Road,,389,1664,1664,0,
32,24,09,804,,2,*Purba Kamarnai,,272,1195,1195,0,
32,24,12,,,,Badiakhali Union Total,5748,7332,29251,29251,0,1257
32,24,12,160,,1,*Chak Barul,,838,3444,3444,0,
32,24,12,212,,1,*Chuniakandi,,439,1892,1892,0,
32,24,12,285,,1,*Goailbari,,176,635,635,0,
32,24,12,548,,1,*Kismat Gopalpur,,346,1334,1334,0,
32,24,12,731,,1,*Pathandanga,,424,1648,1648,0,
32,24,12,768,,1,*Phulbari,,594,2381,2381,0,
32,24,12,841,,1,*Ramnather Bhita,,1068,4250,4250,0,
32,24,12,863,,1,*Rifaitpur,,2110,8401,8401,0,
32,24,12,892,,1,*Shimultari,,308,1224,1224,0,
32,24,12,936,,1,*Taluk Rifaitpur,,1029,4042,4042,0,
32,24,14,,,,Ballamjhar Union Total,7210,12143,47620,47565,55,1632
32,24,14,,,1,Ballamjhar Union,,10307,40377,40322,55,
32,24,14,,,3,Ballamjhar Union,,1836,7243,7243,0,
32,24,14,036,,1,*Bahadurpur,,280,1140,1140,0,
32,24,14,051,,1,*Ballamjhar,,882,3490,3490,0,
32,24,14,073,,1,*Bara Gayespur,,101,397,397,0,
32,24,14,175,,1,*Chak Gayespur,,296,1143,1143,0,
32,24,14,256,,3,*Dhanghara (Part),,1836,7243,7243,0,
32,24,14,336,,1,*Islampur,,444,1780,1780,0,
32,24,14,351,,1,*Jinasar,,295,1159,1159,0,
32,24,14,358,,1,*Jot Dokrising,,406,1600,1600,0,
32,24,14,395,,1,*Kahamar Ballamjhar,,542,1976,1976,0,
32,24,14,402,,1,*Kahamar Raghunathpur,,274,956,956,0,
32,24,14,409,,1,*Kajal Dhop,,806,3014,2982,32,
32,24,14,482,,1,*Khamar Tengarjani,,286,1501,1501,0,
32,24,14,504,,1,*Kholabari,,1117,4299,4299,0,
32,24,14,570,,1,*Kamarpur,,818,3156,3156,0,
32,24,14,614,,1,*Madhupur,,324,1413,1413,0,
32,24,14,621,,1,*Madhyam Kumudpur,,352,1288,1288,0,
32,24,14,629,,1,*Madhyapara,,487,1849,1849,0,
32,24,14,673,,1,*Narayanpur,,1075,4428,4405,23,
32,24,14,826,,1,*Raghunathpur,,427,1664,1664,0,
32,24,14,907,,1,*Sonaidanga,,459,1659,1659,0,
32,24,14,929,,1,*Taluk Manduar,,211,838,838,0,
32,24,14,951,,1,*Tengarjani,,425,1627,1627,0,
32,24,21,,,,Boali Union Total,6256,8838,35143,35143,0,1388
32,24,21,,,1,Boali Union,,8739,34765,34765,0,
32,24,21,,,3,Boali Union,,99,378,378,0,
32,24,21,153,,1,*Boali,,644,2544,2544,0,
32,24,21,234,,1,*Dakshin Harinsinha,,441,1757,1757,0,
32,24,21,299,,3,*Gobindapur (Part),,99,378,378,0,
32,24,21,321,,1,*Haripur,,263,1059,1059,0,
32,24,21,365,,1,*Jotgaur Sarkar,,240,834,834,0,
32,24,21,446,,1,*Kaya Chhaigharia,,492,2324,2324,0,
32,24,21,453,,1,*Khamar Boali,,1368,5521,5521,0,
32,24,21,460,,1,*Khamar Chander Bhita,,320,1241,1241,0,
32,24,21,680,,1,*Nasaratpur,,658,2493,2493,0,
32,24,21,716,,1,*Paschim Batikamari,,137,554,554,0,
32,24,21,746,,1,*Phalia,,1152,4883,4883,0,
32,24,21,775,,1,*Pearapur,,1008,3904,3904,0,
32,24,21,812,,1,*Radhakrishnapur,,1193,4807,4807,0,
32,24,21,921,,1,*Taluk Burail,,223,918,918,0,
32,24,21,958,,1,*Thansinpur,,600,1926,1926,0,
32,24,36,,,,Ghagoa Union Total,3950,5323,21239,21239,0,1329
32,24,36,219,,1,*Dakshin Ghagoa,,1415,6049,6049,0,
32,24,36,219,01,1,Konar Para,,240,1077,1077,0,
32,24,36,219,02,1,Sonakura,,346,1520,1520,0,
32,24,36,219,03,1,Moktar Para,,116,503,503,0,
32,24,36,219,04,1,Charergram,,120,498,498,0,
32,24,36,219,05,1,Master Para,,120,504,504,0,
32,24,36,219,06,1,Taltala,,235,964,964,0,
32,24,36,219,07,1,Madhyapara,,120,502,502,0,
32,24,36,219,08,1,Dakshin Ghagoa,,118,481,481,0,
32,24,36,241,,1,*Dariapur,,1019,3927,3927,0,
32,24,36,980,,1,*Uttar Ghagoa,,2889,11263,11263,0,
32,24,36,980,01,1,Khatihara,,359,1444,1444,0,
32,24,36,980,02,1,Ganglardoba,,224,852,852,0,
32,24,36,980,03,1,Hatia Para,,360,1320,1320,0,
32,24,36,980,04,1,Sulagari,,510,2014,2014,0,
32,24,36,980,05,1,Nutangari,,540,2129,2129,0,
32,24,36,980,06,1,Tangamara,,267,1053,1053,0,
32,24,36,980,07,1,Palpara,,389,1556,1556,0,
32,24,36,980,08,1,Uttar Ghagoa,,240,895,895,0,
32,24,43,,,,Gidari Union Total,5880,7867,29043,29042,1,1221
32,24,43,007,,1,*Analerchhara,,122,450,450,0,
32,24,43,029,,1,*Baguria,,1211,4669,4669,0,
32,24,43,226,,1,*Dakshin Gidari,,2427,8903,8903,0,
32,24,43,270,,1,*Dhutichhara,,835,3020,3020,0,
32,24,43,541,,1,*Kismat Falia,,445,1809,1809,0,
32,24,43,987,,1,*Uttar Gidari,,2827,10192,10191,1,
32,24,51,,,,Kamarjani Union Total,8037,3482,13196,13196,0,406
32,24,51,307,,1,*Goghat,,1050,3848,3848,0,
32,24,51,431,,1,*Karaibari,,593,1817,1817,0,
32,24,51,468,,1,*Khamar Kamarjani,,49,195,195,0,
32,24,51,490,,1,*Kharjani,,276,1046,1046,0,
32,24,51,516,,1,*Kirtonipara,,83,290,290,0,
32,24,51,592,,1,*Kunder Para,,341,1404,1404,0,
32,24,51,695,,1,*Nungola,,63,252,252,0,
32,24,51,709,,1,*Pardiara,,221,1031,1031,0,
32,24,51,758,,1,*Pechighat,,102,438,438,0,
32,24,51,797,,1,*Purba Batikamari,,637,2633,2633,0,
32,24,51,855,,1,*Raydasbari,,67,242,242,0,
32,24,58,,,,Kholahati Union Total,6078,10267,43120,43111,9,1753
32,24,58,,,1,Kholahati Union,,6387,25965,25965,0,
32,24,58,,,3,Kholahati Union,,3880,17155,17146,9,
32,24,58,014,,1,*Analertari,,1855,7602,7602,0,
32,24,58,095,,1,*Barui Para,,962,3781,3781,0,
32,24,58,182,,3,*Chak Mamrazpur (Part),,838,3641,3632,9,
32,24,58,512,,1,*Kholahati,,3062,12459,12459,0,
32,24,58,534,,1,*Kismat Balua,,508,2123,2123,0,
32,24,58,724,,3,*Paschim Komarnai(Part,,1130,4946,4946,0,
32,24,58,804,,3,*Purba Kamarnai (Part),,1912,8568,8568,0,
32,24,65,,,,Kuptala Union Total,5125,7252,28833,28833,0,1390
32,24,65,109,,1,*Beradanga,,601,2364,2364,0,
32,24,65,190,,1,*Chapadaha,,1339,5494,5494,0,
32,24,65,278,,1,*Durgapur,,1411,5709,5709,0,
32,24,65,599,,1,*Kuptala,,3389,13343,13343,0,
32,24,65,848,,1,*Ramprasad,,512,1923,1923,0,
32,24,73,,,,Lakshmipur Union Total,6331,8307,31694,31693,1,1237
32,24,73,250,,1,*Dhankuti,,429,1650,1650,0,
32,24,73,292,,1,*Gobindapur,,2771,10527,10527,0,
32,24,73,519,,1,*Khurda Malibari,,996,3580,3580,0,
32,24,73,643,,1,*Malibari,,3534,13705,13704,1,
32,24,73,745,,1,*Uzirdharani Bari,,577,2232,2232,0,
32,24,80,,,,Malibari Union Total,5118,7356,27615,27605,10,1333
32,24,80,087,,1,*Bara Baldia,,2344,8960,8960,0,
32,24,80,387,,1,*Kachuar Khamar,,910,3410,3410,0,
32,24,80,497,,1,*Khidir,,786,2912,2902,10,
32,24,80,556,,1,*Kismat Malibari,,2073,7686,7686,0,
32,24,80,563,,1,*Kismat Malibari Dharm,,1243,4647,4647,0,
32,24,85,,,,Mollar Char Union Total,7617,1811,7931,7931,0,257
32,24,85,,,1,Mollar Char Union,,1461,6451,6451,0,
32,24,85,,,3,Mollar Char Union,,350,1480,1480,0,
32,24,85,058,,3,*Baje Chithalia,,350,1480,1480,0,
32,24,85,321,,1,*Chithalia Digar,,1071,4595,4595,0,
32,24,85,438,,1,*Hasdhara,,120,577,577,0,
32,24,85,526,,1,*Kachi Char,,5,16,16,0,
32,24,85,877,,1,*Sidhai,,265,1263,1263,0,
32,24,87,,,,Ramchandrapur Union Total,5250,7738,30115,30115,0,1417
32,24,87,021,,1,*Arif Khan Basudebpur,,607,2242,2242,0,
32,24,87,065,,1,*Bara Durgapur,,421,1579,1579,0,
32,24,87,080,,1,*Bara Mahanandapur,,225,868,868,0,
32,24,87,124,,1,*Bhagabanpur,,694,2600,2600,0,
32,24,87,139,,1,*Bhat Para Gopalpur,,476,1851,1851,0,
32,24,87,197,,1,*Chhota Durgapur,,140,554,554,0,
32,24,87,263,,1,*Dhopadanga,,347,1338,1338,0,
32,24,87,343,,1,*Jagat Roy Gopalpur,,437,1812,1812,0,
32,24,87,702,,1,*Parbatipur,,323,1335,1335,0,
32,24,87,790,,1,*Pollakhata,,204,805,805,0,
32,24,87,819,,1,*Raghunathpur,,487,1901,1901,0,
32,24,87,834,,1,*Ramchandrapur,,2097,8308,8308,0,
32,24,87,914,,1,*Shyampur,,223,873,873,0,
32,24,87,943,,1,*Tarafkal,,154,631,631,0,
32,24,87,965,,1,*Tindaha,,600,2229,2229,0,
32,24,87,994,,1,*Uttar Harinsinga,,303,1189,1189,0,
32,24,94,,,,Saha Para Union Total,4683,6482,24635,24635,0,1300
32,24,94,102,,1,*Bauler Para,,202,728,728,0,
32,24,94,117,,1,*Bhabanipur,,739,2571,2571,0,
32,24,94,131,,1,*Bhajner Khamar,,207,783,783,0,
32,24,94,146,,1,*Bishnupur,,739,2924,2924,0,
32,24,94,168,,1,*Chakchaka,,538,2071,2071,0,
32,24,94,248,,1,*Daulatpur,,153,599,599,0,
32,24,94,377,,1,*Kabirer Para,,185,728,728,0,
32,24,94,438,,1,*Kasdaha,,250,1025,1025,0,
32,24,94,475,,1,*Khamar Pirgachha,,540,2112,2112,0,
32,24,94,577,,1,*Krishnapur,,6,24,24,0,
32,24,94,607,,1,*Lakshmipur,,239,871,871,0,
32,24,94,651,,1,*Mirpur,,240,946,946,0,
32,24,94,665,,1,*Nandina,,362,1363,1363,0,
32,24,94,683,,1,*Nayani Sadekpur,,214,848,848,0,
32,24,94,687,,1,*Nayansuk,,158,594,594,0,
32,24,94,760,,1,*Phalimari,,228,831,831,0,
32,24,94,782,,1,*Pirgachha,,239,880,880,0,
32,24,94,870,,1,*Satani Sadekpur,,150,610,610,0,
32,24,94,877,,1,*Shibpur,,442,1713,1713,0,
32,24,94,973,,1,*Tulshighat,,651,2414,2414,0,
32,30,,,,,Gobindaganj Upazila Total,113774,132572,514696,514677,19,1118
32,30,,,,1,Gobindaganj Upazila,,122854,476281,476262,19,
32,30,,,,2,Gobindaganj Upazila,,9718,38415,38415,0,
32,30,,,,2,Gobindaganj  Paurashava,,9718,38415,38415,0,
32,30,01,,,,Ward No-01 Total,,1092,4440,4440,0,
32,30,01,120,,2,*Boalia,,1092,4440,4440,0,
32,30,02,,,,Ward No-02 Total,,1114,4464,4464,0,
32,30,02,225,,2,*Chak Gobinda Dakshin,,169,707,707,0,
32,30,02,395,,2,*Khalsi Chandpur,,315,1200,1200,0,
32,30,02,660,,2,*Gobindapur Paschim,,240,963,963,0,
32,30,02,710,,2,*Khalsi Uttar,,390,1594,1594,0,
32,30,03,,,,Ward No-03 Total,,993,3788,3788,0,
32,30,03,050,,2,*Arazi Khalsi,,218,802,802,0,
32,30,03,128,,2,*Babanpur,,187,730,730,0,
32,30,03,220,,2,*Khalsi Dakshin,,229,855,855,0,
32,30,03,395,,2,*Kalika Doba,,359,1401,1401,0,
32,30,04,,,,Ward No-04 Total,,814,3300,3300,0,
32,30,04,110,,2,*Buzruk Boalia Paschim,,91,340,340,0,
32,30,04,210,,2,*Chak Gobinda Uttar,,489,2092,2092,0,
32,30,04,690,,2,*Gobindapur Madhya,,234,868,868,0,
32,30,05,,,,Ward No-05 Total,,1315,5181,5181,0,
32,30,05,750,,2,*Buzruk Boalia Purba,,1231,4794,4794,0,
32,30,05,800,,2,*Gobindapur Uttar,,84,387,387,0,
32,30,06,,,,Ward No-06 Total,,970,3854,3854,0,
32,30,06,298,,2,*Gobindapur Dakshin,,292,1158,1158,0,
32,30,06,650,,2,*Buzruk Boalia Madhya,,678,2696,2696,0,
32,30,07,,,,Ward No-07 Total,,982,3794,3794,0,
32,30,07,275,,2,*Buzruk Boalia Dakshin,,982,3794,3794,0,
32,30,08,,,,Ward No-08 Total,,1347,5115,5115,0,
32,30,08,628,,2,*Pantha Para,,1041,4122,4122,0,
32,30,08,700,,2,*Magura Keshubpur Pasc,,306,993,993,0,
32,30,09,,,,Ward No-09 Total,,1091,4479,4479,0,
32,30,09,180,,2,*Bardhan Kuthi,,524,2184,2184,0,
32,30,09,560,,2,*Magura Keshubpur Purb,,118,468,468,0,
32,30,09,600,,2,*Magura,,449,1827,1827,0,
32,30,10,,,,Darbasta Union Total,8486,11518,43729,43729,0,1273
32,30,10,002,,1,*Abhirampur,,778,3068,3068,0,
32,30,10,005,,1,*Akhira Fatehpur,,543,1819,1819,0,
32,30,10,005,01,1,Fatehpur,,183,654,654,0,
32,30,10,005,02,1,Akhira Para,,240,794,794,0,
32,30,10,005,03,1,Shikshar,,120,371,371,0,
32,30,10,050,,1,*Bagulagari,,1554,5564,5564,0,
32,30,10,050,01,1,Purbapara,,120,471,471,0,
32,30,10,050,02,1,Mandal Para,,118,466,466,0,
32,30,10,050,03,1,Naya Para,,102,397,397,0,
32,30,10,050,04,1,Daspara,,103,410,410,0,
32,30,10,050,05,1,Haji Para,,120,443,443,0,
32,30,10,050,06,1,Bhotala Para,,90,252,252,0,
32,30,10,050,07,1,Char Para,,221,697,697,0,
32,30,10,050,08,1,Dargah Para,,120,452,452,0,
32,30,10,050,09,1,Nama Para,,120,421,421,0,
32,30,10,050,10,1,Miha Para,,320,1133,1133,0,
32,30,10,050,11,1,Fakir Para,,120,422,422,0,
32,30,10,124,,1,*Bari Hossainpur,,228,712,712,0,
32,30,10,183,,1,*Birahimpur,,205,755,755,0,
32,30,10,183,01,1,Birahimpur,,102,375,375,0,
32,30,10,183,02,1,Chak Birahimpur,,103,380,380,0,
32,30,10,189,,1,*Bisubari,,392,1544,1544,0,
32,30,10,192,,1,*Bishwanathpur,,496,1829,1829,0,
32,30,10,192,01,1,Paschimpara,,106,333,333,0,
32,30,10,192,02,1,Mona Para,,120,456,456,0,
32,30,10,192,03,1,Motor Para,,120,507,507,0,
32,30,10,192,04,1,Balu Para,,150,533,533,0,
32,30,10,257,,1,*Chhatar Para,,143,590,590,0,
32,30,10,266,,1,*Chhota Durgapur,,282,1145,1145,0,
32,30,10,305,,1,*Darbasta,,1232,5061,5061,0,
32,30,10,376,,1,*Durgapur,,549,2011,2011,0,
32,30,10,387,,1,*Gandharbabari,,404,1621,1621,0,
32,30,10,420,,1,*Gopinathpur,,240,876,876,0,
32,30,10,423,,1,*Gosaipur,,210,856,856,0,
32,30,10,453,,1,*Hossainpur,,240,875,875,0,
32,30,10,497,,1,*Kalikapur Sapgachhi,,315,1230,1230,0,
32,30,10,497,01,1,Sapgachhi,,120,467,467,0,
32,30,10,497,02,1,Kalikapur,,195,763,763,0,
32,30,10,648,,1,*Maria,,578,2225,2225,0,
32,30,10,648,01,1,Uttarpara,,120,482,482,0,
32,30,10,648,02,1,Kamar Para,,120,444,444,0,
32,30,10,648,03,1,Sabbari,,120,481,481,0,
32,30,10,648,04,1,Chhota Maria,,218,818,818,0,
32,30,10,663,,1,*Miru Para,,455,1789,1789,0,
32,30,10,684,,1,*Naldanga Gobindapur,,403,1445,1445,0,
32,30,10,684,01,1,Naldanga Gobindapur,,283,1008,1008,0,
32,30,10,684,02,1,Naldanga,,120,437,437,0,
32,30,10,799,,1,*Rahala,,230,786,786,0,
32,30,10,799,01,1,Rahala,,120,432,432,0,
32,30,10,799,02,1,Bil Rahala,,110,354,354,0,
32,30,10,814,,1,*Ramnathpur,,294,1168,1168,0,
32,30,10,861,,1,*Sapgachhi Hatiadaha,,569,2383,2383,0,
32,30,10,870,,1,*Satana Balua,,518,1899,1899,0,
32,30,10,870,01,1,Satana,,120,470,470,0,
32,30,10,870,02,1,Dalal Para,,102,373,373,0,
32,30,10,870,03,1,Ghosh Para,,79,298,298,0,
32,30,10,870,04,1,Balo Para,,217,758,758,0,
32,30,10,888,,1,*Sinjani,,231,822,822,0,
32,30,10,938,,1,*Taluk Rahimapur,,216,833,833,0,
32,30,10,986,,1,*Uttar Singa,,213,823,823,0,
32,30,11,,,,Fulbari Union Total,3913,4745,18745,18745,0,1184
32,30,11,074,,1,*Bamankuri,,324,1309,1309,0,
32,30,11,088,,1,*Bara Raghunathpur,,291,1116,1116,0,
32,30,11,091,,1,*Bara Satail Batail,,488,1916,1916,0,
32,30,11,094,,1,*Bara Sohagi,,165,665,665,0,
32,30,11,168,,1,*Bhagdaria,,267,1103,1103,0,
32,30,11,278,,1,*Chhota Satail Batail,,214,776,776,0,
32,30,11,281,,1,*Chhota Sohagi,,185,695,695,0,
32,30,11,352,,1,*Digdair,,224,822,822,0,
32,30,11,355,,1,*Dighali Phulbari,,590,2623,2623,0,
32,30,11,382,,1,*Fatullapur,,175,707,707,0,
32,30,11,447,,1,*Hatiadaha,,98,347,347,0,
32,30,11,447,01,1,Hatiadaha,,98,347,347,0,
32,30,11,521,,1,*Kauagari Krishnapur,,108,409,409,0,
32,30,11,538,,1,*Khansa Para,,96,397,397,0,
32,30,11,595,,1,*Kunder Para,,298,1135,1135,0,
32,30,11,598,,1,*Kunja Malancha,,437,1628,1628,0,
32,30,11,633,,1,*Maladhar,,225,896,896,0,
32,30,11,675,,1,*Nachaikuchai,,197,745,745,0,
32,30,11,852,,1,*Sakpala,,214,876,876,0,
32,30,11,929,,1,*Shyampur Parbatipur,,149,580,580,0,
32,30,16,,,,Gumaniganj Union Total,6353,6675,25070,25070,0,975
32,30,16,011,,1,*Alipur,,159,575,575,0,
32,30,16,020,,1,*Anantapur,,503,1973,1973,0,
32,30,16,035,,1,*Atiatala,,199,757,757,0,
32,30,16,065,,1,*Balubhara,,544,2092,2092,0,
32,30,16,219,,1,*Chak Kochmari,,462,1660,1660,0,
32,30,16,361,,1,*Dilalpur,,171,625,625,0,
32,30,16,399,,1,*Gazia Para,,141,527,527,0,
32,30,16,402,,1,*Ghuga,,395,1469,1469,0,
32,30,16,408,,1,*Goal Para,,249,930,930,0,
32,30,16,426,,1,*Gumaniganj,,374,1391,1391,0,
32,30,16,470,,1,*Jarippur,,356,1325,1325,0,
32,30,16,559,,1,*Kochmardan Barui Para,,485,1807,1807,0,
32,30,16,574,,1,*Krishnapur Chhayghari,,239,904,904,0,
32,30,16,592,,1,*Kunda Khalaspur,,266,972,972,0,
32,30,16,604,,1,*Kuripaika,,311,1181,1181,0,
32,30,16,660,,1,*Mirkuchi Madantair,,286,1121,1121,0,
32,30,16,678,,1,*Nagerbhita,,445,1625,1625,0,
32,30,16,758,,1,*Parbatipur,,112,382,382,0,
32,30,16,761,,1,*Pargayra,,205,781,781,0,
32,30,16,912,,1,*Sreepur,,218,813,813,0,
32,30,16,920,,1,*Sundarkol,,158,591,591,0,
32,30,16,947,,1,*Taraf Manu,,397,1569,1569,0,
32,30,22,,,,Harirampur Union Total,6758,8795,33681,33681,0,1232
32,30,22,059,,1,*Bajunia Para,,546,1926,1926,0,
32,30,22,100,,1,*Baradaha,,928,3487,3487,0,
32,30,22,225,,1,*Chak Pakhra,,82,307,307,0,
32,30,22,346,,1,*Dhundia,,663,2671,2671,0,
32,30,22,441,,1,*Harirampur,,1345,5303,5303,0,
32,30,22,550,,1,*Kismat Durgapur,,329,1157,1157,0,
32,30,22,577,,1,*Krorgachha,,967,3757,3757,0,
32,30,22,687,,1,*Naobhanga,,219,795,795,0,
32,30,22,722,,1,*Pakhra,,311,1051,1051,0,
32,30,22,811,,1,*Ramchandrapur,,568,2329,2329,0,
32,30,22,820,,1,*Rampura,,1247,4914,4914,0,
32,30,22,897,,1,*Sonaidanga Baikunthap,,567,2194,2194,0,
32,30,22,941,,1,*Taluk Sonaidanga,,358,1257,1257,0,
32,30,22,980,,1,*Uttar Haripur,,665,2533,2533,0,
32,30,27,,,,Kamardaha Union Total,5965,8030,30806,30806,0,1276
32,30,27,047,,1,*Bagh Char,,595,2299,2299,0,
32,30,27,107,,1,*Barna,,137,638,638,0,
32,30,27,112,,1,*Barna Akub,,544,1829,1829,0,
32,30,27,127,,1,*Barna Chandra Sekhar,,607,2493,2493,0,
32,30,27,127,01,1,Barna Chandra Sekhar,,353,1419,1419,0,
32,30,27,127,02,1,Dingalkandi,,104,392,392,0,
32,30,27,127,03,1,Moghaltali,,150,682,682,0,
32,30,27,153,,1,*Betgara,,270,979,979,0,
32,30,27,162,,1,*Bhag Gopal,,430,1581,1581,0,
32,30,27,239,,1,*Chamargachha Parbatipur,,220,806,806,0,
32,30,27,245,,1,*Chand Para,,720,2658,2658,0,
32,30,27,503,,1,*Kamardaha,,1463,5677,5677,0,
32,30,27,509,,1,*Kandarpapur,,430,1652,1652,0,
32,30,27,621,,1,*Mahababpur,,349,1364,1364,0,
32,30,27,651,,1,*Masta,,943,3804,3804,0,
32,30,27,651,01,1,Masta Kanipara,,120,492,492,0,
32,30,27,651,02,1,Dakshinpara,,98,456,456,0,
32,30,27,651,03,1,Fakir Para,,10,35,35,0,
32,30,27,651,04,1,Nama Para,,110,427,427,0,
32,30,27,651,05,1,Ucha Masta,,147,599,599,0,
32,30,27,651,06,1,Sarkar Para,,120,460,460,0,
32,30,27,651,07,1,Sola Para,,109,400,400,0,
32,30,27,651,08,1,Patoni Para,,79,327,327,0,
32,30,27,651,09,1,Uttar Masta,,150,608,608,0,
32,30,27,657,,1,*Mekurai,,355,1344,1344,0,
32,30,27,666,,1,*Mahanagar,,136,550,550,0,
32,30,27,826,,1,*Rasulpur,,282,1027,1027,0,
32,30,27,838,,1,*Sahadad,,25,103,103,0,
32,30,27,843,,1,*Sayedpur,,166,632,632,0,
32,30,27,953,,1,*Tardaha,,358,1370,1370,0,
32,30,33,,,,Kamdia Union Total,9222,6658,25544,25544,0,684
32,30,33,056,,1,*Bailgaon,,204,746,746,0,
32,30,33,103,,1,*Baragaon,,371,1456,1456,0,
32,30,33,148,,1,*Besain,,296,1132,1132,0,
32,30,33,174,,1,*Bheur,,149,513,513,0,
32,30,33,236,,1,*Chalita,,94,314,314,0,
32,30,33,254,,1,*Changura,,190,688,688,0,
32,30,33,260,,1,*Chhatianchura,,524,1944,1944,0,
32,30,33,284,,1,*Chiargaon,,366,1482,1482,0,
32,30,33,316,,1,*Deogaon,,101,383,383,0,
32,30,33,331,,1,*Dhaoachila,,105,361,361,0,
32,30,33,379,,1,*Enayetpur,,449,1729,1729,0,
32,30,33,396,,1,*Gayeshwarpur,,87,282,282,0,
32,30,33,444,,1,*Haitar,,345,1254,1254,0,
32,30,33,506,,1,*Kamdia,,523,2149,2149,0,
32,30,33,565,,1,*Kochmari,,86,269,269,0,
32,30,33,627,,1,*Mahishmari,,235,835,835,0,
32,30,33,645,,1,*Manikpur,,196,759,759,0,
32,30,33,719,,1,*Paka,,239,977,977,0,
32,30,33,725,,1,*Palasatti,,141,557,557,0,
32,30,33,787,,1,*Puiagari,,463,1757,1757,0,
32,30,33,796,,1,*Raghunathpur,,236,977,977,0,
32,30,33,823,,1,*Rasiknagar,,140,554,554,0,
32,30,33,926,,1,*Sayampur,,196,720,720,0,
32,30,33,956,,1,*Teghara,,537,2079,2079,0,
32,30,33,962,,1,*Tirail,,127,626,626,0,
32,30,33,965,,1,*Tulat,,172,736,736,0,
32,30,33,971,,1,*Uthabi,,86,265,265,0,
32,30,39,,,,Katabari Union Total,8236,7359,28824,28824,0,865
32,30,39,032,,1,*Askur,,453,1616,1616,0,
32,30,39,032,01,1,Uttar Askur,,201,630,630,0,
32,30,39,032,02,1,Dakshin Askur,,252,986,986,0,
32,30,39,139,,1,*Bera Bisalia,,198,714,714,0,
32,30,39,142,,1,*Bera Buzruk,,128,508,508,0,
32,30,39,151,,1,*Betara,,398,1523,1523,0,
32,30,39,151,01,1,Khaten Para,,109,375,375,0,
32,30,39,151,02,1,Betra Para,,289,1148,1148,0,
32,30,39,186,,1,*Bisalia,,240,913,913,0,
32,30,39,201,,1,*Bogdaha,,2009,8148,8148,0,
32,30,39,201,01,1,Palpara,,814,3251,3251,0,
32,30,39,201,02,1,Kholoni,,772,3186,3186,0,
32,30,39,201,03,1,Balamari,,334,1425,1425,0,
32,30,39,201,04,1,Adampur,,89,286,286,0,
32,30,39,210,,1,*Buzruk Bera Arazi,,148,562,562,0,
32,30,39,384,,1,*Ferusa,,221,801,801,0,
32,30,39,384,01,1,Nama Para,,114,409,409,0,
32,30,39,384,02,1,Katalbari,,107,392,392,0,
32,30,39,515,,1,*Katabari,,2226,9115,9115,0,
32,30,39,515,01,1,1 No Para,,240,1002,1002,0,
32,30,39,515,02,1,2 No Para,,225,888,888,0,
32,30,39,515,03,1,5 No Para,,96,403,403,0,
32,30,39,515,04,1,Malekabad,,148,615,615,0,
32,30,39,515,05,1,Bogura Para,,259,930,930,0,
32,30,39,515,06,1,Bayro Para,,104,398,398,0,
32,30,39,515,07,1,Helali Para,,105,457,457,0,
32,30,39,515,08,1,Zagui Para,,259,1001,1001,0,
32,30,39,515,09,1,Kotra Para,,109,435,435,0,
32,30,39,515,10,1,Nasirabad,,270,1278,1278,0,
32,30,39,515,11,1,Hamidpur,,411,1708,1708,0,
32,30,39,518,,1,*Kanthalbari,,296,972,972,0,
32,30,39,518,01,1,Kanthalbari,,201,682,682,0,
32,30,39,518,02,1,Bera,,95,290,290,0,
32,30,39,775,,1,*Phulhar,,1042,3952,3952,0,
32,30,44,,,,Kochasahar Union Total,5030,8106,32022,32011,11,1573
32,30,44,029,,1,*Arazi Sahapur,,317,1232,1232,0,
32,30,44,076,,1,*Banagram,,458,1794,1794,0,
32,30,44,159,,1,*Bhag Garib,,460,1764,1764,0,
32,30,44,165,,1,*Bhag Kazi,,262,1036,1036,0,
32,30,44,293,,1,*Dakshin Chhaygharia,,285,1170,1170,0,
32,30,44,296,,1,*Dakshin Sholagari,,308,1139,1139,0,
32,30,44,334,,1,*Dharaikandi,,213,787,787,0,
32,30,44,337,,1,*Dharma,,331,1321,1321,0,
32,30,44,340,,1,*Dharmapur,,320,1252,1252,0,
32,30,44,432,,1,*Habibpur,,151,604,604,0,
32,30,44,438,,1,*Haripur,,447,1878,1878,0,
32,30,44,459,,1,*Jagannathpur,,1020,3877,3877,0,
32,30,44,556,,1,*Kochasahar,,332,1377,1377,0,
32,30,44,672,,1,*Mukundapur,,693,2822,2812,10,
32,30,44,769,,1,*Pepulia,,231,906,906,0,
32,30,44,829,,1,*Ratanpur,,341,1320,1320,0,
32,30,44,841,,1,*Sahapur,,292,1210,1210,0,
32,30,44,855,,1,*Shaktipur,,756,3071,3070,1,
32,30,44,882,,1,*Singa,,722,2793,2793,0,
32,30,44,915,,1,*Sudhar Dhap,,167,669,669,0,
32,30,50,,,,Mahimaganj Union Total,5907,9252,36791,36791,0,1539
32,30,50,062,,1,*Balua,,736,2909,2909,0,
32,30,50,071,,1,*Baman Hazra,,365,1236,1236,0,
32,30,50,198,,1,*Bochadaha,,480,1725,1725,0,
32,30,50,456,,1,*Jagadishpur,,459,1573,1573,0,
32,30,50,479,,1,*Jibanpur,,541,2073,2073,0,
32,30,50,482,,1,*Jirai,,674,2610,2610,0,
32,30,50,541,,1,*Khurda Gopalpur,,593,2680,2680,0,
32,30,50,589,,1,*Kumiradanga,,657,2502,2502,0,
32,30,50,737,,1,*Pantair,,2414,9973,9973,0,
32,30,50,740,,1,*Panthamari,,276,1157,1157,0,
32,30,50,740,01,1,Bara Panthamari,,150,629,629,0,
32,30,50,740,02,1,Chhota Panthamari,,126,528,528,0,
32,30,50,909,,1,*Sreepatipur,,2057,8353,8353,0,
32,30,55,,,,Nakai Union Total,6170,7308,28919,28919,0,1158
32,30,55,180,,1,*Bil Purandar,,81,251,251,0,
32,30,55,325,,1,*Dhankhunia,,488,1846,1846,0,
32,30,55,373,,1,*Dumurgachha,,840,3382,3382,0,
32,30,55,544,,1,*Khuksia,,1151,4358,4358,0,
32,30,55,586,,1,*Kumargari,,352,1407,1407,0,
32,30,55,601,,1,*Kunjanakai,,356,1457,1457,0,
32,30,55,681,,1,*Nakai,,570,2382,2382,0,
32,30,55,764,,1,*Patua,,1225,4872,4872,0,
32,30,55,781,,1,*Pogail,,1109,4442,4442,0,
32,30,55,790,,1,*Purandar,,471,1956,1956,0,
32,30,55,891,,1,*Sitalgram,,665,2566,2566,0,
32,30,61,,,,Rajahar Union Total,6323,5069,18967,18967,0,741
32,30,61,017,,1,*Anandipur,,171,657,657,0,
32,30,61,079,,1,*Baneshwar,,350,1308,1308,0,
32,30,61,118,,1,*Baratta,,643,2445,2445,0,
32,30,61,130,,1,*Barshao,,191,707,707,0,
32,30,61,156,,1,*Beurgram,,304,1077,1077,0,
32,30,61,322,,1,*Deota,,48,169,169,0,
32,30,61,328,,1,*Dhanial,,390,1530,1530,0,
32,30,61,349,,1,*Dhuturbari,,111,426,426,0,
32,30,61,364,,1,*Dogharia,,320,1249,1249,0,
32,30,61,367,,1,*Dublagari,,156,577,577,0,
32,30,61,405,,1,*Goalkandi,,25,101,101,0,
32,30,61,417,,1,*Gopalpur,,333,1057,1057,0,
32,30,61,473,,1,*Jhikrail,,219,828,828,0,
32,30,61,485,,1,*Kachua,,131,474,474,0,
32,30,61,583,,1,*Kukrail,,126,455,455,0,
32,30,61,689,,1,*Naogaon,,252,1034,1034,0,
32,30,61,695,,1,*Narasinhapur,,7,25,25,0,
32,30,61,784,,1,*Probhu Rampur,,256,1005,1005,0,
32,30,61,802,,1,*Rajahar Zinaut,,340,1257,1257,0,
32,30,61,879,,1,*Sihipur,,537,2014,2014,0,
32,30,61,879,01,1,Sihipur,,360,1367,1367,0,
32,30,61,879,02,1,Barai Para,,177,647,647,0,
32,30,61,994,,1,*Zinaut,,159,572,572,0,
32,30,67,,,,Rakhal Buruz Union Total,5434,6658,26373,26373,0,1199
32,30,67,222,,1,*Chak Makra,,310,1278,1278,0,
32,30,67,248,,1,*Chandpur,,171,674,674,0,
32,30,67,251,,1,*Chandpur Singha,,451,1790,1790,0,
32,30,67,263,,1,*Chhota Abhirampur,,325,1287,1287,0,
32,30,67,411,,1,*Gobindanagar,,279,1060,1060,0,
32,30,67,435,,1,*Harinathpur Bishpukur,,563,2264,2264,0,
32,30,67,488,,1,*Kajla,,240,909,909,0,
32,30,67,607,,1,*Lantala,,570,2149,2149,0,
32,30,67,610,,1,*Madardaha,,371,1410,1410,0,
32,30,67,701,,1,*Naya Para Krishnapur,,232,1063,1063,0,
32,30,67,728,,1,*Palashbari,,312,1184,1184,0,
32,30,67,734,,1,*Pania,,110,450,450,0,
32,30,67,746,,1,*Par Sonaidanga,,284,1095,1095,0,
32,30,67,808,,1,*Rakhal Buruz,,2042,8229,8229,0,
32,30,67,977,,1,*Uttar Dharmapur,,398,1531,1531,0,
32,30,72,,,,Shalmara Union Total,5114,6183,24152,24149,3,1167
32,30,72,115,,1,*Bara Paika,,305,1147,1147,0,
32,30,72,204,,1,*Buraburi,,302,1186,1186,0,
32,30,72,299,,1,*Damgachha,,380,1507,1507,0,
32,30,72,393,,1,*Garamara,,351,1576,1576,0,
32,30,72,429,,1,*Habiber Baiguni,,277,1085,1085,0,
32,30,72,450,,1,*Hiatpur,,354,1402,1402,0,
32,30,72,491,,1,*Kalakata Hamchapur,,412,1523,1523,0,
32,30,72,553,,1,*Kismater Baiguni,,84,345,345,0,
32,30,72,704,,1,*Nilkantapur,,186,643,643,0,
32,30,72,707,,1,*Niamater Baiguni,,264,966,966,0,
32,30,72,713,,1,*Pacharia,,271,1096,1096,0,
32,30,72,849,,1,*Sakhahati,,569,2290,2290,0,
32,30,72,858,,1,*Shalmara,,1240,4578,4575,3,
32,30,72,968,,1,*Ulipur,,771,3200,3200,0,
32,30,72,992,,1,*Uzirer Para,,417,1608,1608,0,
32,30,78,,,,Sapmara Union Total,7053,4868,18848,18848,0,660
32,30,78,213,,1,*Chahutpur,,84,308,308,0,
32,30,78,228,,1,*Chak Rahimapur,,606,2311,2311,0,
32,30,78,370,,1,*Dudhia,,198,714,714,0,
32,30,78,535,,1,*Khamar Para,,495,1942,1942,0,
32,30,78,562,,1,*Kogaria,,287,1297,1297,0,
32,30,78,568,,1,*Kotalpur,,128,492,492,0,
32,30,78,571,,1,*Kaucha Krishnapur,,535,1909,1909,0,
32,30,78,612,,1,*Madarpur,,226,894,894,0,
32,30,78,639,,1,*Malla,,43,156,156,0,
32,30,78,642,,1,*Madanpur,,330,1203,1203,0,
32,30,78,692,,1,*Narangabad,,464,1917,1917,0,
32,30,78,716,,1,*Pajaypur,,95,358,358,0,
32,30,78,731,,1,*Panditpur,,127,497,497,0,
32,30,78,817,,1,*Rampur,,400,1575,1575,0,
32,30,78,864,,1,*Sapmara,,170,653,653,0,
32,30,78,867,,1,*Sarai,,124,458,458,0,
32,30,78,944,,1,*Taraf Kamal,,556,2164,2164,0,
32,30,83,,,,Shakhahar Union Total,8397,6767,26124,26124,0,769
32,30,83,008,,1,*Aligaon,,655,2499,2499,0,
32,30,83,014,,1,*Amgaon,,281,1087,1087,0,
32,30,83,026,,1,*Arazi Piarapur,,330,1294,1294,0,
32,30,83,038,,1,*Ayabhangi,,292,1174,1174,0,
32,30,83,068,,1,*Balya,,194,756,756,0,
32,30,83,082,,1,*Banihali,,350,1376,1376,0,
32,30,83,085,,1,*Banihara,,248,990,990,0,
32,30,83,133,,1,*Battala,,193,742,742,0,
32,30,83,171,,1,*Bhat Para,,87,340,340,0,
32,30,83,290,,1,*Daihara,,201,804,804,0,
32,30,83,307,,1,*Dasnal,,447,1754,1754,0,
32,30,83,319,,1,*Deonala,,123,459,459,0,
32,30,83,343,,1,*Dhawa Chalita,,96,363,363,0,
32,30,83,358,,1,*Dighi Para,,38,140,140,0,
32,30,83,390,,1,*Garail,,66,234,234,0,
32,30,83,461,,1,*Jalta,,47,188,188,0,
32,30,83,467,,1,*Jankhur,,218,823,823,0,
32,30,83,476,,1,*Jirai,,97,391,391,0,
32,30,83,527,,1,*Kharita,,145,557,557,0,
32,30,83,547,,1,*Khursan,,189,714,714,0,
32,30,83,630,,1,*Maklain,,137,527,527,0,
32,30,83,669,,1,*Mollah Para,,178,718,718,0,
32,30,83,755,,1,*Parail,,204,747,747,0,
32,30,83,766,,1,*Pehula,,40,147,147,0,
32,30,83,778,,1,*Piarapur,,544,2063,2063,0,
32,30,83,805,,1,*Rajas,,532,2060,2060,0,
32,30,83,832,,1,*Roagaon,,530,2019,2019,0,
32,30,83,846,,1,*Shakhahar,,83,297,297,0,
32,30,83,876,,1,*Sihigaon,,166,659,659,0,
32,30,83,923,,1,*Surjyagari,,56,202,202,0,
32,30,89,,,,Shibpur Union Total,3770,5828,22188,22183,5,1454
32,30,89,097,,1,*Bara Tikri,,343,1345,1345,0,
32,30,89,106,,1,*Bara Khodapur,,108,430,430,0,
32,30,89,177,,1,*Bhita Sakoil,,233,925,925,0,
32,30,89,524,,1,*Keshabpur,,340,1328,1328,0,
32,30,89,580,,1,*Khiribari,,548,2080,2080,0,
32,30,89,624,,1,*Mahadebpur,,570,2115,2115,0,
32,30,89,636,,1,*Malancha,,413,1623,1623,0,
32,30,89,752,,1,*Para Kachua,,405,1679,1679,0,
32,30,89,835,,1,*Rudranagar,,301,1142,1142,0,
32,30,89,873,,1,*Shibpur,,1191,4165,4165,0,
32,30,89,900,,1,*Sonatala Sakhoil,,332,1275,1270,5,
32,30,89,906,,1,*Sreemukh,,374,1499,1499,0,
32,30,89,950,,1,*Tarani Para,,379,1419,1419,0,
32,30,89,989,,1,*Uttar Solagari,,291,1163,1163,0,
32,30,94,,,,Taluk Kanupur Union Total,7994,9035,35498,35498,0,1097
32,30,94,053,,1,*Bahadurpur,,336,1334,1334,0,
32,30,94,145,,1,*Bera Malancha,,721,2862,2862,0,
32,30,94,230,,1,*Chak Shibpur,,99,403,403,0,
32,30,94,233,,1,*Chak Sinhadanga,,301,1237,1237,0,
32,30,94,242,,1,*Chandipur,,457,1961,1961,0,
32,30,94,269,,1,*Chhota Jamalpur,,207,564,564,0,
32,30,94,272,,1,*Chhota Narayanpur,,230,906,906,0,
32,30,94,275,,1,*Hhota Narichagari,,243,992,992,0,
32,30,94,287,,1,*Chiargram Damadarpur,,170,667,667,0,
32,30,94,302,,1,*Damadarpur,,355,1431,1431,0,
32,30,94,310,,1,*Debottar Ramnathpur,,336,1306,1306,0,
32,30,94,313,,1,*Debpur,,185,582,582,0,
32,30,94,500,,1,*Kamal Narayanpur,,177,650,650,0,
32,30,94,512,,1,*Kapasia,,345,1290,1290,0,
32,30,94,654,,1,*Mathurapur,,352,1431,1431,0,
32,30,94,698,,1,*Narayanpur,,136,558,558,0,
32,30,94,710,,1,*Nodapur,,261,1019,1019,0,
32,30,94,749,,1,*Parsundail,,111,489,489,0,
32,30,94,772,,1,*Phulbari,,218,852,852,0,
32,30,94,793,,1,*Raghabpur,,220,829,829,0,
32,30,94,885,,1,*Sinhadanga,,313,1142,1142,0,
32,30,94,894,,1,*Somas Para,,848,3355,3355,0,
32,30,94,918,,1,*Sundail,,601,2383,2383,0,
32,30,94,932,,1,*Tajpur,,406,1653,1653,0,
32,30,94,935,,1,*Taluk Kanupur,,721,2833,2833,0,
32,30,94,959,,1,*Telia,,108,487,487,0,
32,30,94,974,,1,*Uttar Chhaygharia,,106,409,409,0,
32,30,94,983,,1,*Uttarpara,,472,1873,1873,0,
32,67,,,,,Palashbari Upazila Total,45774,63307,244792,244727,65,1321
32,67,,,,1,Palashbari Upazila,,57785,222133,222132,1,
32,67,,,,3,Palashbari Upazila,,5522,22659,22595,64,
32,67,13,,,,Barisal Union Total,5206,6966,27522,27522,0,1306
32,67,13,018,,1,*Amlagachhi,,473,1942,1942,0,
32,67,13,087,,1,*Barisal,,308,1259,1259,0,
32,67,13,105,,1,*Basudebpur,,480,1984,1984,0,
32,67,13,136,,1,*Bhabanipur,,506,1924,1924,0,
32,67,13,143,,1,*Bhagabanpur,,693,2661,2661,0,
32,67,13,198,,1,*Chalitadaha,,170,721,721,0,
32,67,13,217,,1,*Chaunia,,268,1022,1022,0,
32,67,13,248,,1,*Dakini,,152,614,614,0,
32,67,13,292,,1,*Dublagari,,582,2353,2353,0,
32,67,13,485,,1,*Kayar Para,,143,503,503,0,
32,67,13,659,,1,*Narayanpur,,360,1321,1321,0,
32,67,13,740,,1,*Paschim Gopinathpur,,343,1397,1397,0,
32,67,13,802,,1,*Purba Mirzapur,,144,561,561,0,
32,67,13,814,,1,*Purba Ramchandrapur,,116,426,426,0,
32,67,13,827,,1,*Roygram,,412,1595,1595,0,
32,67,13,845,,1,*Rampur,,709,2843,2843,0,
32,67,13,864,,1,*Sabdin Bhagabatipur,,940,3734,3734,0,
32,67,13,895,,1,*Sarbanga Bhaduria,,167,662,662,0,
32,67,19,,,,Betkapa Union Total,5029,7628,28188,28188,0,1385
32,67,19,055,,1,*Balarampur,,562,2034,2034,0,
32,67,19,130,,1,*Betkapa,,690,2567,2567,0,
32,67,19,223,,1,*Chhota Bauler Para,,183,702,702,0,
32,67,19,242,,1,*Daker Para,,269,1019,1019,0,
32,67,19,379,,1,*Haripur,,446,1450,1450,0,
32,67,19,385,,1,*Hasaner Para,,441,1661,1661,0,
32,67,19,516,,1,*Khamar Narail,,414,1582,1582,0,
32,67,19,559,,1,*Krishnapur,,502,1797,1797,0,
32,67,19,640,,1,*Muraripur,,474,1756,1756,0,
32,67,19,646,,1,*Mustafapur,,270,1057,1057,0,
32,67,19,652,,1,*Nandisahar,,608,2159,2159,0,
32,67,19,702,,1,*Par Amlagachhi,,545,2121,2121,0,
32,67,19,808,,1,*Purba Nayanpur,,468,1702,1702,0,
32,67,19,833,,1,*Rajnagar,,489,1660,1660,0,
32,67,19,858,,1,*Royati Narail,,564,2159,2159,0,
32,67,19,883,,1,*Sakoa,,381,1585,1585,0,
32,67,19,907,,1,*Satar Para,,322,1177,1177,0,
32,67,28,,,,Harinathpur Union Total,3225,4317,17103,17103,0,1310
32,67,28,149,,1,*Bhelakopa,,486,2000,2000,0,
32,67,28,360,,1,*Harinabari,,810,3213,3213,0,
32,67,28,366,,1,*Harinathpur,,1056,4185,4185,0,
32,67,28,547,,1,*Kismat Kewabari,,245,998,998,0,
32,67,28,621,,1,*Maradatia,,540,2199,2199,0,
32,67,28,976,,1,*Taluk Kewabari,,103,404,404,0,
32,67,28,988,,1,*Taluk Jamira,,1077,4104,4104,0,
32,67,38,,,,Hossainpur Union Total,5911,6089,23179,23179,0,969
32,67,38,006,,1,*Akbarnagar,,182,734,734,0,
32,67,38,037,,1,*Atgharia,,189,697,697,0,
32,67,38,043,,1,*Bahirdanga,,163,574,574,0,
32,67,38,192,,1,*Chakla,,72,273,273,0,
32,67,38,211,,1,*Cherenga,,190,633,633,0,
32,67,38,254,,1,*Daulatpur,,207,840,840,0,
32,67,38,267,,1,*Debipur,,83,329,329,0,
32,67,38,273,,1,*Debottar Kalagachhi,,207,713,713,0,
32,67,38,279,,1,*Digdari,,560,2199,2199,0,
32,67,38,404,,1,*Hossainpur,,437,1995,1995,0,
32,67,38,416,,1,*Jagannathpur,,233,921,921,0,
32,67,38,453,,1,*Jhapar,,392,1517,1517,0,
32,67,38,466,,1,*Kariata,,196,723,723,0,
32,67,38,522,,1,*Khasbari,,161,623,623,0,
32,67,38,534,,1,*Kismat Cherenga,,271,1078,1078,0,
32,67,38,584,,1,*Lakshmipur,,417,1571,1571,0,
32,67,38,590,,1,*Madhya Ramchandrapur,,508,1981,1981,0,
32,67,38,721,,1,*Paschim Faridpur,,230,716,716,0,
32,67,38,839,,1,*Ramkrishnapur,,208,767,767,0,
32,67,38,876,,1,*Saindaha,,164,544,544,0,
32,67,38,889,,1,*Salmara,,243,932,932,0,
32,67,38,901,,1,*Satana Naoda,,181,635,635,0,
32,67,38,932,,1,*Sisudaha,,199,700,700,0,
32,67,38,939,,1,*Sreekala,,157,566,566,0,
32,67,38,945,,1,*Sreekhandi,,239,918,918,0,
32,67,47,,,,Kishoregari Union Total,8445,8979,34814,34814,0,1019
32,67,47,024,,1,*Andua,,239,934,934,0,
32,67,47,031,,1,*Asmatpur,,440,1717,1717,0,
32,67,47,074,,1,*Bara Shimultala,,784,3047,3047,0,
32,67,47,111,,1,*Bengalia,,252,1007,1007,0,
32,67,47,124,,1,*Beradanga,,294,1132,1132,0,
32,67,47,174,,1,*Buzruk Tengra,,139,549,549,0,
32,67,47,186,,1,*Chakbala,,430,1742,1742,0,
32,67,47,286,,1,*Dighalkandi,,509,1955,1955,0,
32,67,47,310,,1,*Ganak Para,,240,934,934,0,
32,67,47,317,,1,*Ganeshpur,,150,559,559,0,
32,67,47,391,,1,*Hasankhor,,223,883,883,0,
32,67,47,410,,1,*Jafar,,185,723,723,0,
32,67,47,429,,1,*Jaitar,,328,1180,1180,0,
32,67,47,472,,1,*Kashiabari,,507,2015,2015,0,
32,67,47,478,,1,*Katali,,246,981,981,0,
32,67,47,491,,1,*Keshabpur,,201,682,682,0,
32,67,47,528,,1,*Khurda Tengra,,120,491,491,0,
32,67,47,541,,1,*Kishoregari,,685,2485,2485,0,
32,67,47,578,,1,*Lokmanpur,,116,502,502,0,
32,67,47,615,,1,*Manlispur,,192,774,774,0,
32,67,47,665,,1,*Nayana Naoda,,203,757,757,0,
32,67,47,696,,1,*Palashgachhi,,182,638,638,0,
32,67,47,733,,1,*Paschim Gopalpur,,181,712,712,0,
32,67,47,746,,1,*Paschim Mirzapur,,222,818,818,0,
32,67,47,752,,1,*Paschim Nayanpur,,291,1082,1082,0,
32,67,47,758,,1,*Paschim Ramchandrapur,,174,698,698,0,
32,67,47,764,,1,*Phalia,,147,598,598,0,
32,67,47,777,,1,*Praja Para,,132,483,483,0,
32,67,47,851,,1,*Rangamati,,81,368,368,0,
32,67,47,870,,1,*Saguna,,134,525,525,0,
32,67,47,926,,1,*Shimulia,,328,1297,1297,0,
32,67,47,957,,1,*Sultanpur Barai Para,,417,1665,1665,0,
32,67,47,982,,1,*Tekani,,207,881,881,0,
32,67,57,,,,Mohadipur Union Total,5034,8624,32652,32652,0,1603
32,67,57,068,,1,*Bara Gobindarpur,,461,1708,1708,0,
32,67,57,158,,1,*Bishnupur,,255,946,946,0,
32,67,57,161,,1,*Bisramgachhi,,360,1400,1400,0,
32,67,57,167,,1,*Buzruk Bishnupur,,595,2476,2476,0,
32,67,57,205,,1,*Chandipur,,405,1567,1567,0,
32,67,57,230,,1,*Chhota Bhagabanpur,,551,1974,1974,0,
32,67,57,261,,1,*Dayar Para,,214,855,855,0,
32,67,57,298,,1,*Durgapur,,1106,4094,4094,0,
32,67,57,304,,1,*Forkandapur,,216,752,752,0,
32,67,57,323,,1,*Garanata,,258,979,979,0,
32,67,57,329,,1,*Garieya,,214,811,811,0,
32,67,57,348,,1,*Goal Para,,463,1757,1757,0,
32,67,57,435,,1,*Jalagari Durgapur,,369,1476,1476,0,
32,67,57,447,,1,*Jhalingi,,476,1863,1863,0,
32,67,57,553,,1,*Kittar Para,,301,869,869,0,
32,67,57,596,,1,*Mohadipur,,835,3346,3346,0,
32,67,57,715,,1,*Parbatipur,,365,1384,1384,0,
32,67,57,771,,1,*Pipalijhore,,324,1222,1222,0,
32,67,57,789,,1,*Purba Gopalpur,,520,1917,1917,0,
32,67,57,963,,1,*Shyampur,,336,1256,1256,0,
32,67,66,,,,Manoharpur Union Total,5045,6470,24638,24638,0,1207
32,67,66,118,,1,*Ber Bamunia,,49,173,173,0,
32,67,66,155,,1,*Biramerbhita,,170,674,674,0,
32,67,66,335,,1,*Ghorabandha,,807,3127,3127,0,
32,67,66,354,,1,*Gupinathpur,,110,413,413,0,
32,67,66,497,,1,*Khamar Balua,,274,1049,1049,0,
32,67,66,503,,1,*Khamar Jamira,,246,966,966,0,
32,67,66,509,,1,*Khamar Mamudpur,,366,1441,1441,0,
32,67,66,565,,1,*Kumargari,,674,2567,2567,0,
32,67,66,572,,1,*Kumedpur,,1154,4191,4191,0,
32,67,66,634,,1,*Manoharpur,,1378,5278,5278,0,
32,67,66,671,,1,*Nim Daserbhita,,361,1400,1400,0,
32,67,66,820,,1,*Putimari,,211,844,844,0,
32,67,66,970,,1,*Taluk Ghorabandha,,670,2515,2515,0,
32,67,76,,,,Pabnapur Union Total,4145,5387,20665,20664,1,1232
32,67,76,049,,1,*Bala Bamania,,1062,3996,3996,0,
32,67,76,093,,1,*Barkatpur,,869,3220,3220,0,
32,67,76,609,,1,*Maliandi,,225,864,864,0,
32,67,76,628,,1,*Maymantapur,,220,862,862,0,
32,67,76,690,,1,*Pabnapur,,1124,4348,4348,0,
32,67,76,708,,1,*Parbamania,,412,1656,1655,1,
32,67,76,783,,1,*Purba Faridpur,,630,2371,2371,0,
32,67,76,795,,1,*Purba Gopinathpur,,845,3348,3348,0,
32,67,85,,,,Palashbari Union Total,3734,8847,36031,35967,64,2384
32,67,85,,,1,Palashbari Union,,3325,13372,13372,0,
32,67,85,,,3,Palashbari Union,,5522,22659,22595,64,
32,67,85,012,,1,*Ambari,,422,1707,1707,0,
32,67,85,062,,3,*Bairi Harinmari,,418,1742,1742,0,
32,67,85,080,,1,*Barai Para,,328,1318,1318,0,
32,67,85,099,,1,*Baskata,,214,846,846,0,
32,67,85,236,,1,*Chhota Shimultala,,202,789,789,0,
32,67,85,342,,3,*Giridharipur,,1456,6012,6012,0,
32,67,85,373,,3,*Harinmari,,468,1928,1909,19,
32,67,85,397,,1,*Hijalgari,,348,1425,1425,0,
32,67,85,422,,1,*Jagarjani,,268,1055,1055,0,
32,67,85,441,,3,*Jamalpur,,885,3580,3580,0,
32,67,85,460,,1,*Kalugari,,207,876,876,0,
32,67,85,603,,1,*Maheshpur,,319,1276,1276,0,
32,67,85,677,,3,*Nuniagari,,1094,4436,4424,12,
32,67,85,684,,1,*Nurpur,,390,1534,1534,0,
32,67,85,727,,3,*Paschim Goal Para,,250,1006,1006,0,
32,67,85,914,,3,*Shibrampur,,326,1370,1337,33,
32,67,85,920,,1,*Sreedhangram,,237,932,932,0,
32,67,85,951,,1,*Suigram,,390,1614,1614,0,
32,67,85,994,,3,*Uday Sagar,,625,2585,2585,0,
32,82,,,,,Sadullapur Upazila Total,56866,75235,287426,287425,1,1249
32,82,,,,1,Sadullapur Upazila,,72103,275135,275134,1,
32,82,,,,3,Sadullapur Upazila,,3132,12291,12291,0,
32,82,13,,,,Banagram Union Total,4645,7365,28527,28527,0,1518
32,82,13,,,1,Banagram Union,,4950,18923,18923,0,
32,82,13,,,3,Banagram Union,,2415,9604,9604,0,
32,82,13,047,,1,*Badlagari,,890,3374,3374,0,
32,82,13,143,,1,*Buzruk Patanosa,,344,1373,1373,0,
32,82,13,251,,1,*Chhota Gayespur,,202,790,790,0,
32,82,13,395,,1,*Habibullahpur,,320,1192,1192,0,
32,82,13,437,,1,*Ichhabpur,,570,2310,2310,0,
32,82,13,485,,3,*Jayenpur,,1077,4271,4271,0,
32,82,13,521,,3,*Kazibari Sontala,,700,2760,2760,0,
32,82,13,575,,1,*Khurda Patanosa,,429,1580,1580,0,
32,82,13,635,,1,*Kismat Sherpur,,633,2368,2368,0,
32,82,13,707,,1,*Manduar,,1328,5037,5037,0,
32,82,13,869,,3,*Sadullapur,,638,2573,2573,0,
32,82,13,875,,1,*Salaipur,,234,899,899,0,
32,82,17,,,,Bhatgram Union Total,5250,7191,26832,26832,0,1263
32,82,17,089,,1,*Bhagabanpur,,461,1766,1766,0,
32,82,17,101,,1,*Bhatgram,,789,2996,2996,0,
32,82,17,107,,1,*Birahimpur,,295,1112,1112,0,
32,82,17,125,,1,*Buzruk Jamalpur,,517,1931,1931,0,
32,82,17,155,,1,*Buzruk Ruhia,,240,937,937,0,
32,82,17,269,,1,*Dakshin Durgapur,,208,688,688,0,
32,82,17,281,,1,*Dakshin Sontala,,641,2414,2414,0,
32,82,17,365,,1,*Ganga Narayanpur,,526,1985,1985,0,
32,82,17,551,,1,*Khoda Baksa,,392,1499,1499,0,
32,82,17,557,,1,*Khurda Amdahar,,190,734,734,0,
32,82,17,587,,1,*Khurda Ruhia,,489,1632,1632,0,
32,82,17,653,,1,*Krishnapur,,680,2470,2470,0,
32,82,17,923,,1,*Tarafal,,485,1802,1802,0,
32,82,17,953,,1,*Taraf Mahadi,,398,1513,1513,0,
32,82,17,971,,1,*Tiagachha,,640,2387,2387,0,
32,82,17,977,,1,*Tiagachha Bhabanipur,,240,966,966,0,
32,82,25,,,,Damodarpur Union Total,6183,6863,25931,25930,1,1036
32,82,25,095,,1,*Bhangamor,,1695,6314,6314,0,
32,82,25,287,,1,*Damodarpur,,2226,8606,8606,0,
32,82,25,467,,1,*Jamudanga,,1571,5725,5724,1,
32,82,25,605,,1,*Kismat Barabari,,334,1214,1214,0,
32,82,25,611,,1,*Kismat Dasalia,,335,1399,1399,0,
32,82,25,629,,1,*Kismat Kheju,,349,1294,1294,0,
32,82,25,731,,1,*Maruadaha,,353,1379,1379,0,
32,82,34,,,,Dhaperhat Union Total,6117,7695,30597,30597,0,1236
32,82,34,011,,1,*Alinagar,,597,2164,2164,0,
32,82,34,029,,1,*Arazi Chhatragachha,,216,857,857,0,
32,82,34,065,,1,*Bara Chhatragachha,,462,1807,1807,0,
32,82,34,119,,1,*Boalidaha,,550,2161,2161,0,
32,82,34,209,,1,*Chak Sarai,,192,771,771,0,
32,82,34,233,,1,*Chhaigari Gobindapur,,415,1674,1674,0,
32,82,34,245,,1,*Chhata Chhatragachha,,287,1144,1144,0,
32,82,34,383,,1,*Gobindapur,,448,1897,1897,0,
32,82,34,413,,1,*Hasan Para,,596,2391,2391,0,
32,82,34,431,,1,*Hingar Para,,416,1594,1594,0,
32,82,34,455,,1,*Islampur,,215,780,780,0,
32,82,34,545,,1,*Khamar Para,,213,816,816,0,
32,82,34,677,,1,*Madhyapara,,298,1367,1367,0,
32,82,34,719,,1,*Mangala Para,,224,854,854,0,
32,82,34,725,,1,*Maoagari,,321,1259,1259,0,
32,82,34,761,,1,*Nijpara,,822,3296,3296,0,
32,82,34,785,,1,*Palan Para,,450,1853,1853,0,
32,82,34,857,,1,*Sadar Para,,230,917,917,0,
32,82,34,863,,1,*Sadi Para,,116,476,476,0,
32,82,34,917,,1,*Tati Para,,146,516,516,0,
32,82,34,982,,1,*Tilak Para,,264,1195,1195,0,
32,82,34,988,,1,*Uttarpara,,217,808,808,0,
32,82,43,,,,Faridpur Union Total,5311,6870,25917,25917,0,1206
32,82,43,005,,1,*Aldadpur,,196,770,770,0,
32,82,43,053,,1,*Badal Khan,,305,1145,1145,0,
32,82,43,113,,1,*Bishnupur,,266,993,993,0,
32,82,43,173,,1,*Chak Gobindapur,,504,1963,1963,0,
32,82,43,221,,1,*Chand Karim,,334,1261,1261,0,
32,82,43,293,,1,*Dari Jamalpur,,231,905,905,0,
32,82,43,299,,1,*Dari Tajpur,,183,617,617,0,
32,82,43,359,,1,*Faridpur,,1276,4781,4781,0,
32,82,43,449,,1,*Isabpur,,337,1267,1267,0,
32,82,43,461,,1,*Jamalpur,,232,871,871,0,
32,82,43,593,,1,*Kismat Anantapur,,178,660,660,0,
32,82,43,689,,1,*Maheshpur,,988,3628,3628,0,
32,82,43,743,,1,*Mirpur,,398,1605,1605,0,
32,82,43,755,,1,*Nayanpur,,422,1570,1570,0,
32,82,43,845,,1,*Sabek Jamalpur,,210,825,825,0,
32,82,43,851,,1,*Sabek Tajpur,,327,1236,1236,0,
32,82,43,881,,1,*Sherpur,,154,562,562,0,
32,82,43,899,,1,*Taherpur Pirojpur,,329,1258,1258,0,
32,82,51,,,,Idilpur Union Total,5925,7377,29404,29404,0,1226
32,82,51,014,,1,*Alipur,,88,405,405,0,
32,82,51,161,,1,*Chak Bhagabanpur,,581,2269,2269,0,
32,82,51,161,01,1,Sarkar Para,,344,1330,1330,0,
32,82,51,161,02,1,Mollah Para,,91,359,359,0,
32,82,51,161,03,1,Uttarpara,,146,580,580,0,
32,82,51,167,,1,*Chak Durgapur,,154,591,591,0,
32,82,51,185,,1,*Chak Naleya,,18,51,51,0,
32,82,51,197,,1,*Chak Nadi,,385,1493,1493,0,
32,82,51,227,,1,*Chandipur,,113,429,429,0,
32,82,51,263,,1,*Dakshin Chak Daria,,155,609,609,0,
32,82,51,275,,1,*Dakshin Lakshimipur,,390,1564,1564,0,
32,82,51,275,01,1,Pali Lakshmipur,,120,468,468,0,
32,82,51,275,02,1,Khathal Lakshmipur,,270,1096,1096,0,
32,82,51,305,,1,*Dari Para,,150,638,638,0,
32,82,51,335,,1,*Dharai,,264,1100,1100,0,
32,82,51,347,,1,*Ekbarpur,,176,694,694,0,
32,82,51,377,,1,*Gobinda Ray Debottar,,672,2738,2738,0,
32,82,51,377,01,1,Baghjana,,209,844,844,0,
32,82,51,377,02,1,Cherenga,,345,1402,1402,0,
32,82,51,377,03,1,Kismat Ambari,,118,492,492,0,
32,82,51,407,,1,*Harinathpur,,221,1042,1042,0,
32,82,51,443,,1,*Idilpur,,422,1692,1692,0,
32,82,51,491,,1,*Jogibari,,334,1337,1337,0,
32,82,51,491,01,1,Jogibari,,240,985,985,0,
32,82,51,491,02,1,Kuti Para,,94,352,352,0,
32,82,51,503,,1,*Kabilpur Sonatola,,298,1190,1190,0,
32,82,51,647,,1,*Kona Para,,214,794,794,0,
32,82,51,665,,1,*Kunja Mahipur,,548,2157,2157,0,
32,82,51,695,,1,*Mahipur,,584,2340,2340,0,
32,82,51,737,,1,*Mazompur,,295,1160,1160,0,
32,82,51,737,01,1,Mazompur,,217,852,852,0,
32,82,51,737,02,1,Kuli Para,,78,308,308,0,
32,82,51,767,,1,*Nischintapur,,95,446,446,0,
32,82,51,827,,1,*Raghabendrapur,,281,1134,1134,0,
32,82,51,839,,1,*Rupnathpur,,107,333,333,0,
32,82,51,905,,1,*Tajnagar,,138,578,578,0,
32,82,51,959,,1,*Taraf Pahari,,423,1612,1612,0,
32,82,51,965,,1,*Taraf Sadullah,,271,1008,1008,0,
32,82,60,,,,Jamalpur Union Total,5785,7887,30239,30239,0,1292
32,82,60,,,1,Jamalpur Union,,7170,27552,27552,0,
32,82,60,,,3,Jamalpur Union,,717,2687,2687,0,
32,82,60,035,,1,*Arazi Jamalpur,,192,912,912,0,
32,82,60,083,,1,*Bara Jamalpur,,964,3705,3705,0,
32,82,60,149,,1,*Buzruk Rasulpur,,491,1780,1780,0,
32,82,60,203,,1,*Chak Salaipur,,220,850,850,0,
32,82,60,257,,1,*Chikni,,340,1393,1393,0,
32,82,60,317,,1,*Daudpur,,455,1701,1701,0,
32,82,60,341,,1,*Durgapur,,192,782,782,0,
32,82,60,353,,1,*Enayetpur,,670,2667,2667,0,
32,82,60,371,,1,*Gayespur,,565,2122,2122,0,
32,82,60,389,,1,*Gopalpur,,210,839,839,0,
32,82,60,401,,3,*Hamindapur,,717,2687,2687,0,
32,82,60,515,,1,*Kandarpa Manoharpur,,236,856,856,0,
32,82,60,581,,1,*Khurda Rasulpur,,640,2654,2654,0,
32,82,60,797,,1,*Patilkura Chak Daria,,371,1277,1277,0,
32,82,60,803,,1,*Patilkura,,472,1743,1743,0,
32,82,60,887,,1,*Sreekala,,570,2091,2091,0,
32,82,60,929,,1,*Taraf Bajit,,582,2180,2180,0,
32,82,69,,,,Khurda Kamarpur Union Total,2903,4424,16944,16944,0,1442
32,82,69,077,,1,*Bara Gopalpur,,501,1981,1981,0,
32,82,69,131,,1,*Buzruk Mujahidpur,,141,494,494,0,
32,82,69,137,,1,*Buzruk Pakuria,,226,830,830,0,
32,82,69,323,,1,*Daulatpur,,378,1456,1456,0,
32,82,69,473,,1,*Janipur,,432,1732,1732,0,
32,82,69,563,,1,*Khorda Kamarpur,,479,1816,1816,0,
32,82,69,569,,1,*Khurda Mujahidpur,,300,1212,1212,0,
32,82,69,617,,1,*Kismat Durgapur,,261,952,952,0,
32,82,69,779,,1,*Paika,,266,1070,1070,0,
32,82,69,809,,1,*Phulbari,,764,2857,2857,0,
32,82,69,911,,1,*Taluk Haridas,,525,1960,1960,0,
32,82,69,941,,1,*Taraf Jahan,,151,584,584,0,
32,82,77,,,,'  Kamar Para' Union Total,4279,5643,21528,21528,0,1243
32,82,77,419,,1,*Hatbamni,,1946,7308,7308,0,
32,82,77,419,01,1,Uttar Hatbamni,,932,3463,3463,0,
32,82,77,419,02,1,Madhyam Hatbamni,,481,1818,1818,0,
32,82,77,419,03,1,Dakshin Hatbamni,,533,2027,2027,0,
32,82,77,425,,1,*Hiali,,243,891,891,0,
32,82,77,527,,1,*Kesalidanga,,1281,4945,4945,0,
32,82,77,527,01,1,Purba Kesalidanga,,663,2475,2475,0,
32,82,77,527,02,1,Paschim Kesalidanga,,618,2470,2470,0,
32,82,77,533,,1,*Khamar Bagchi,,202,747,747,0,
32,82,77,533,01,1,Khamar Bagchi,,129,470,470,0,
32,82,77,533,02,1,Khamar Bagchi (Part),,73,277,277,0,
32,82,77,599,,1,*Kismat Bagchi,,718,2809,2809,0,
32,82,77,671,,1,*Lakshmipur,,874,3270,3270,0,
32,82,77,773,,1,*Nurpur,,379,1558,1558,0,
32,82,86,,,,'  Naldanga' Union Total,5134,7139,27176,27176,0,1308
32,82,86,311,,1,*Dasalia,,604,2381,2381,0,
32,82,86,539,,1,*Khamar Dasalia,,1734,6511,6511,0,
32,82,86,623,,1,*Kismat Hamid,,634,2400,2400,0,
32,82,86,713,,1,*Manduar Para,,700,2664,2664,0,
32,82,86,749,,1,*Naldanga,,1084,4415,4415,0,
32,82,86,821,,1,*Pratab,,1074,3824,3824,0,
32,82,86,893,,1,*Sreerampur,,1309,4981,4981,0,
32,82,94,,,,Rasulpur Union Total,5332,6781,24331,24331,0,1128
32,82,94,023,,1,*Arazi Chandiapur,,207,747,747,0,
32,82,94,041,,1,*Arazi Taraf Kamal,,367,1281,1281,0,
32,82,94,059,,1,*Baishtam Das,,815,2847,2847,0,
32,82,94,071,,1,*Bara Daudpur,,1140,4058,4058,0,
32,82,94,191,,1,*Chak Narayan,,139,483,483,0,
32,82,94,239,,1,*Chandiapur,,669,2371,2371,0,
32,82,94,479,,1,*Joydeb,,159,594,594,0,
32,82,94,497,,1,*Junidpur,,410,1491,1491,0,
32,82,94,641,,1,*Kismat Tajpur,,201,749,749,0,
32,82,94,701,,1,*Mahishbandi,,561,2025,2025,0,
32,82,94,833,,1,*Rasulpur,,1185,4365,4365,0,
32,82,94,935,,1,*Taraf Fazil,,484,1705,1705,0,
32,82,94,947,,1,*Taraf Kamal,,444,1615,1615,0,
32,88,,,,,Saghata Upazila Total,57087,68954,267819,267805,14,1159
32,88,,,,1,Saghata Upazila,,65037,251936,251935,1,
32,88,,,,3,Saghata Upazila,,3917,15883,15870,13,
32,88,13,,,,Bhartkhali Union Total,3521,5837,23292,23292,0,1635
32,88,13,187,,1,*Bhangamor,,609,2499,2499,0,
32,88,13,289,,1,*Chithalia,,837,3249,3249,0,
32,88,13,391,,1,*Gatia,,887,3638,3638,0,
32,88,13,663,,1,*Kukrarhat,,737,2963,2963,0,
32,88,13,705,,1,*Mandura,,594,2341,2341,0,
32,88,13,875,,1,*Sakoa,,377,1523,1523,0,
32,88,13,884,,1,*Shankibhanga,,347,1362,1362,0,
32,88,13,986,,1,*Ulla,,1449,5717,5717,0,
32,88,19,,,,Bonar Para Union Total,5661,8089,32627,32614,13,1424
32,88,19,,,1,Bonar Para Union,,5697,22574,22574,0,
32,88,19,,,3,Bonar Para Union,,2392,10053,10040,13,
32,88,19,119,,1,*Bati,,718,2987,2987,0,
32,88,19,204,,3,*Bonar Para,,365,1493,1493,0,
32,88,19,306,,1,*Daldalia,,599,2435,2435,0,
32,88,19,348,,1,*Durgapur,,794,3030,3030,0,
32,88,19,450,,1,*Helencha,,395,1538,1538,0,
32,88,19,569,,1,*Kalpani,,729,2889,2889,0,
32,88,19,722,,1,*Moymantapur,,237,957,957,0,
32,88,19,841,,1,*Raghabpur,,1855,7323,7323,0,
32,88,19,935,,3,*Shimultari (Uz.H.Q.),,2027,8560,8547,13,
32,88,19,960,,1,*Telian,,370,1415,1415,0,
32,88,28,,,,Ghuridaha Union Total,5148,6719,26110,26110,0,1253
32,88,28,127,,1,*Baulia,,245,902,902,0,
32,88,28,280,,1,*Chinirpatal,,527,1920,1920,0,
32,88,28,399,,1,*Ghuridaha,,858,3230,3230,0,
32,88,28,484,,1,*Jadurtair,,606,2463,2463,0,
32,88,28,518,,1,*Jhara Barsha,,983,4109,4109,0,
32,88,28,595,,1,*Kamalpur,,179,728,728,0,
32,88,28,714,,1,*Mathar Para,,1114,4325,4325,0,
32,88,28,765,,1,*Pabantair,,1760,6611,6611,0,
32,88,28,765,01,1,Pabantair,,1132,4352,4352,0,
32,88,28,765,02,1,Khamar Pabantair,,628,2259,2259,0,
32,88,28,773,,1,*Pacha Basta,,220,869,869,0,
32,88,28,824,,1,*Purba Anantapur,,227,953,953,0,
32,88,38,,,,Haldia Union Total,11557,5775,21862,21862,0,467
32,88,38,161,,1,*Bera,,677,2636,2636,0,
32,88,38,331,,1,*Dighalkandi,,1411,5621,5621,0,
32,88,38,382,,1,*Garamara C.P,,320,1184,1184,0,
32,88,38,408,,1,*Gobindapur,,838,3284,3284,0,
32,88,38,433,,1,*Guabari,,220,767,767,0,
32,88,38,442,,1,*Haldia,,592,1937,1937,0,
32,88,38,612,,1,*Kanai Para,,90,309,309,0,
32,88,38,671,,1,*Kumar Para,,309,1203,1203,0,
32,88,38,739,,1,*Nalchhia,,547,2110,2110,0,
32,88,38,807,,1,*Patilbari,,771,2811,2811,0,
32,88,47,,,,Jummerbari Union Total,4478,7686,30046,30046,0,1658
32,88,47,008,,1,*Abdullar Para,,169,587,587,0,
32,88,47,025,,1,*Amdir Para,,760,3010,3010,0,
32,88,47,042,,1,*Badinar Para,,532,2076,2076,0,
32,88,47,051,,1,*Bagarbhita,,397,1596,1596,0,
32,88,47,110,,1,*Basanter Para,,625,2328,2328,0,
32,88,47,136,,1,*Bajitnagar,,516,1916,1916,0,
32,88,47,153,,1,*Bengar Para,,190,777,777,0,
32,88,47,255,,1,*Chand Para,,211,869,869,0,
32,88,47,297,,1,*Daichara,,262,990,990,0,
32,88,47,535,,1,*Jumarbari,,305,1276,1276,0,
32,88,47,603,,1,*Kamar Para,,1028,3998,3998,0,
32,88,47,620,,1,*Kathur,,259,1164,1164,0,
32,88,47,680,,1,*Kunda Para,,293,1290,1290,0,
32,88,47,697,,1,*Mamudpur,,739,2989,2989,0,
32,88,47,731,,1,*Mechhat,,532,1895,1895,0,
32,88,47,977,,1,*Thaikarer Para,,868,3285,3285,0,
32,88,57,,,,Kachua Union Total,5219,7073,27196,27195,1,1288
32,88,57,034,,1,*Anantapur,,508,1955,1955,0,
32,88,57,068,,1,*Balua,,178,690,690,0,
32,88,57,093,,1,*Baraikandi,,300,1206,1206,0,
32,88,57,221,,1,*Burungi,,689,2588,2588,0,
32,88,57,246,,1,*Chandanpat,,440,1666,1666,0,
32,88,57,357,,1,*Gachhabari,,745,3087,3087,0,
32,88,57,510,,1,*Jhailtala,,200,727,727,0,
32,88,57,544,,1,*Kachua,,877,3437,3437,0,
32,88,57,756,,1,*Osmaner Para,,542,1994,1994,0,
32,88,57,790,,1,*Pachiarpur,,240,955,955,0,
32,88,57,799,,1,*Pathan Para,,642,2323,2323,0,
32,88,57,850,,1,*Ramnagar,,678,2627,2627,0,
32,88,57,901,,1,*Satitala,,240,988,988,0,
32,88,57,994,,1,*Ulia Sonatala,,794,2953,2952,1,
32,88,66,,,,Kamaler Para Union Total,6183,9408,35920,35920,0,1436
32,88,66,017,,1,*Aggargaria,,273,1130,1130,0,
32,88,66,059,,1,*Baliarber,,150,672,672,0,
32,88,66,076,,1,*Bhangabari,,192,752,752,0,
32,88,66,102,,1,*Barakona,,657,2520,2520,0,
32,88,66,170,,1,*Bhagabanpur,,184,621,621,0,
32,88,66,238,,1,*Chakuli,,332,1295,1295,0,
32,88,66,272,,1,*Chhilmaner Para,,339,1292,1292,0,
32,88,66,365,,1,*Gajaria,,501,1748,1748,0,
32,88,66,425,,1,*Gorer Para,,241,901,901,0,
32,88,66,459,,1,*Hapania,,213,802,802,0,
32,88,66,493,,1,*Jalaltair,,293,1119,1119,0,
32,88,66,501,,1,*Jangalia,,619,2377,2377,0,
32,88,66,561,,1,*Kaichara,,1256,4595,4595,0,
32,88,66,561,01,1,Kaichara,,612,2252,2252,0,
32,88,66,561,02,1,Monglay Para,,471,1717,1717,0,
32,88,66,561,03,1,Char Para,,173,626,626,0,
32,88,66,586,,1,*Kamaler Para,,669,2572,2572,0,
32,88,66,637,,1,*Kingkarpur,,194,674,674,0,
32,88,66,748,,1,*Nasirar Para,,364,1450,1450,0,
32,88,66,782,,1,*Pachh Gargaria,,371,1412,1412,0,
32,88,66,816,,1,*Phalia Digar,,1447,5677,5677,0,
32,88,66,816,01,1,Pakurtala,,419,1649,1649,0,
32,88,66,816,02,1,Panchpur,,429,1701,1701,0,
32,88,66,816,03,1,Phalia,,599,2327,2327,0,
32,88,66,867,,1,*Sahabazer Para,,168,640,640,0,
32,88,66,918,,1,*Shimulbari,,351,1275,1275,0,
32,88,66,926,,1,*Shimulbaria,,337,1375,1375,0,
32,88,66,943,,1,*Sujalpur,,257,1021,1021,0,
32,88,76,,,,Padumsahar Union Total,5653,6929,26475,26475,0,1157
32,88,76,180,,1,*Chalk Datia,,1453,5616,5616,0,
32,88,76,340,,1,*Dimla Padumsahar,,2659,10046,10046,0,
32,88,76,340,01,1,Dakshinpara,,641,2566,2566,0,
32,88,76,340,02,1,Kumargari,,402,1459,1459,0,
32,88,76,340,03,1,Mazider Bhita,,524,1918,1918,0,
32,88,76,340,04,1,Shil Para,,224,834,834,0,
32,88,76,340,05,1,Kotal Para,,204,808,808,0,
32,88,76,340,06,1,Madhyapara,,244,921,921,0,
32,88,76,340,07,1,Jordoba,,420,1540,1540,0,
32,88,76,969,,1,*Tepa Padumsahar,,2817,10813,10813,0,
32,88,76,969,01,1,Miabari Mahish Lathi,,565,2260,2260,0,
32,88,76,969,02,1,Bharat Mandal Para No-1,,219,835,835,0,
32,88,76,969,03,1,Bharat Mandal Para No-2,,231,891,891,0,
32,88,76,969,04,1,Kani Para,,335,1389,1389,0,
32,88,76,969,05,1,Char Para,,352,1230,1230,0,
32,88,76,969,06,1,Sattakore,,213,784,784,0,
32,88,76,969,07,1,Ullah Para,,418,1612,1612,0,
32,88,76,969,08,1,Mukti Para,,484,1812,1812,0,
32,88,85,,,,Saghata Union Total,6019,5846,22539,22539,0,925
32,88,85,,,1,Saghata Union,,4321,16709,16709,0,
32,88,85,,,3,Saghata Union,,1525,5830,5830,0,
32,88,85,085,,1,*Banshata,,353,1471,1471,0,
32,88,85,212,,1,*Bugarpatal,,35,119,119,0,
32,88,85,416,,1,*Gobindi,,612,2614,2614,0,
32,88,85,467,,3,*Hasilkandi,,907,3429,3429,0,
32,88,85,476,,1,*Hatbari,,282,1087,1087,0,
32,88,85,527,,1,*Jogi Para,,1105,4196,4196,0,
32,88,85,552,,1,*Kachuahat,,810,2917,2917,0,
32,88,85,858,,3,*Saghata,,618,2401,2401,0,
32,88,85,892,,1,*Sathalia,,1124,4305,4305,0,
32,88,95,,,,Muktanagar Union Total,3647,5592,21752,21752,0,1474
32,88,95,144,,1,*Beltail,,631,2534,2534,0,
32,88,95,195,,1,*Bharatkhali,,891,3691,3691,0,
32,88,95,229,,1,*Chakchakia,,371,1463,1463,0,
32,88,95,314,,1,*Dhanaruha,,400,1544,1544,0,
32,88,95,323,,1,*Dhanghara,,430,1469,1469,0,
32,88,95,629,,1,*Khamar Dhanaruha,,969,3563,3563,0,
32,88,95,654,,1,*Kukhatair,,407,1582,1582,0,
32,88,95,688,,1,*Majhbari,,191,710,710,0,
32,88,95,833,,1,*Putimari,,505,2067,2067,0,
32,88,95,952,,1,*Shyampur,,797,3129,3129,0,
32,91,,,,,Sundarganj Upazila Total,91394,122098,461920,461875,45,1249
32,91,,,,1,Sundarganj Upazila,,116940,441134,441091,43,
32,91,,,,2,Sundarganj Upazila,,4252,17168,17166,2,
32,91,,,,3,Sundarganj Upazila,,906,3618,3618,0,
32,91,,,,2,Sundarganj Paurashava,,4252,17168,17166,2,
32,91,01,,,,Ward No-01 Total,,834,3504,3502,2,
32,91,01,054,,2,*Bamanjal (Part),,511,2052,2050,2,
32,91,01,189,,2,*Chachia Mirganj (Part),,323,1452,1452,0,
32,91,02,,,,Ward No-02 Total,,590,2298,2298,0,
32,91,02,054,,2,*Bamanjal (Part),,392,1515,1515,0,
32,91,02,343,,2,*Gopalcharan (Part),,198,783,783,0,
32,91,03,,,,Ward No-03 Total,,498,2107,2107,0,
32,91,03,054,,2,*Bamanjal (Part),,56,238,238,0,
32,91,03,877,,2,*Sundarganj (Part),,442,1869,1869,0,
32,91,04,,,,Ward No-04 Total,,588,2177,2177,0,
32,91,04,343,,2,*Gopalcharan (Part),,40,162,162,0,
32,91,04,388,,2,*Hurabhaya Khan (Part),,306,1164,1164,0,
32,91,04,877,,2,*Sundarganj (Part),,242,851,851,0,
32,91,05,,,,Ward No-05 Total,,425,1602,1602,0,
32,91,05,388,,2,*Hurabhaya Khan (Part),,368,1396,1396,0,
32,91,05,407,,2,*Jaramandi (Part),,57,206,206,0,
32,91,06,,,,Ward No-06 Total,,247,1030,1030,0,
32,91,06,298,,2,*Dhumaitari (Part),,164,664,664,0,
32,91,06,388,,2,*Hurabhaya Khan (Part),,83,366,366,0,
32,91,07,,,,Ward No-07 Total,,352,1452,1452,0,
32,91,07,298,,2,*Dhumaitari (Part),,133,506,506,0,
32,91,07,786,,2,*Ramdaukua,,219,946,946,0,
32,91,08,,,,Ward No-08 Total,,289,1216,1216,0,
32,91,08,877,,2,*Sundarganj (Part),,289,1216,1216,0,
32,91,09,,,,Ward No-09 Total,,429,1782,1782,0,
32,91,09,877,,2,*Sundarganj (Part),,429,1782,1782,0,
32,91,11,,,,Bamandanga Union Total,8152,10979,40982,40982,0,1242
32,91,11,280,,1,*Deodoba,,856,3148,3148,0,
32,91,11,352,,1,*Baldi Para,,122,406,406,0,
32,91,11,379,,1,*Hatibandha,,777,2736,2736,0,
32,91,11,397,,1,*Jamal,,542,1964,1964,0,
32,91,11,587,,1,*Maniram,,678,2375,2375,0,
32,91,11,596,,1,*Maniram Kazi,,534,1959,1959,0,
32,91,11,606,,1,*Maniram Khamar,,300,1162,1162,0,
32,91,11,615,,1,*Manmatha,,2047,8326,8326,0,
32,91,11,633,,1,*Nagar Kathghara,,128,563,563,0,
32,91,11,669,,1,*Paitka Para,,345,1352,1352,0,
32,91,11,732,,1,*Taluk Phalgachha,,674,2589,2589,0,
32,91,11,741,,1,*Phalgachha,,1538,5399,5399,0,
32,91,11,777,,1,*Ramdhan,,784,2812,2812,0,
32,91,11,823,,1,*Satgiri,,1076,3990,3990,0,
32,91,11,913,,1,*Taluk Ramdeb,,578,2201,2201,0,
32,91,12,,,,Belka Union Total,5200,7608,27065,27065,0,1286
32,91,12,090,,1,*Bekrir Char,,231,845,845,0,
32,91,12,099,,1,*Belka,,3809,13672,13672,0,
32,91,12,099,01,1,Purba Belka,,1300,4638,4638,0,
32,91,12,099,02,1,Madhya Belka,,1398,5141,5141,0,
32,91,12,099,03,1,Paschim Belka,,1111,3893,3893,0,
32,91,12,108,,1,*Belka Nababganj,,1117,3734,3734,0,
32,91,12,425,,1,*Jigabari,,224,682,682,0,
32,91,12,524,,1,*Kismat Sadar,,519,1934,1934,0,
32,91,12,578,,1,*Majbaria,,240,887,887,0,
32,91,12,678,,1,*Panchananda Palastala,,222,759,759,0,
32,91,12,786,,1,*Ramdaukua,,587,2228,2228,0,
32,91,12,895,,1,*Taluk Belka,,659,2324,2324,0,
32,91,18,,,,Chandipur Union Total,4350,8551,32126,32126,0,1825
32,91,18,198,,1,*Chandipur,,2569,10027,10027,0,
32,91,18,198,01,1,Paschim Chandipur,,1082,4458,4458,0,
32,91,18,198,02,1,Purba Chandipur,,1487,5569,5569,0,
32,91,18,850,,1,*Sicha,,3399,13013,13013,0,
32,91,18,850,01,1,Uttar Sicha,,1238,4724,4724,0,
32,91,18,850,02,1,Dakshin Sicha,,1986,7634,7634,0,
32,91,18,850,03,1,Nutan Sicha,,175,655,655,0,
32,91,18,949,,1,*Ujan Bochagari,,2583,9086,9086,0,
32,91,18,949,01,1,Paschim Bochagari,,335,1239,1239,0,
32,91,18,949,02,1,Kamarer Bhita,,711,2566,2566,0,
32,91,18,949,03,1,Purba Bochagari,,1433,4888,4888,0,
32,91,18,949,04,1,Uzan Bochagari,,104,393,393,0,
32,91,25,,,,Chhaparhati Union Total,6593,9459,36038,36038,0,1351
32,91,25,262,,1,*Dakshin Maruadaha,,2962,11123,11123,0,
32,91,25,262,01,1,Sonalayer Para,,224,860,860,0,
32,91,25,262,02,1,Bamanir Para,,666,2543,2543,0,
32,91,25,262,03,1,Kakeytori,,514,1897,1897,0,
32,91,25,262,04,1,Dapachila,,750,2834,2834,0,
32,91,25,262,05,1,Chhayani,,448,1574,1574,0,
32,91,25,262,06,1,Baganerghat,,360,1415,1415,0,
32,91,25,488,,1,*Khamar Panchgachhi,,1072,4066,4066,0,
32,91,25,488,01,1,Purba Khamar,,510,1863,1863,0,
32,91,25,488,02,1,Paschim Khamar,,562,2203,2203,0,
32,91,25,714,,1,*Paschim Chhaparhati,,1927,7259,7259,0,
32,91,25,714,01,1,Takimari,,240,891,891,0,
32,91,25,714,02,1,Duramari,,240,836,836,0,
32,91,25,714,03,1,Kustari,,510,2131,2131,0,
32,91,25,714,04,1,Khan Para,,697,2518,2518,0,
32,91,25,714,05,1,Haudar Bhita,,240,883,883,0,
32,91,25,750,,1,*Purba Chhaparhati,,1606,6120,6120,0,
32,91,25,750,01,1,Katalerghat,,254,1031,1031,0,
32,91,25,750,02,1,Chartari,,982,3605,3605,0,
32,91,25,750,03,1,Maulvi Para,,370,1484,1484,0,
32,91,25,985,,1,*Uttar Maruadaha,,1892,7470,7470,0,
32,91,25,985,01,1,Dupnitari,,618,2494,2494,0,
32,91,25,985,02,1,Majhi Para,,412,1586,1586,0,
32,91,25,985,03,1,Uttar Maruadaha,,862,3390,3390,0,
32,91,31,,,,Dahabanda Union Total,3791,6567,23443,23436,7,1528
32,91,31,,,1,Dahabanda Union,,5661,19825,19818,7,
32,91,31,,,3,Dahabanda Union,,906,3618,3618,0,
32,91,31,009,,1,*Arazi Dahabanda,,280,1093,1093,0,
32,91,31,054,,1,*Bamanjal (Part),,455,1797,1797,0,
32,91,31,298,,1,*Dhumaitari (Part),,1541,5535,5535,0,
32,91,31,343,,1,*Gopalcharan (Part),,1293,3695,3688,7,
32,91,31,388,,1,*Hurabhayakhan (Part),,771,2659,2659,0,
32,91,31,407,,3,*Jaramandi (Part),,906,3618,3618,0,
32,91,31,416,,1,*Jhinia,,1321,5046,5046,0,
32,91,37,,,,Dhopadanga Union Total,7194,6630,24920,24901,19,856
32,91,37,072,,1,*Bazra Haldia,,621,2304,2304,0,
32,91,37,162,,1,*Biswas Haldia,,639,2291,2291,0,
32,91,37,253,,1,*Dakshin Dhopadanga,,930,3608,3608,0,
32,91,37,370,,1,*Hatia,,711,2516,2516,0,
32,91,37,506,,1,*Kismat Dhopadanga,,306,1140,1140,0,
32,91,37,515,,1,*Kismat Haldia,,1107,4029,4026,3,
32,91,37,768,,1,*Rajibpur,,1955,7623,7607,16,
32,91,37,768,01,1,Dakshin Rajibpur,,623,2416,2400,16,
32,91,37,768,02,1,Uttar Rajibpur,,895,3511,3511,0,
32,91,37,768,03,1,Paschim Rajibpur,,437,1696,1696,0,
32,91,37,976,,1,*Uttar Dhopadanga,,361,1409,1409,0,
32,91,44,,,,Haripur Union Total,6219,5894,21846,21839,7,868
32,91,44,217,,1,*Char Choritabari,,1573,5690,5690,0,
32,91,44,217,01,1,Char Choritabari,,651,2302,2302,0,
32,91,44,217,02,1,Kani Choritabari,,922,3388,3388,0,
32,91,44,226,,1,*Char Haripur,,221,912,912,0,
32,91,44,244,,1,*Choritabari,,791,2765,2765,0,
32,91,44,361,,1,*Haripur,,172,694,694,0,
32,91,44,542,,1,*Lakhir Para (Khorpara,,932,3449,3442,7,
32,91,44,569,,1,*Madari Para Haripur,,645,2676,2676,0,
32,91,44,696,,1,*Parasadua,,779,2788,2788,0,
32,91,44,723,,1,*Patrakhata,,112,448,448,0,
32,91,44,759,,1,*Raghab,,318,1133,1133,0,
32,91,44,967,,1,*Ujan Teora,,351,1291,1291,0,
32,91,50,,,,Kanchibari Union Total,5121,9036,35707,35702,5,1723
32,91,50,036,,1,*Bajra Kanchibari,,889,3386,3386,0,
32,91,50,235,,1,*Chhaygharia,,824,3448,3448,0,
32,91,50,307,,1,*Dulal,,2017,8021,8021,0,
32,91,50,434,,1,*Kalir Khamar,,2306,8899,8894,5,
32,91,50,443,,1,*Kanchibari,,1875,7514,7514,0,
32,91,50,832,,1,*Satirjan,,1125,4439,4439,0,
32,91,56,,,,Kapasia Union Total,7135,3660,14011,14011,0,485
32,91,56,126,,1,*Bhati Bochagari,,262,935,935,0,
32,91,56,135,,1,*Bhati Burail,,391,1655,1655,0,
32,91,56,144,,1,*Bhati Kapasia,,1316,4775,4775,0,
32,91,56,180,,1,*Bochagari,,110,484,484,0,
32,91,56,452,,1,*Kapasia,,174,638,638,0,
32,91,56,551,,1,*Lalchamar,,1149,4556,4556,0,
32,91,56,551,01,1,Purba Lalchamar,,309,1183,1183,0,
32,91,56,551,02,1,Paschim Lalchamar,,840,3373,3373,0,
32,91,56,951,,1,*Ujan Burail,,258,968,968,0,
32,91,63,,,,Ramjiban Union Total,5508,7260,28178,28178,0,1264
32,91,63,063,,1,*Bazar Para,,682,2696,2696,0,
32,91,63,081,,1,*Bekatari,,1130,4513,4513,0,
32,91,63,081,01,1,Fakir Para,,313,1201,1201,0,
32,91,63,081,02,1,Bhatia Para,,220,836,836,0,
32,91,63,081,03,1,Digtari,,327,1300,1300,0,
32,91,63,081,04,1,Kamargari,,150,708,708,0,
32,91,63,081,05,1,Dakshintari,,120,468,468,0,
32,91,63,117,,1,*Bhabanipur,,266,963,963,0,
32,91,63,117,01,1,Majhi Para,,82,294,294,0,
32,91,63,117,02,1,Kamar Para,,184,669,669,0,
32,91,63,461,,1,*Kasadaha,,884,3249,3249,0,
32,91,63,461,01,1,Kasadaha Fakir Para,,254,960,960,0,
32,91,63,461,02,1,Miha Para,,119,444,444,0,
32,91,63,461,03,1,Madha Para,,215,822,822,0,
32,91,63,461,04,1,Kamar Para,,296,1023,1023,0,
32,91,63,470,,1,*Kekai Kasadaha,,953,3693,3693,0,
32,91,63,470,01,1,Gourangertari,,90,385,385,0,
32,91,63,470,02,1,Hasrar Bhita,,120,445,445,0,
32,91,63,470,03,1,Bamnirpar,,120,485,485,0,
32,91,63,470,04,1,Sarkargaram,,267,1009,1009,0,
32,91,63,470,05,1,Kurerpar,,356,1369,1369,0,
32,91,63,651,,1,*Nijpara,,884,3494,3494,0,
32,91,63,651,01,1,Pakertari,,217,863,863,0,
32,91,63,651,02,1,Banakhar Bhita,,119,501,501,0,
32,91,63,651,03,1,Gaber Bhita,,115,443,443,0,
32,91,63,651,04,1,Kurartari,,220,813,813,0,
32,91,63,651,05,1,Naya Para,,213,874,874,0,
32,91,63,795,,1,*Ramjiban,,1711,6826,6826,0,
32,91,63,795,01,1,Saha Para,,211,809,809,0,
32,91,63,795,02,1,Kuti Para,,189,667,667,0,
32,91,63,795,03,1,Beparipara,,200,769,769,0,
32,91,63,795,04,1,Behara Para,,237,895,895,0,
32,91,63,795,05,1,Majhi Para,,515,2126,2126,0,
32,91,63,795,06,1,Sikarmari Para,,359,1560,1560,0,
32,91,63,868,,1,*Subarnadaha,,750,2744,2744,0,
32,91,63,868,01,1,Handardoba,,257,910,910,0,
32,91,63,868,02,1,Kussha Para,,322,1191,1191,0,
32,91,63,868,03,1,Purbo Para,,171,643,643,0,
32,91,69,,,,Shantiram Union Total,5074,9343,32593,32593,0,1587
32,91,69,479,,1,*Khamar Dhubani,,1335,4742,4742,0,
32,91,69,479,01,1,Charerkuti,,318,1006,1006,0,
32,91,69,479,02,1,Manaj Paschimpar,,211,694,694,0,
32,91,69,479,03,1,Pastari/Kathaler Ghat,,240,884,884,0,
32,91,69,479,04,1,Majumdar Para,,206,807,807,0,
32,91,69,479,05,1,Hindu Para,,120,403,403,0,
32,91,69,479,06,1,Khamar Dvmnipramanik Para,,240,948,948,0,
32,91,69,687,,1,*Panchgachhi Shantiram,,2326,8262,8262,0,
32,91,69,687,01,1,Akandapara,,210,740,740,0,
32,91,69,687,02,1,Mollah Para,,308,1181,1181,0,
32,91,69,687,03,1,Majhi Para,,115,379,379,0,
32,91,69,687,04,1,Dandhani Para,,222,797,797,0,
32,91,69,687,05,1,Teli Para,,200,765,765,0,
32,91,69,687,06,1,Hajir Gram/Master Para,,551,1815,1815,0,
32,91,69,687,07,1,Kuti Para,,360,1215,1215,0,
32,91,69,687,08,1,Bepari Para,,240,906,906,0,
32,91,69,687,09,1,Sarker Para,,120,464,464,0,
32,91,69,705,,1,*Paran,,2449,8492,8492,0,
32,91,69,705,01,1,Khatia Galai,,527,1717,1717,0,
32,91,69,705,02,1,Kuti Para,,101,370,370,0,
32,91,69,705,03,1,Paschimpara,,657,2341,2341,0,
32,91,69,705,04,1,Mahishbandi,,321,1034,1034,0,
32,91,69,705,05,1,Bindabari,,340,1185,1185,0,
32,91,69,705,06,1,Bhatia Para,,503,1845,1845,0,
32,91,69,814,,1,*Shantiram,,3233,11097,11097,0,
32,91,69,814,01,1,Jhagrar Char,,468,1608,1608,0,
32,91,69,814,02,1,Ruherbata,,344,1094,1094,0,
32,91,69,814,03,1,Shashi Babur Para,,119,409,409,0,
32,91,69,814,04,1,Akanda Para,,380,1414,1414,0,
32,91,69,814,05,1,Baganchali,,120,415,415,0,
32,91,69,814,06,1,Nururtari,,390,1420,1420,0,
32,91,69,814,07,1,Kaliar Chhira,,455,1563,1563,0,
32,91,69,814,08,1,Master Para,,119,451,451,0,
32,91,69,814,09,1,Fakir Para,,240,836,836,0,
32,91,69,814,10,1,Napit Para,,238,737,737,0,
32,91,69,814,11,1,Khudiram Para,,360,1150,1150,0,
32,91,75,,,,Sarbananda Union Total,6258,8486,33010,33010,0,1303
32,91,75,018,,1,*Bachh Hati,,1785,6818,6818,0,
32,91,75,018,01,1,Paschim Bachh Hati,,806,3159,3159,0,
32,91,75,018,02,1,Purba Bachh Hati,,979,3659,3659,0,
32,91,75,533,,1,*Kismat Sarbananda,,496,1881,1881,0,
32,91,75,886,,1,*Taluk Bajit,,456,1717,1717,0,
32,91,75,904,,1,*Taluk Rambhadra,,1619,6622,6622,0,
32,91,75,904,01,1,Uttar Rambhadra,,862,3466,3466,0,
32,91,75,904,02,1,Dakshin Rambhadra,,757,3156,3156,0,
32,91,75,922,,1,*Taluk Sahabaj,,2457,9508,9508,0,
32,91,75,922,01,1,Uttar Sahabaj,,937,3824,3824,0,
32,91,75,922,02,1,Madhya Sahabaj,,661,2518,2518,0,
32,91,75,922,03,1,Dakshin Sahabaj,,859,3166,3166,0,
32,91,75,931,,1,*Taluk Sarbananda,,1673,6464,6464,0,
32,91,82,,,,Sonaroy Union Total,4801,6241,24666,24666,0,1270
32,91,82,027,,1,*Baidyanath,,1528,6077,6077,0,
32,91,82,045,,1,*Balaram,,483,1740,1740,0,
32,91,82,208,,1,*Chandra,,756,2894,2894,0,
32,91,82,316,,1,*Fatekhan,,676,2973,2973,0,
32,91,82,841,,1,*Shibram,,1538,6234,6234,0,
32,91,82,859,,1,*Sonaroy,,1260,4748,4748,0,
32,91,88,,,,Sreepur Union Total,7442,10676,40357,40357,0,1340
32,91,88,153,,1,*Bhelaroy,,697,2478,2478,0,
32,91,88,171,,1,*Boalia,,1044,4122,4122,0,
32,91,88,271,,1,*Dakshin Sreepur,,2875,10593,10593,0,
32,91,88,289,,1,*Dharmapur,,2399,9227,9227,0,
32,91,88,805,,1,*Samas,,1496,5681,5681,0,
32,91,88,994,,1,*Uttar Sreepur,,2165,8256,8256,0,
32,91,94,,,,Tarapur Union Total,6948,7456,29810,29805,5,1060
32,91,94,189,,1,*Chachia Mirganj (Part),,1578,6275,6275,0,
32,91,94,334,,1,*Ghagoa,,1394,5358,5358,0,
32,91,94,497,,1,*Khurda,,892,3640,3640,0,
32,91,94,560,,1,*Latshala,,359,1810,1810,0,
32,91,94,624,,1,*Nachanigoa,,305,1188,1188,0,
32,91,94,642,,1,*Noahati Chachia,,563,2274,2274,0,
32,91,94,660,,1,*Nizam Khan,,1063,4046,4046,0,
32,91,94,665,,1,*Tarapur,,1302,5219,5214,5,
