0,1,2,3,4,5,6,7,8,9,10,11,12,13,14,15,16,17
38,,,,,,Joypurhat Zila Total,250190,110378,139812,96176,5891,482,238,1775,117220,11945,16463
38,,,,,1,Joypurhat Zila,221382,98170,123212,86044,4401,418,205,1646,104708,10062,13898
38,,,,,2,Joypurhat Zila,25308,10637,14671,8762,1436,64,31,113,10869,1698,2335
38,,,,,3,Joypurhat Zila,3500,1571,1929,1370,54,0,2,16,1643,185,230
38,13,,,,,Akkelpur Upazila Total,35147,15440,19707,13378,708,65,48,169,16401,1828,2550
38,13,,,,1,Akkelpur Upazila,29296,12887,16409,11179,487,50,35,128,13766,1530,2121
38,13,,,,2,Akkelpur Upazila,5851,2553,3298,2199,221,15,13,41,2635,298,429
38,13,,,,2,Akkelpur  Paurashava,5851,2553,3298,2199,221,15,13,41,2635,298,429
38,13,01,,,,Ward No-01 Total,509,225,284,206,15,2,3,2,217,15,49
38,13,01,068,,2,*Amatta,509,225,284,206,15,2,3,2,217,15,49
38,13,02,,,,Ward No-02 Total,839,370,469,331,2,0,0,1,413,38,54
38,13,02,128,,2,*Beharpur-Part,466,199,267,173,2,0,0,0,226,26,39
38,13,02,823,,2,*Rajkhanda,326,155,171,144,0,0,0,1,160,10,11
38,13,02,969,,2,*Thengapur,47,16,31,14,0,0,0,0,27,2,4
38,13,03,,,,Ward No-03 Total,243,80,163,57,4,1,0,9,120,13,39
38,13,03,034,,2,*Akkelpur (Part)(Paschim),243,80,163,57,4,1,0,9,120,13,39
38,13,04,,,,Ward No-04 Total,603,244,359,193,47,3,1,3,254,45,57
38,13,04,034,,2,*Akkelpur (Part)(Purba),603,244,359,193,47,3,1,3,254,45,57
38,13,05,,,,Ward No-05 Total,678,294,384,248,11,6,9,3,320,37,44
38,13,05,420,,2,*Hastabasantapur(Part)(Paschim),678,294,384,248,11,6,9,3,320,37,44
38,13,06,,,,Ward No-06 Total,755,340,415,295,37,0,0,1,313,44,65
38,13,06,420,,2,*Hastabasantapur(Part)(Purba),275,114,161,99,9,0,0,1,120,14,32
38,13,06,917,,2,*Srikristapur,480,226,254,196,28,0,0,0,193,30,33
38,13,07,,,,Ward No-07 Total,863,375,488,343,41,0,0,6,420,26,27
38,13,07,377,,2,*Gurki,117,59,58,51,9,0,0,4,41,4,8
38,13,07,557,,2,*Keshabpur,746,316,430,292,32,0,0,2,379,22,19
38,13,08,,,,Ward No-08 Total,591,271,320,230,48,2,0,16,230,23,42
38,13,08,651,,2,*Manikpara,223,103,120,98,0,1,0,1,114,3,6
38,13,08,874,,2,*Santa,368,168,200,132,48,1,0,15,116,20,36
38,13,09,,,,Ward No-09 Total,770,354,416,296,16,1,0,0,348,57,52
38,13,09,231,,2,*Chakrapara,466,194,272,186,13,1,0,0,233,7,26
38,13,09,628,,2,*Mokimpur,304,160,144,110,3,0,0,0,115,50,26
38,13,15,,,,Gopinathpur Union Total,5552,2471,3081,2029,78,6,7,21,2570,415,426
38,13,15,008,,1,*Abadpur,584,262,322,224,13,0,0,2,245,36,64
38,13,15,025,,1,*Ahladipur,254,94,160,76,5,1,3,2,113,15,39
38,13,15,025,01,1,Khayerkuri,53,20,33,17,1,0,2,0,23,3,7
38,13,15,025,02,1,Ahladipur,201,74,127,59,4,1,1,2,90,12,32
38,13,15,042,,1,*Ali Mohammadpur,215,89,126,80,1,0,0,0,110,9,15
38,13,15,111,,1,*Barail,554,264,290,245,1,0,0,2,273,17,16
38,13,15,137,,1,*Belgharia,141,59,82,47,0,0,0,1,71,11,11
38,13,15,137,01,1,Belgharia,28,16,12,12,0,0,0,0,10,4,2
38,13,15,137,02,1,Ratnahar,113,43,70,35,0,0,0,1,61,7,9
38,13,15,171,,1,*Bhanurkanda,99,35,64,33,1,0,0,1,51,1,12
38,13,15,197,,1,*Bhikni,346,196,150,113,0,0,0,0,109,83,41
38,13,15,240,,1,*Chapagachhi,309,140,169,120,4,0,2,1,140,19,23
38,13,15,283,,1,*Dhekuncha,66,33,33,25,2,0,0,1,28,7,3
38,13,15,291,,1,*Dioal,147,64,83,54,0,0,0,1,73,9,10
38,13,15,300,,1,*Dulali,171,64,107,56,0,0,0,1,91,7,16
38,13,15,343,,1,*Gopalpur,572,247,325,183,8,1,2,2,269,61,46
38,13,15,368,,1,*Gundimsara,227,107,120,90,18,0,0,0,89,17,13
38,13,15,394,,1,*Haripur,12,5,7,5,1,0,0,0,6,0,0
38,13,15,394,01,1,Haripur,10,3,7,3,1,0,0,0,6,0,0
38,13,15,394,02,1,Lochanpara,2,2,0,2,0,0,0,0,0,0,0
38,13,15,411,,1,*Harisara,253,105,148,101,10,0,0,2,136,2,2
38,13,15,437,,1,*Hossainnagar,152,66,86,59,1,0,0,0,66,7,19
38,13,15,480,,1,*Jogibhita,108,45,63,43,2,0,0,0,54,2,7
38,13,15,531,,1,*Kasira,540,207,333,186,3,1,0,1,310,19,20
38,13,15,600,,1,*Lakshmibhatta,127,67,60,49,0,0,0,0,45,18,15
38,13,15,617,,1,*Mohitair,200,112,88,59,1,2,0,1,69,50,18
38,13,15,806,,1,*Purna Gopinathpur,148,65,83,53,0,1,0,0,69,11,14
38,13,15,900,,1,*Sonai,42,14,28,12,0,0,0,0,19,2,9
38,13,15,960,,1,*Temaria,279,131,148,116,7,0,0,3,129,12,12
38,13,15,960,01,1,Temaria,163,75,88,65,1,0,0,0,75,10,12
38,13,15,960,02,1,Nohar Para,99,49,50,47,6,0,0,0,44,2,0
38,13,15,960,03,1,Daskuri,17,7,10,4,0,0,0,3,10,0,0
38,13,15,986,,1,*Suchhisti,6,0,6,0,0,0,0,0,5,0,1
38,13,31,,,,Raikali Union Total,6735,3033,3702,2596,61,16,6,12,3097,409,538
38,13,31,060,,1,*Amanpur,391,181,210,162,24,0,3,0,154,19,29
38,13,31,077,,1,*Ambari,349,161,188,140,4,0,0,0,157,21,27
38,13,31,077,01,1,Ambari,167,75,92,69,0,0,0,0,80,6,12
38,13,31,077,02,1,Baluka Para,106,46,60,42,0,0,0,0,52,4,8
38,13,31,077,03,1,Khapara,76,40,36,29,4,0,0,0,25,11,7
38,13,31,102,,1,*Bagirbaria,261,124,137,100,1,0,0,2,123,22,13
38,13,31,102,01,1,Chandrapail,78,38,40,29,1,0,0,1,36,8,3
38,13,31,102,02,1,Harinatara,75,38,37,33,0,0,0,0,33,5,4
38,13,31,102,03,1,Bagirbaria,108,48,60,38,0,0,0,1,54,9,6
38,13,31,248,,1,*Chiarigram,619,289,330,263,4,3,0,2,269,21,57
38,13,31,248,01,1,Banamali Para,218,95,123,84,1,0,0,0,90,11,32
38,13,31,248,02,1,Chak Bishturampur,401,194,207,179,3,3,0,2,179,10,25
38,13,31,265,,1,*Debisaul,280,106,174,89,0,0,0,1,147,16,27
38,13,31,274,,1,*Deora,792,371,421,318,5,1,0,1,356,51,60
38,13,31,274,01,1,Chak Budhai,159,77,82,65,2,1,0,0,71,11,9
38,13,31,274,02,1,Chak Bhabani,348,156,192,128,3,0,0,0,149,28,40
38,13,31,274,03,1,Deora,285,138,147,125,0,0,0,1,136,12,11
38,13,31,360,,1,*Gudamba Dashara,278,122,156,101,4,0,0,1,114,20,38
38,13,31,403,,1,*Harisadi,176,80,96,62,1,0,0,0,80,18,15
38,13,31,463,,1,*Jagati Dola Para,345,157,188,139,1,0,0,1,164,17,23
38,13,31,497,,1,*Kalanja Rasalpur,92,39,53,35,0,1,0,0,47,3,6
38,13,31,574,,1,*Khosla Para,79,32,47,27,0,0,0,0,46,5,1
38,13,31,634,,1,*Maligaon,177,68,109,55,1,0,0,0,98,13,10
38,13,31,634,01,1,Maligaon,147,55,92,43,1,0,0,0,81,12,10
38,13,31,634,02,1,Madhai Pukur,30,13,17,12,0,0,0,0,17,1,0
38,13,31,669,,1,*Manjia,177,69,108,57,0,4,0,0,86,8,22
38,13,31,737,,1,*Naota,125,52,73,41,2,0,0,0,62,11,9
38,13,31,746,,1,*Narikeli,893,412,481,362,4,3,1,1,392,46,84
38,13,31,746,01,1,Aushagari,250,114,136,97,1,0,0,0,93,17,42
38,13,31,746,02,1,Gholagari,70,34,36,29,1,0,0,0,29,5,6
38,13,31,746,03,1,Dighalgari,69,37,32,32,1,0,0,0,24,5,7
38,13,31,746,04,1,Baoudhya Pukur,68,28,40,26,0,0,0,0,37,2,3
38,13,31,746,05,1,Dukha Para,54,28,26,27,0,0,0,0,25,1,1
38,13,31,746,06,1,Narikeli,382,171,211,151,1,3,1,1,184,16,25
38,13,31,789,,1,*Pundaria,172,63,109,45,0,1,1,0,97,17,11
38,13,31,814,,1,*Roykali,1222,560,662,471,6,1,1,3,573,85,82
38,13,31,814,01,1,Kalikapur,155,73,82,65,0,0,0,0,79,8,3
38,13,31,814,02,1,Khapara,241,116,125,105,0,0,0,1,110,10,15
38,13,31,814,03,1,Hargachha,356,162,194,125,2,0,0,1,148,36,44
38,13,31,814,04,1,Sreegal Dighi,170,82,88,66,1,0,1,0,75,16,11
38,13,31,814,05,1,Guchchhagram,157,76,81,66,2,0,0,1,74,9,5
38,13,31,814,06,1,Roykali,143,51,92,44,1,1,0,0,87,6,4
38,13,31,866,,1,*Sanatanpur,181,95,86,87,0,0,0,0,71,8,15
38,13,31,892,,1,*Siala,125,52,73,42,4,2,0,0,61,8,8
38,13,31,934,,1,*Sujal Dighi,1,0,1,0,0,0,0,0,0,0,1
38,13,47,,,,Rukindipur Union Total,6576,2935,3641,2584,86,14,9,32,3027,305,519
38,13,47,094,,1,*Aualgari,671,339,332,291,7,2,1,5,273,41,51
38,13,47,120,,1,*Begunbari,76,33,43,25,0,0,0,0,36,8,7
38,13,47,162,,1,*Bhandaripara,211,100,111,89,2,1,0,4,99,6,10
38,13,47,214,,1,*Chak Bila,14,9,5,7,0,0,0,0,4,2,1
38,13,47,308,,1,*Gangaprasad,57,26,31,24,0,0,0,0,26,2,5
38,13,47,334,,1,*Gobarpur,118,52,66,50,0,0,0,0,63,2,3
38,13,47,446,,1,*Ismailpur,673,279,394,256,1,0,0,0,334,23,59
38,13,47,471,,1,*Jalalpur,384,175,209,150,0,0,2,2,171,23,36
38,13,47,514,,1,*Kanupur,769,332,437,296,15,1,0,4,367,31,55
38,13,47,643,,1,*Manail,115,51,64,44,4,0,0,0,57,7,3
38,13,47,686,,1,*Matapur,840,350,490,309,7,2,0,3,401,36,82
38,13,47,720,,1,*Naldanga,346,162,184,151,1,0,1,1,170,10,12
38,13,47,771,,1,*Palsha,430,203,227,187,1,1,0,0,211,15,15
38,13,47,849,,1,*Roar,749,343,406,307,4,0,1,1,337,35,64
38,13,47,857,,1,*Rukindipur,1028,433,595,359,43,6,4,12,444,56,104
38,13,47,977,,1,*Ulipur,95,48,47,39,1,1,0,0,34,8,12
38,13,63,,,,Sonamukhi Union Total,4076,1752,2324,1618,77,3,3,14,2034,117,210
38,13,63,085,,1,*Anantapur,382,161,221,153,10,0,0,0,187,8,24
38,13,63,145,,1,*Bhadrakali,148,61,87,61,0,0,0,0,87,0,0
38,13,63,205,,1,*Chak Bijali,180,78,102,71,22,0,0,0,74,7,6
38,13,63,223,,1,*Chak Raghunath,339,163,176,151,0,0,0,0,155,12,21
38,13,63,257,,1,*Chukaibari,88,36,52,35,2,0,0,1,50,0,0
38,13,63,385,,1,*Halhalia,168,73,95,72,0,0,0,0,94,1,1
38,13,63,428,,1,*Hazra Para,156,64,92,61,0,1,0,0,91,2,1
38,13,63,454,,1,*Jafarpur,332,141,191,131,5,0,0,0,168,10,18
38,13,63,540,,1,*Kanthalbari,263,118,145,95,19,1,0,4,108,18,18
38,13,63,583,,1,*Kola,382,144,238,136,9,0,0,2,211,6,18
38,13,63,609,,1,*Mohammadpur,485,218,267,199,7,0,2,3,236,16,22
38,13,63,763,,1,*Palashbari,1,1,0,0,0,0,0,0,0,1,0
38,13,63,832,,1,*Ramsala,560,240,320,219,1,1,0,1,286,19,33
38,13,63,952,,1,*Talgharia,42,25,17,21,0,0,0,1,13,3,4
38,13,63,994,,1,*Uttar Ganipur,550,229,321,213,2,0,1,2,274,14,44
38,13,79,,,,Tilakpur Union Total,6357,2696,3661,2352,185,11,10,49,3038,284,428
38,13,79,017,,1,*Abdullahpur,336,134,202,123,2,0,0,0,191,11,9
38,13,79,051,,1,*Amail,58,28,30,27,0,0,0,0,26,1,4
38,13,79,154,,1,*Bhagbura,46,20,26,16,0,0,0,0,24,4,2
38,13,79,180,,1,*Bhatkuri,162,60,102,45,0,0,0,7,76,8,26
38,13,79,188,,1,*Bhatta Palashi,311,141,170,121,20,0,2,1,126,19,22
38,13,79,188,01,1,Bhatta Palashi,74,35,39,34,1,0,0,0,34,1,4
38,13,79,188,02,1,Purbapara,237,106,131,87,19,0,2,1,92,18,18
38,13,79,317,,1,*Chardighi,311,131,180,117,9,0,0,0,138,14,33
38,13,79,317,01,1,Chardighi,95,44,51,38,0,0,0,0,38,6,13
38,13,79,317,02,1,Pukhuria Para,103,41,62,36,5,0,0,0,48,5,9
38,13,79,317,03,1,Bamanigram,113,46,67,43,4,0,0,0,52,3,11
38,13,79,325,,1,*Gholkuri,123,66,57,55,13,1,0,5,38,5,6
38,13,79,351,,1,*Gopinathpur,57,22,35,22,1,0,0,0,31,0,3
38,13,79,488,,1,*Kadoa,134,57,77,35,0,0,0,15,68,7,9
38,13,79,488,01,1,Kadoa,73,30,43,24,0,0,0,0,35,6,8
38,13,79,488,02,1,Kholagari,61,27,34,11,0,0,0,15,33,1,1
38,13,79,506,,1,*Kannach Para,163,57,106,53,0,0,1,0,98,4,7
38,13,79,523,,1,*Karamji,142,52,90,43,0,0,0,0,74,9,16
38,13,79,523,01,1,Karamji,134,49,85,42,0,0,0,0,69,7,16
38,13,79,523,02,1,Kaigari,8,3,5,1,0,0,0,0,5,2,0
38,13,79,548,,1,*Kaya,417,186,231,153,1,2,2,2,185,29,43
38,13,79,566,,1,*Khanpura,108,49,59,47,0,0,0,0,57,2,2
38,13,79,566,01,1,Khanpura,73,34,39,33,0,0,0,0,37,1,2
38,13,79,566,02,1,Chak Ismailpur,35,15,20,14,0,0,0,0,20,1,0
38,13,79,591,,1,*Krishnakola,264,122,142,109,1,1,0,1,130,11,11
38,13,79,591,01,1,Krishnakola,114,53,61,44,0,1,0,1,55,7,6
38,13,79,591,02,1,Chichuria,150,69,81,65,1,0,0,0,75,4,5
38,13,79,660,,1,*Manikpur,377,163,214,144,0,1,0,0,201,18,13
38,13,79,660,01,1,Manikpur,260,115,145,104,0,1,0,0,140,10,5
38,13,79,660,02,1,Jafrapara,97,42,55,34,0,0,0,0,48,8,7
38,13,79,660,03,1,Padmapukur,20,6,14,6,0,0,0,0,13,0,1
38,13,79,677,,1,*Marma,190,88,102,75,9,0,0,0,83,13,10
38,13,79,677,01,1,Marma,171,81,90,71,9,0,0,0,72,10,9
38,13,79,677,02,1,Miah Para,19,7,12,4,0,0,0,0,11,3,1
38,13,79,694,,1,*Mathikuri,99,44,55,40,1,0,0,0,34,4,20
38,13,79,703,,1,*Mirzapur,204,91,113,81,1,0,0,1,95,9,17
38,13,79,703,01,1,Bargachha,119,53,66,48,0,0,0,0,56,5,10
38,13,79,703,02,1,Jhalgharia,85,38,47,33,1,0,0,1,39,4,7
38,13,79,711,,1,*Mohanpur,362,130,232,117,14,0,3,3,204,10,11
38,13,79,711,01,1,Mohanpur,329,117,212,106,13,0,0,1,189,10,10
38,13,79,711,02,1,Bagapukur,33,13,20,11,1,0,3,2,15,0,1
38,13,79,729,,1,*Naojore,289,134,155,122,10,0,0,0,125,12,20
38,13,79,754,,1,*Nurnagar,773,345,428,301,71,4,1,1,295,39,61
38,13,79,754,01,1,Dararkul,143,61,82,49,3,0,0,0,59,12,20
38,13,79,754,02,1,Kachari Para,153,70,83,60,7,3,0,0,73,7,3
38,13,79,754,03,1,Paschim Bazar,19,7,12,7,1,0,0,0,8,0,3
38,13,79,754,04,1,Shiala Para,195,88,107,81,3,1,0,0,86,6,18
38,13,79,754,05,1,Majhi Para,51,24,27,23,3,0,0,0,21,1,3
38,13,79,754,06,1,Naya Para,108,49,59,46,51,0,0,0,0,3,8
38,13,79,754,07,1,Purba Bazar,104,46,58,35,3,0,1,1,48,10,6
38,13,79,780,,1,*Pathandhara,147,57,90,53,2,1,0,0,70,3,18
38,13,79,797,,1,*Punghar Dighi,148,52,96,50,0,0,0,0,86,2,10
38,13,79,840,,1,*Roynagar,254,99,155,93,0,0,0,0,151,6,4
38,13,79,840,01,1,Roynagar,163,62,101,59,0,0,0,0,99,3,2
38,13,79,840,02,1,Fulbari,91,37,54,34,0,0,0,0,52,3,2
38,13,79,883,,1,*Saraswatipur,339,147,192,129,11,0,0,5,157,13,24
38,13,79,909,,1,*Sreekarna Dighi,59,22,37,22,7,0,0,0,27,0,3
38,13,79,943,,1,*Shyampur,151,50,101,38,4,0,1,0,86,12,10
38,13,79,986,,1,*Uttar Bishnupur,333,149,184,121,8,1,0,8,162,19,14
38,47,,,,,Joypurhat Sadar Upazila Total,70915,31470,39445,27768,2242,95,45,278,32577,3329,4581
38,47,,,,1,Joypurhat Sadar Upazila,60250,27084,33166,24368,1612,78,40,222,28044,2416,3470
38,47,,,,2,Joypurhat Sadar Upazila,10665,4386,6279,3400,630,17,5,56,4533,913,1111
38,47,,,,2,Joypurhat  Paurashava,10665,4386,6279,3400,630,17,5,56,4533,913,1111
38,47,01,,,,Ward No-01 Total,1680,671,1009,571,97,3,0,5,787,92,125
38,47,01,142,,2,*Bulu Para,508,227,281,196,15,1,0,2,239,28,27
38,47,01,410,,2,*Hatil Hazipara,227,102,125,91,16,0,0,0,95,11,14
38,47,01,700,,2,*Master Para,194,65,129,44,21,0,0,2,83,19,25
38,47,01,785,,2,*Rupnagar,399,143,256,122,16,2,0,1,218,18,22
38,47,01,826,,2,*Purba Hatil,248,99,149,90,6,0,0,0,112,9,31
38,47,01,860,,2,*Sugar Mill Para,104,35,69,28,23,0,0,0,40,7,6
38,47,02,,,,Ward No-02 Total,1215,503,712,430,55,0,0,1,560,72,97
38,47,02,568,,2,*Joypur,281,113,168,95,9,0,0,0,149,18,10
38,47,02,745,,2,*Paschim Hatil,240,103,137,89,8,0,0,0,104,14,25
38,47,02,750,,2,*Khanjanpur,694,287,407,246,38,0,0,1,307,40,62
38,47,03,,,,Ward No-03 Total,957,367,590,277,48,0,0,6,410,84,132
38,47,03,213,,2,*Chak Gopal,108,42,66,33,3,0,0,0,52,9,11
38,47,03,220,,2,*Burabury Ara,49,16,33,14,0,0,0,0,26,2,7
38,47,03,685,,2,*Patary Para,67,24,43,18,3,0,0,0,35,6,5
38,47,03,710,,2,*Rahmatpur,179,71,108,55,5,0,0,1,86,15,17
38,47,03,760,,2,*Paschim Gariakanta,63,21,42,10,1,0,0,1,25,10,16
38,47,03,800,,2,*Purba Gariakanta,194,78,116,65,27,0,0,0,67,13,22
38,47,03,830,,2,*Saheb Para,297,115,182,82,9,0,0,4,119,29,54
38,47,04,,,,Ward No-04 Total,1373,591,782,503,82,0,0,7,543,81,157
38,47,04,010,,2,*Adarsha Para,380,164,216,149,17,0,0,2,164,13,35
38,47,04,700,,2,*Paschim Debipur,324,138,186,115,16,0,0,0,131,23,39
38,47,04,820,,2,*Sakidar Para,55,24,31,18,1,0,0,0,24,6,6
38,47,04,840,,2,*Sagar Para,134,54,80,42,31,0,0,1,41,11,8
38,47,04,850,,2,*Shantinagar,480,211,269,179,17,0,0,4,183,28,69
38,47,05,,,,Ward No-05 Total,1057,440,617,321,103,10,3,6,388,103,123
38,47,05,200,,2,*Bangabandhu Para,109,43,66,21,17,0,1,0,30,22,18
38,47,05,290,,2,*Chitra Para,55,17,38,6,6,0,0,0,13,11,19
38,47,05,390,,2,*Dewan Para,228,97,131,78,16,0,0,3,96,16,19
38,47,05,400,,2,*Gouripara,119,52,67,42,4,1,0,0,52,9,11
38,47,05,710,,2,*Purba Debipur,184,78,106,55,10,0,0,1,75,22,21
38,47,05,730,,2,*Janiar Bagan Paschim Part,49,15,34,8,18,0,0,1,7,6,9
38,47,05,790,,2,*Sheikh Para,313,138,175,111,32,9,2,1,115,17,26
38,47,06,,,,Ward No-06 Total,785,341,444,179,62,0,1,8,265,154,116
38,47,06,090,,2,*Arafatnagar,135,104,31,0,1,0,1,0,3,104,26
38,47,06,560,,2,*Madrasa Para,164,50,114,32,30,0,0,1,58,17,26
38,47,06,750,,2,*Janiar Bagan Purba Part,271,98,173,69,16,0,0,5,114,24,43
38,47,06,760,,2,*Sardar Para,215,89,126,78,15,0,0,2,90,9,21
38,47,07,,,,Ward No-07 Total,1306,564,742,408,57,1,1,13,563,142,121
38,47,07,071,,2,*Bamonpur Part One,111,45,66,39,2,0,0,0,58,6,6
38,47,07,105,,2,*Bagicha Para,240,98,142,76,16,0,0,5,110,17,16
38,47,07,355,,2,*Harail,387,144,243,109,17,0,0,4,184,31,42
38,47,07,710,,2,*Panchur Chock,278,127,151,108,11,0,1,3,127,16,12
38,47,07,810,,2,*Sabujnagar,290,150,140,76,11,1,0,1,84,72,45
38,47,08,,,,Ward No-08 Total,1042,418,624,334,64,1,0,5,464,78,96
38,47,08,071,,2,*Bamonpur Part-2,488,206,282,187,13,0,0,0,246,19,23
38,47,08,200,,2,*Dhanmondi,280,98,182,74,23,0,0,4,126,20,33
38,47,08,330,,2,*Irak Nagar,111,43,68,23,13,1,0,1,34,18,21
38,47,08,395,,2,*Jobbar Mondolpara,163,71,92,50,15,0,0,0,58,21,19
38,47,09,,,,Ward No-09 Total,1250,491,759,377,62,2,0,5,553,107,144
38,47,09,042,,2,*Aram Nagar,201,76,125,58,15,2,0,2,88,14,22
38,47,09,071,,2,*Bamonpur Part-3,485,210,275,173,16,0,0,3,208,34,51
38,47,09,095,,2,*Biswas Para,211,78,133,55,17,0,0,0,80,23,36
38,47,09,563,,2,*Kashiabari,144,51,93,49,4,0,0,0,81,2,8
38,47,09,594,,2,*Kundupara,131,33,98,22,6,0,0,0,71,11,21
38,47,09,680,,2,*Maroary Patty,18,6,12,5,0,0,0,0,7,1,5
38,47,09,790,,2,*Poura Market,60,37,23,15,4,0,0,0,18,22,1
38,47,17,,,,Amdai Union Total,5909,2603,3306,2347,65,9,4,18,2940,229,297
38,47,17,010,,1,*Amdai,392,165,227,150,6,0,1,0,208,15,12
38,47,17,016,,1,*Amdai Gopalpur,89,38,51,33,0,0,0,1,49,4,2
38,47,17,081,,1,*Bankila,202,85,117,81,2,0,0,1,101,3,14
38,47,17,546,,1,*Kadoa,1005,480,525,446,15,1,1,2,469,31,40
38,47,17,546,01,1,Chak Para,102,46,56,44,0,0,0,0,51,2,5
38,47,17,546,02,1,Dhole Para,144,69,75,63,1,1,0,1,70,4,4
38,47,17,546,03,1,Fakir Para,416,206,210,193,5,0,1,1,188,12,16
38,47,17,546,04,1,Palikadoa,280,130,150,117,2,0,0,0,136,13,12
38,47,17,546,05,1,Kayra Para,63,29,34,29,7,0,0,0,24,0,3
38,47,17,556,,1,*Kaitahar,959,403,556,343,8,1,0,8,470,51,78
38,47,17,556,01,1,Kaitahar,742,318,424,279,7,1,0,8,369,30,48
38,47,17,556,02,1,Hatubhanga,217,85,132,64,1,0,0,0,101,21,30
38,47,17,600,,1,*Kendul,769,333,436,304,1,0,0,3,410,26,25
38,47,17,600,01,1,Naya Para,113,56,57,49,0,0,0,0,54,7,3
38,47,17,600,02,1,Jala Para,89,38,51,32,1,0,0,3,48,3,2
38,47,17,600,03,1,Kendul,567,239,328,223,0,0,0,0,308,16,20
38,47,17,719,,1,*Mirgaon,168,71,97,60,1,0,0,0,81,11,15
38,47,17,724,,1,*Mitna,300,140,160,125,0,4,0,1,151,10,9
38,47,17,724,01,1,Mitna,252,121,131,110,0,4,0,0,123,7,8
38,47,17,724,02,1,Pater Pukur,48,19,29,15,0,0,0,1,28,3,1
38,47,17,730,,1,*Muraripur,268,108,160,88,3,0,0,2,140,18,17
38,47,17,789,,1,*Paikar,172,76,96,69,3,0,0,0,89,7,4
38,47,17,789,01,1,Paikar,87,31,56,27,3,0,0,0,50,4,3
38,47,17,789,02,1,Monna Para,85,45,40,42,0,0,0,0,39,3,1
38,47,17,848,,1,*Purba Madhainagar,646,293,353,270,12,0,1,0,302,23,38
38,47,17,854,,1,*Purba Sundarpur,378,175,203,164,12,2,0,0,183,9,8
38,47,17,892,,1,*Rangta,292,117,175,110,0,0,0,0,165,7,10
38,47,17,892,01,1,Ghona Para,29,6,23,6,0,0,0,0,22,0,1
38,47,17,892,02,1,Rangta,191,80,111,78,0,0,0,0,110,2,1
38,47,17,892,03,1,Chowdhury Para,72,31,41,26,0,0,0,0,33,5,8
38,47,17,935,,1,*Teghara Dandapani,269,119,150,104,2,1,1,0,122,14,25
38,47,17,935,01,1,Teghara,41,17,24,14,0,0,0,0,21,3,3
38,47,17,935,02,1,Dandapani,228,102,126,90,2,1,1,0,101,11,22
38,47,19,,,,Bambu Union Total,6028,2718,3310,2393,46,4,5,52,2887,269,372
38,47,19,070,,1,*Bambu,569,255,314,234,6,1,0,1,285,19,23
38,47,19,167,,1,*Binodpur,809,366,443,304,10,0,1,27,393,35,39
38,47,19,351,,1,*Dharki,1768,795,973,735,7,0,1,6,880,54,85
38,47,19,427,,1,*Hanail,625,293,332,252,4,2,0,6,291,33,37
38,47,19,432,,1,*Hanail Bambu,313,153,160,127,4,0,0,1,121,25,35
38,47,19,465,,1,*Hichmi,654,273,381,244,5,0,2,2,316,27,58
38,47,19,540,,1,*Kadirpur,94,43,51,40,1,0,0,1,47,2,3
38,47,19,575,,1,*Kauargaon,495,205,290,175,2,0,0,1,261,29,27
38,47,19,589,,1,*Karai,572,274,298,225,6,1,1,7,242,41,49
38,47,19,702,,1,*Mamudpur Buzrug,129,61,68,57,1,0,0,0,51,4,16
38,47,28,,,,Bhadsa Union Total,10008,4483,5525,4071,249,9,5,17,4667,386,604
38,47,28,086,,1,*Banshkata,251,114,137,109,1,0,0,1,126,4,10
38,47,28,091,,1,*Bara Majhi Para,401,164,237,153,3,1,0,0,217,10,17
38,47,28,108,,1,*Bazarpur,72,32,40,31,0,0,0,0,34,1,6
38,47,28,124,,1,*Bhadsa,695,316,379,286,25,0,0,2,285,28,69
38,47,28,129,,1,*Bhagabanpur,107,50,57,47,6,0,0,0,43,3,8
38,47,28,156,,1,*Bilashbari,64,22,42,22,0,0,0,0,39,0,3
38,47,28,178,,1,*Buzrug,402,195,207,177,7,0,0,0,161,18,39
38,47,28,210,,1,*Chak Jagadishpur,153,59,94,56,17,0,0,1,70,2,7
38,47,28,216,,1,*Chak Kamal,130,59,71,57,0,1,0,0,62,1,9
38,47,28,243,,1,*Chak Jaikrishnapur,279,137,142,130,0,0,1,0,126,7,15
38,47,28,254,,1,*Chandipur,198,99,99,95,0,1,0,0,85,3,14
38,47,28,264,,1,*Chhawal Para,629,262,367,236,2,0,0,0,342,26,23
38,47,28,270,,1,*Chhit Dalimba,65,27,38,21,0,0,0,0,36,6,2
38,47,28,286,,1,*Chhota Majhipara,124,55,69,50,1,0,0,0,63,5,5
38,47,28,324,,1,*Debipur Khas,6,2,4,2,0,0,0,0,3,0,1
38,47,28,329,,1,*Debrail,175,88,87,72,0,0,0,1,75,15,12
38,47,28,335,,1,*Deonahar,246,108,138,98,0,0,0,0,128,10,10
38,47,28,356,,1,*Dior,846,392,454,364,14,0,0,2,418,26,22
38,47,28,373,,1,*Durgadaha,196,81,115,67,14,0,0,2,91,12,10
38,47,28,378,,1,*Faridpur,252,103,149,94,1,0,0,0,122,9,26
38,47,28,410,,1,*Gopalpur,181,76,105,66,19,0,0,0,68,10,18
38,47,28,443,,1,*Haripur,440,203,237,186,23,0,0,0,176,17,38
38,47,28,470,,1,*Ichakpur,85,39,46,31,4,0,1,1,32,7,9
38,47,28,535,,1,*Kadamgachhi,136,67,69,62,0,0,0,0,63,5,6
38,47,28,584,,1,*Kandi,258,107,151,100,2,0,1,0,132,7,16
38,47,28,594,,1,*Kazikar,93,49,44,47,0,0,0,0,42,2,2
38,47,28,638,,1,*Khurda Saguna,213,102,111,97,7,0,0,0,97,5,7
38,47,28,643,,1,*Kochnapur,84,36,48,30,0,0,0,2,46,4,2
38,47,28,654,,1,*Kuchkuri,243,102,141,95,3,0,1,0,123,7,14
38,47,28,692,,1,*Malaipur,66,31,35,29,0,0,1,0,28,2,6
38,47,28,778,,1,*Nurpur,221,99,122,91,0,0,0,0,113,8,9
38,47,28,794,,1,*Pakurdari,487,209,278,201,2,1,0,0,260,7,16
38,47,28,800,,1,*Pali,679,297,382,270,76,0,0,3,263,24,43
38,47,28,805,,1,*Palibari,545,241,304,180,14,4,0,2,222,55,68
38,47,28,811,,1,*Panditpur,293,127,166,114,4,1,0,0,150,12,12
38,47,28,816,,1,*Parbatipur,205,107,98,103,1,0,0,0,90,4,7
38,47,28,946,,1,*Tekana,176,77,99,75,2,0,0,0,79,2,18
38,47,28,973,,1,*Tupara,312,149,163,127,1,0,0,0,157,22,5
38,47,32,,,,Chak Barkat Union Total,4251,1947,2304,1735,52,4,4,10,2000,198,248
38,47,32,027,,1,*Arazi Jagadishpur,116,48,68,46,4,0,0,0,58,2,6
38,47,32,140,,1,*Bhatkota,52,20,32,20,0,0,0,0,27,0,5
38,47,32,151,,1,*Bhutia Para,128,62,66,58,3,0,0,1,60,3,3
38,47,32,189,,1,*Chak Barkat,238,122,116,100,0,2,2,2,101,18,13
38,47,32,205,,1,*Chak Ishwarpur,25,10,15,9,2,0,0,1,13,0,0
38,47,32,227,,1,*Chak Pahunanda,295,145,150,129,1,1,0,0,132,15,17
38,47,32,237,,1,*Chak Ujjal,187,82,105,67,3,0,0,1,91,14,11
38,47,32,292,,1,*Chirala,294,144,150,130,1,0,0,1,127,13,22
38,47,32,346,,1,*Dhaoa,39,13,26,11,0,0,0,0,21,2,5
38,47,32,367,,1,*Dogar,130,59,71,55,0,0,0,0,60,4,11
38,47,32,486,,1,*Jagadishpur,528,241,287,212,4,0,1,1,250,28,32
38,47,32,573,,1,*Kamalpur,1,0,1,0,0,0,0,0,1,0,0
38,47,32,578,,1,*Kamarpur,212,102,110,91,3,0,0,1,96,10,11
38,47,32,632,,1,*Khas Pahunanda,533,231,302,195,8,1,0,0,259,35,35
38,47,32,675,,1,*Mahadipur,288,137,151,119,11,0,0,0,129,18,11
38,47,32,697,,1,*Mallikpur,20,10,10,7,0,0,0,1,8,2,2
38,47,32,740,,1,*Namuja,283,133,150,129,1,0,1,0,141,4,7
38,47,32,746,,1,*Naopara,136,62,74,59,1,0,0,0,62,3,11
38,47,32,762,,1,*Nizampur,140,68,72,62,1,0,0,0,64,6,7
38,47,32,767,,1,*Nidhi,29,9,20,9,1,0,0,0,19,0,0
38,47,32,784,,1,*Pahunanda,197,95,102,87,1,0,0,0,88,8,13
38,47,32,876,,1,*Rajnagar,154,70,84,62,7,0,0,0,69,8,8
38,47,32,886,,1,*Ramnagar,5,2,3,1,0,0,0,1,3,0,0
38,47,32,924,,1,*Sundarpur (Part-2),132,49,83,48,0,0,0,0,76,1,7
38,47,32,951,,1,*Teraganti,85,33,52,29,0,0,0,0,44,4,8
38,47,32,978,,1,*Udpur,4,0,4,0,0,0,0,0,1,0,3
38,47,38,,,,Dhalahar Union Total,5284,2383,2901,2201,136,3,4,16,2489,163,272
38,47,38,032,,1,*Atthoka,298,129,169,114,6,0,1,2,140,13,22
38,47,38,054,,1,*Baliator,385,199,186,185,6,2,0,1,166,11,14
38,47,38,135,,1,*Bhanuikusalia,915,384,531,349,39,1,0,5,406,29,86
38,47,38,173,,1,*Bishnupur,712,324,388,305,19,0,0,0,337,19,32
38,47,38,259,,1,*Chandpur,225,112,113,109,3,0,0,0,105,3,5
38,47,38,275,,1,*Chhota Baliator,60,26,34,26,0,0,0,0,34,0,0
38,47,38,308,,1,*Daria Para,336,156,180,139,5,0,0,3,155,14,20
38,47,38,340,,1,*Dhalahar,438,201,237,184,16,0,1,2,197,15,23
38,47,38,551,,1,*Kaikuri,80,35,45,33,1,0,0,0,42,2,2
38,47,38,567,,1,*Kalyanpur,151,63,88,55,10,0,0,0,71,8,7
38,47,38,670,,1,*Madhainagar,114,52,62,47,2,0,0,0,52,5,8
38,47,38,773,,1,*Nikti Para,361,161,200,148,8,0,2,0,162,13,28
38,47,38,865,,1,*Raghunathpur,100,46,54,43,4,0,0,0,46,3,4
38,47,38,870,,1,*Rahimapur,39,18,21,18,0,0,0,0,21,0,0
38,47,38,881,,1,*Ramkrishnapur,587,261,326,239,15,0,0,2,297,20,14
38,47,38,908,,1,*Sekh Para,164,69,95,66,2,0,0,0,91,3,2
38,47,38,962,,1,*Thipur,237,102,135,100,0,0,0,1,133,1,2
38,47,38,994,,1,*Uttar Sekhpur,82,45,37,41,0,0,0,0,34,4,3
38,47,47,,,,Dogachhi Union Total,10487,4840,5647,4384,324,23,7,16,4747,417,569
38,47,47,043,,1,*Baguan,267,110,157,94,7,0,0,0,132,16,18
38,47,47,097,,1,*Baranasi,90,39,51,30,6,0,0,0,32,9,13
38,47,47,162,,1,*Billa,508,220,288,208,18,0,0,1,249,11,21
38,47,47,183,,1,*Buzrug Bharunia,286,133,153,110,21,0,0,0,110,23,22
38,47,47,194,,1,*Chak Bharunia,395,179,216,168,0,0,0,0,202,11,14
38,47,47,232,,1,*Chak Shyam,455,208,247,189,15,0,0,0,222,19,10
38,47,47,302,,1,*Dalimba,204,91,113,81,0,0,0,0,101,10,12
38,47,47,362,,1,*Dogachhi,1143,529,614,455,19,0,0,3,514,71,81
38,47,47,362,01,1,Dakshin Dogachhi,344,160,184,141,8,0,0,1,149,18,27
38,47,47,362,02,1,Uttar Dogachhi,799,369,430,314,11,0,0,2,365,53,54
38,47,47,400,,1,*Ghasuria,470,227,243,197,6,0,2,1,202,29,33
38,47,47,475,,1,*Ichhua,665,316,349,300,24,1,0,1,302,14,23
38,47,47,481,,1,*Ishwarpur,442,216,226,197,12,3,0,2,200,14,14
38,47,47,513,,1,*Jitapur,113,55,58,53,7,0,0,0,45,2,6
38,47,47,519,,1,*Jitarpur,577,279,298,257,14,1,0,1,257,20,27
38,47,47,686,,1,*Mojahidpur,59,40,19,39,0,1,0,0,17,0,2
38,47,47,735,,1,*Nakuria,121,55,66,46,4,0,0,0,55,9,7
38,47,47,832,,1,*Paturia,990,431,559,389,40,10,1,0,452,32,66
38,47,47,832,01,1,Purba Paturia,643,279,364,253,35,0,0,0,272,26,57
38,47,47,832,02,1,Paschim Paturia,347,152,195,136,5,10,1,0,180,6,9
38,47,47,838,,1,*Pechulia,1664,771,893,704,84,4,0,2,715,61,94
38,47,47,838,01,1,Purba Pechulia,712,319,393,285,0,0,0,0,347,34,46
38,47,47,838,02,1,Paschim Pechulia,952,452,500,419,84,4,0,2,368,27,48
38,47,47,859,,1,*Raghabpur,631,292,339,272,21,1,0,1,280,18,38
38,47,47,913,,1,*Shimulia,268,128,140,123,8,0,1,1,129,4,2
38,47,47,957,,1,*Thiat,306,142,164,129,4,0,0,1,146,12,14
38,47,47,989,,1,*Uttar Joypur,833,379,454,343,14,2,3,2,385,32,52
38,47,66,,,,Jamalpur Union Total,6524,2867,3657,2601,121,3,4,54,3193,209,339
38,47,66,118,,1,*Berail,246,101,145,98,4,0,0,2,138,1,3
38,47,66,146,,1,*Bhiti,454,206,248,173,12,2,0,7,201,24,35
38,47,66,248,,1,*Chanda,101,41,60,39,0,0,0,0,57,2,3
38,47,66,297,,1,*Dadra Jantigram,2426,1095,1331,969,30,0,2,39,1201,87,98
38,47,66,297,01,1,Chak Dadra,263,108,155,102,0,0,0,2,149,4,6
38,47,66,297,02,1,Khetu Crarbaria,240,125,115,91,4,0,0,0,104,34,7
38,47,66,297,03,1,Jandi Sardar Para,474,212,262,166,7,0,1,30,225,16,29
38,47,66,297,04,1,Madhya Dadra Jandigram,564,280,284,262,9,0,1,2,240,16,34
38,47,66,297,05,1,Suktahar,236,89,147,80,2,0,0,2,135,7,10
38,47,66,297,06,1,Dhulatar,547,237,310,230,7,0,0,1,291,6,12
38,47,66,297,07,1,Dakshin Dadra,102,44,58,38,1,0,0,2,57,4,0
38,47,66,508,,1,*Jamalpur,1468,649,819,598,39,1,1,5,687,45,92
38,47,66,508,01,1,Uttar Jamalpur,1061,480,581,441,31,1,0,1,496,37,54
38,47,66,508,02,1,Dakshin Jamalpur,407,169,238,157,8,0,1,4,191,8,38
38,47,66,665,,1,*Madhab Para,327,126,201,121,19,0,0,0,155,5,27
38,47,66,757,,1,*Narayan Para,414,165,249,154,1,0,1,1,218,10,29
38,47,66,897,,1,*Sahapur,764,326,438,294,14,0,0,0,377,32,47
38,47,66,897,01,1,Purba Sahapur,377,163,214,139,11,0,0,0,173,24,30
38,47,66,897,02,1,Paschim Sahapur,387,163,224,155,3,0,0,0,204,8,17
38,47,66,984,,1,*Uri,324,158,166,155,2,0,0,0,159,3,5
38,47,76,,,,Mohammadabad Union Total,5132,2274,2858,2005,403,11,5,22,2103,236,347
38,47,76,037,,1,*Ausgara,561,265,296,218,7,0,1,2,256,45,32
38,47,76,048,,1,*Balarampur,78,31,47,28,0,1,0,0,44,2,3
38,47,76,113,,1,*Belamla,507,258,249,236,43,1,0,2,173,19,33
38,47,76,221,,1,*Chak Mohan,479,206,273,180,104,0,0,1,121,25,48
38,47,76,529,,1,*Jumni Para,45,21,24,20,1,0,0,0,23,1,0
38,47,76,562,,1,*Kalu Para,68,27,41,24,0,0,0,0,31,3,10
38,47,76,605,,1,*Keshabpur,236,93,143,82,11,1,0,0,122,10,10
38,47,76,616,,1,*Khayerdara,96,42,54,38,1,0,0,1,43,3,10
38,47,76,659,,1,*Kuzisahar,185,90,95,87,23,0,0,3,71,0,1
38,47,76,681,,1,*Maharul,222,101,121,92,12,0,0,2,94,7,15
38,47,76,708,,1,*Mandal Para,115,56,59,45,3,0,0,1,50,10,6
38,47,76,713,,1,*Mangni Para,86,36,50,33,6,0,0,0,36,3,8
38,47,76,827,,1,*Parulia,1030,446,584,399,35,3,4,1,473,43,72
38,47,76,930,,1,*Tajpur,169,75,94,66,3,0,0,1,76,8,15
38,47,76,940,,1,*Teghar Bisa,1255,527,728,457,154,5,0,8,490,57,84
38,47,85,,,,Puranapail Union Total,6627,2969,3658,2631,216,12,2,17,3018,309,422
38,47,85,075,,1,*Bankhur,416,181,235,159,23,0,0,1,180,21,32
38,47,85,102,,1,*Bara Tajpur,1041,456,585,409,58,3,0,6,460,38,67
38,47,85,281,,1,*Chhota Helkunda,268,122,146,105,1,3,0,0,134,14,11
38,47,85,313,,1,*Dastapur,240,142,98,138,2,0,0,0,92,4,4
38,47,85,383,,1,*Gadan Sahar,303,125,178,117,27,0,0,0,145,8,6
38,47,85,389,,1,*Gangadaspur,221,102,119,90,0,4,1,0,98,8,20
38,47,85,394,,1,*Gangrail,139,54,85,43,17,0,0,0,53,11,15
38,47,85,405,,1,*Gobindapur,85,44,41,42,0,0,0,0,40,2,1
38,47,85,416,,1,*Gopinathpur,182,74,108,63,3,0,0,2,86,9,19
38,47,85,421,,1,*Halat,244,103,141,97,5,0,1,0,115,6,20
38,47,85,448,,1,*Hatigara,271,115,156,101,3,0,0,1,136,13,17
38,47,85,459,,1,*Helkunda,1021,464,557,397,17,1,0,4,470,62,70
38,47,85,502,,1,*Jalatul,380,165,215,139,16,1,0,0,177,25,22
38,47,85,821,,1,*Parbatta,252,107,145,96,1,0,0,0,123,11,21
38,47,85,843,,1,*Puranapail,883,415,468,366,39,0,0,1,382,48,47
38,47,85,903,,1,*Shalgaon,190,86,104,81,0,0,0,0,101,5,3
38,47,85,910,,1,*Shyampur,95,35,60,29,2,0,0,0,36,6,22
38,47,85,967,,1,*Tulat,396,179,217,159,2,0,0,2,190,18,25
38,58,,,,,Kalai Upazila Total,44034,18670,25364,16083,657,99,56,628,21693,1860,2958
38,58,,,,1,Kalai Upazila,39735,16907,22828,14535,522,95,48,617,19630,1660,2628
38,58,,,,2,Kalai Upazila,4299,1763,2536,1548,135,4,8,11,2063,200,330
38,58,,,,2,Kalai  Paurashava,4299,1763,2536,1548,135,4,8,11,2063,200,330
38,58,01,,,,Ward No-01 Total,482,186,296,168,3,0,0,0,267,18,26
38,58,01,201,,2,*Chandanvita,31,12,19,12,0,0,0,0,18,0,1
38,58,01,501,,2,*Kalai Hospital,14,5,9,5,0,0,0,0,8,0,1
38,58,01,502,,2,*Kalai Kazi Para,185,70,115,63,1,0,0,0,110,7,4
38,58,01,507,,2,*Kalai Natun Bazar,39,13,26,8,2,0,0,0,18,5,6
38,58,01,964,,2,*Thupsara (Part),213,86,127,80,0,0,0,0,113,6,14
38,58,02,,,,Ward No-02 Total,451,196,255,162,24,0,0,1,203,33,28
38,58,02,121,,2,*Both Side Of Roads Panchsira,116,50,66,40,4,0,0,0,53,10,9
38,58,02,503,,2,*Kalai Fakir Para (Thak Para),8,3,5,2,1,0,0,0,2,1,2
38,58,02,507,,2,*Kalai Purba Para(Mollah Para),218,95,123,80,4,0,0,0,111,15,8
38,58,02,509,,2,*Kalai Akanda Para,93,42,51,36,12,0,0,0,31,6,8
38,58,02,517,,2,*Kalai Upazila Chattar,16,6,10,4,3,0,0,1,6,1,1
38,58,03,,,,Ward No-03 Total,773,338,435,288,6,1,4,6,347,43,78
38,58,03,250,,2,*Sitahar Adarsha Gram,166,70,96,59,1,0,0,0,68,11,27
38,58,03,343,,2,*Duranja,273,126,147,110,0,1,2,0,117,15,28
38,58,03,429,,2,*Hatiur Naya Para,208,87,121,79,2,0,2,6,113,2,4
38,58,03,519,,2,*Kalai College Para,126,55,71,40,3,0,0,0,49,15,19
38,58,04,,,,Ward No-04 Total,577,236,341,205,70,1,1,2,236,28,34
38,58,04,040,,2,*Aora (Part),577,236,341,205,70,1,1,2,236,28,34
38,58,05,,,,Ward No-05 Total,482,199,283,175,2,1,0,2,235,21,46
38,58,05,040,,2,*Aora (Part),482,199,283,175,2,1,0,2,235,21,46
38,58,06,,,,Ward No-06 Total,286,100,186,91,1,0,0,0,177,9,8
38,58,06,500,,2,*Kalimohar Para,95,37,58,34,0,0,0,0,57,3,1
38,58,06,818,,2,*Purba Sarail,191,63,128,57,1,0,0,0,120,6,7
38,58,07,,,,Ward No-07 Total,410,165,245,154,24,1,0,0,194,10,27
38,58,07,257,,2,*Dahara (Part),95,38,57,35,10,1,0,0,41,2,6
38,58,07,471,,2,*Mulgram Fakir Para,29,17,12,15,5,0,0,0,6,2,1
38,58,07,681,,2,*Mulgram Mondol Para,33,10,23,10,1,0,0,0,15,0,7
38,58,07,768,,2,*Mulgram Mooddha Para,217,89,128,85,8,0,0,0,112,4,8
38,58,07,816,,2,*Mulgram Purba Para,36,11,25,9,0,0,0,0,20,2,5
38,58,08,,,,Ward No-08 Total,495,202,293,175,1,0,3,0,230,27,59
38,58,08,257,,2,*Dahara (Part),23,9,14,9,0,0,1,0,9,0,4
38,58,08,381,,2,*Mulgram Dakhin Para,158,76,82,66,1,0,1,0,65,10,15
38,58,08,500,,2,*Dhapkalai,128,50,78,45,0,0,0,0,71,5,7
38,58,08,545,,2,*Kathail,120,44,76,38,0,0,0,0,59,6,17
38,58,08,553,,2,*Mulgram Hindu Para,66,23,43,17,0,0,1,0,26,6,16
38,58,09,,,,Ward No-09 Total,343,141,202,130,4,0,0,0,174,11,24
38,58,09,540,,2,*Kalai Afzal Talukder Para,54,21,33,20,4,0,0,0,20,1,9
38,58,09,545,,2,*Kalai Dokandar Para,84,29,55,28,0,0,0,0,52,1,3
38,58,09,555,,2,*Kalai Jumma Para,23,7,16,5,0,0,0,0,16,2,0
38,58,09,566,,2,*Kalai Karmakar Para,45,25,20,21,0,0,0,0,18,4,2
38,58,09,577,,2,*Kalai Munshi Para,63,28,35,25,0,0,0,0,33,3,2
38,58,09,588,,2,*Kalai Talukder Para,74,31,43,31,0,0,0,0,35,0,8
38,58,38,,,,Ahmmedabad Union Total,4566,1907,2659,1637,79,2,7,79,2253,189,320
38,58,38,095,,1,*Balait,452,182,270,159,2,0,2,2,240,21,26
38,58,38,095,01,1,Balait,288,124,164,109,1,0,1,1,138,14,24
38,58,38,095,02,1,Paratgara,44,18,26,17,0,0,0,0,26,1,0
38,58,38,095,03,1,Surail,120,40,80,33,1,0,1,1,76,6,2
38,58,38,116,,1,*Bamnihara,45,18,27,14,1,1,0,0,22,3,4
38,58,38,134,,1,*Ekdala,122,45,77,40,2,0,1,0,65,5,9
38,58,38,136,,1,*Banihara,152,65,87,24,0,0,0,0,65,41,22
38,58,38,171,,1,*Bhabki,401,175,226,167,19,0,2,1,192,7,13
38,58,38,171,01,1,Uttar Bhabki,285,123,162,120,2,0,1,0,153,3,6
38,58,38,171,02,1,Dakshin Bhabki,116,52,64,47,17,0,1,1,39,4,7
38,58,38,217,,1,*Borai,538,211,327,198,6,0,0,0,254,13,67
38,58,38,217,01,1,Borai,316,117,199,109,4,0,0,0,159,8,36
38,58,38,217,02,1,Raghabpur,222,94,128,89,2,0,0,0,95,5,31
38,58,38,424,,1,*Harunja,912,349,563,321,17,0,2,1,469,27,75
38,58,38,429,,1,*Hatior,783,358,425,316,9,0,0,1,383,41,33
38,58,38,429,01,1,Hatior,526,234,292,223,6,0,0,1,271,10,15
38,58,38,429,02,1,Dargapara,257,124,133,93,3,0,0,0,112,31,18
38,58,38,479,,1,*Jhamutpur,519,232,287,143,1,0,0,73,275,16,11
38,58,38,550,,1,*Kathail Gopinathpur,179,93,86,84,1,0,0,1,75,8,10
38,58,38,570,,1,*Kharija Pakuria,85,23,62,19,0,1,0,0,39,3,23
38,58,38,570,01,1,Uttar Pakuria,45,14,31,13,0,0,0,0,17,1,14
38,58,38,570,02,1,Dakshin Pakuria,40,9,31,6,0,1,0,0,22,2,9
38,58,38,686,,1,*Murail,224,96,128,96,21,0,0,0,91,0,16
38,58,38,843,,1,*Rupnarayanpur,65,31,34,29,0,0,0,0,31,2,3
38,58,38,964,,1,*Thupsara,89,29,60,27,0,0,0,0,52,2,8
38,58,38,964,01,1,Naya Para (Koshilpur),34,12,22,12,0,0,0,0,19,0,3
38,58,38,964,02,1,Haji Para,55,17,38,15,0,0,0,0,33,2,5
38,58,66,,,,Matrai Union Total,9251,4076,5175,3283,95,33,7,316,4494,444,579
38,58,66,005,,1,*Abdalsing,149,61,88,44,0,0,0,0,69,17,19
38,58,66,035,,1,*Anihar,88,33,55,32,0,0,0,0,44,1,11
38,58,66,045,,1,*Arazi Garail,78,36,42,26,0,0,0,6,35,4,7
38,58,66,101,,1,*Bali Shibsamudra,358,164,194,145,7,0,0,4,175,15,12
38,58,66,106,,1,*Baligram,630,246,384,218,41,0,0,2,302,26,41
38,58,66,106,01,1,Baligram,430,169,261,145,39,0,0,2,201,22,21
38,58,66,106,02,1,Chak Shalukgari,200,77,123,73,2,0,0,0,101,4,20
38,58,66,126,,1,*Bandighi,241,97,144,86,3,0,0,0,121,11,20
38,58,66,166,,1,*Bezkhanda,245,120,125,106,0,1,1,0,109,13,15
38,58,66,186,,1,*Bherendi,208,80,128,72,0,0,0,0,112,8,16
38,58,66,196,,1,*Biala,1003,465,538,378,8,0,0,34,479,53,51
38,58,66,196,01,1,Biala,873,404,469,355,8,0,0,5,418,44,43
38,58,66,196,02,1,Bauza Patrar,130,61,69,23,0,0,0,29,61,9,8
38,58,66,247,,1,*Chhatragram,502,226,276,175,1,10,0,1,225,40,50
38,58,66,247,01,1,Chhatragram,391,178,213,142,1,0,0,0,168,36,44
38,58,66,247,02,1,Ragunathpur,111,48,63,33,0,10,0,1,57,4,6
38,58,66,297,,1,*Daudia,318,142,176,110,1,1,1,20,149,11,25
38,58,66,297,01,1,Daudia,196,89,107,59,0,0,1,19,97,11,9
38,58,66,297,02,1,Ashurail,122,53,69,51,1,1,0,1,52,0,16
38,58,66,368,,1,*Garail,347,146,201,97,4,0,0,49,190,0,7
38,58,66,439,,1,*Himail,229,96,133,84,0,0,0,0,116,12,17
38,58,66,454,,1,*Inkshur,404,149,255,128,4,0,0,1,219,20,32
38,58,66,454,01,1,Ulipur,255,93,162,79,1,0,0,1,144,13,17
38,58,66,454,02,1,Paikoshor,149,56,93,49,3,0,0,0,75,7,15
38,58,66,515,,1,*Katahar,381,189,192,169,5,0,0,3,180,17,7
38,58,66,606,,1,*Kusumsara,465,199,266,176,7,0,0,2,228,21,31
38,58,66,661,,1,*Matrai,997,426,571,219,5,0,0,160,504,47,62
38,58,66,747,,1,*Parbatipur,294,151,143,102,0,0,0,0,110,49,33
38,58,66,858,,1,*Salgun,852,381,471,358,1,1,0,0,431,22,39
38,58,66,868,,1,*Samsira,455,202,253,155,3,0,0,33,221,14,29
38,58,66,868,01,1,Samsira,237,104,133,66,2,0,0,31,114,7,17
38,58,66,868,02,1,Balakhur,218,98,120,89,1,0,0,2,107,7,12
38,58,66,888,,1,*Satar,102,28,74,19,0,1,0,1,67,7,7
38,58,66,899,,1,*Shibsamudra,299,131,168,127,4,1,1,0,147,3,16
38,58,66,909,,1,*Silimpur,606,308,298,257,1,18,4,0,261,33,32
38,58,66,909,01,1,Silimpur,267,132,135,120,0,0,1,0,131,12,3
38,58,66,909,02,1,Lakichapar,237,122,115,87,1,18,3,0,84,17,27
38,58,66,909,03,1,Bhagina Pathar,102,54,48,50,0,0,0,0,46,4,2
38,58,76,,,,Punat Union Total,9046,3745,5301,3345,114,20,7,45,4492,335,688
38,58,76,227,,1,*Burail,732,307,425,263,17,0,1,1,316,43,91
38,58,76,227,01,1,Burail,204,72,132,64,9,0,0,0,93,8,30
38,58,76,227,02,1,Chakalmua,528,235,293,199,8,0,1,1,223,35,61
38,58,76,273,,1,*Garbalani Nandail,981,425,556,387,19,0,0,2,475,36,62
38,58,76,273,01,1,Nandail,720,315,405,290,16,0,0,0,346,25,43
38,58,76,273,02,1,Chak Murail,23,10,13,9,0,0,0,0,8,1,5
38,58,76,273,03,1,Dighi Para,238,100,138,88,3,0,0,2,121,10,14
38,58,76,383,,1,*Gobindapur,153,59,94,56,0,0,0,0,75,3,19
38,58,76,388,,1,*Gohara,145,63,82,60,3,0,0,0,63,3,16
38,58,76,388,01,1,Gohara,66,27,39,24,0,0,0,0,29,3,10
38,58,76,388,02,1,Utrail,79,36,43,36,3,0,0,0,34,0,6
38,58,76,404,,1,*Gopinathpur,77,28,49,28,2,0,0,0,43,0,4
38,58,76,459,,1,*Jagadumbar,392,170,222,161,1,0,0,0,199,9,22
38,58,76,611,,1,*Madai,265,88,177,78,0,0,0,1,140,9,37
38,58,76,671,,1,*Moail,267,115,152,103,1,0,2,0,123,12,26
38,58,76,742,,1,*Panchgram,1012,426,586,373,10,1,1,7,489,45,86
38,58,76,742,01,1,Panchgaon,809,338,471,296,4,1,1,5,401,36,65
38,58,76,742,02,1,Tisra Para,203,88,115,77,6,0,0,2,88,9,21
38,58,76,787,,1,*Punat,2471,985,1486,867,23,10,1,28,1286,80,176
38,58,76,787,01,1,Punat,1376,561,815,484,14,10,1,27,685,40,115
38,58,76,787,02,1,Panchpaika,267,112,155,101,4,0,0,1,133,10,18
38,58,76,787,03,1,Paschim Nayapara,53,23,30,23,1,0,0,0,26,0,3
38,58,76,787,04,1,Purba Nayapara,66,22,44,17,0,0,0,0,41,5,3
38,58,76,787,05,1,Bafalgari,296,109,187,97,2,0,0,0,166,12,19
38,58,76,787,06,1,Kharpa,64,21,43,19,0,0,0,0,43,2,0
38,58,76,787,07,1,Dingrapara,349,137,212,126,2,0,0,0,192,11,18
38,58,76,798,,1,*Purba Deogaon,404,163,241,142,9,1,0,1,191,19,41
38,58,76,803,,1,*Purba Durgapur,211,87,124,77,5,2,1,0,107,8,11
38,58,76,823,,1,*Radhanagar,157,50,107,40,1,0,0,0,90,10,16
38,58,76,904,,1,*Sikta,1092,473,619,441,19,5,0,5,575,22,25
38,58,76,904,01,1,Sikta,807,365,442,338,18,5,0,4,409,18,15
38,58,76,904,02,1,Dap Sitka,285,108,177,103,1,0,0,1,166,4,10
38,58,76,949,,1,*Talkhur,687,306,381,269,4,1,1,0,320,36,56
38,58,76,949,01,1,Talkhur,163,67,96,63,1,1,0,0,81,3,14
38,58,76,949,02,1,Bugoil,524,239,285,206,3,0,1,0,239,33,42
38,58,85,,,,Udaypur Union Total,8802,3802,5000,3257,115,27,19,163,4363,355,503
38,58,85,050,,1,*Arbab,89,39,50,34,0,0,0,0,41,5,9
38,58,85,070,,1,*Bagail,154,69,85,65,0,0,0,0,82,4,3
38,58,85,075,,1,*Bahuti,418,185,233,172,13,1,1,4,190,8,29
38,58,85,075,01,1,Bahuti,192,81,111,77,9,0,0,1,82,3,20
38,58,85,075,02,1,Durgapur,226,104,122,95,4,1,1,3,108,5,9
38,58,85,151,,1,*Basura,226,91,135,88,2,0,0,0,115,3,18
38,58,85,181,,1,*Bhatahar,164,76,88,73,3,0,0,1,85,2,0
38,58,85,202,,1,*Binail,422,173,249,158,0,1,0,0,239,14,10
38,58,85,232,,1,*Chak Barai,101,40,61,39,3,0,0,0,55,1,3
38,58,85,237,,1,*Chak Basura,20,9,11,6,0,0,0,0,10,3,1
38,58,85,242,,1,*Chenchuria,95,35,60,29,0,0,0,1,56,5,4
38,58,85,333,,1,*Dhunat,387,168,219,160,2,0,1,0,197,8,19
38,58,85,338,,1,*Dudhail,846,380,466,327,23,1,1,7,375,45,67
38,58,85,338,01,1,Dudhail,283,128,155,114,6,0,0,4,123,10,26
38,58,85,338,02,1,Naya Para,193,77,116,66,3,0,1,1,87,10,25
38,58,85,338,03,1,Akala Para,370,175,195,147,14,1,0,2,165,25,16
38,58,85,358,,1,*Ganeshpur,67,27,40,27,0,0,0,0,40,0,0
38,58,85,363,,1,*Gangadaspur,840,371,469,324,2,3,1,8,398,36,68
38,58,85,363,01,1,Alyagari,105,45,60,44,0,0,0,0,57,1,3
38,58,85,363,02,1,Bashia Para,405,186,219,155,0,1,1,4,185,26,33
38,58,85,363,03,1,Gangadaspur,290,123,167,109,1,2,0,3,135,9,31
38,58,85,363,04,1,Amla Pukur,40,17,23,16,1,0,0,1,21,0,1
38,58,85,464,,1,*Jagannathpur,80,28,52,28,0,0,0,0,51,0,1
38,58,85,474,,1,*Jamura,334,139,195,133,0,2,0,0,187,4,8
38,58,85,525,,1,*Karanka,233,93,140,79,0,0,0,0,120,14,20
38,58,85,540,,1,*Kashipur,470,225,245,200,5,9,12,0,197,16,31
38,58,85,540,01,1,Kashipur,159,80,79,75,2,0,1,0,68,5,8
38,58,85,540,02,1,Joypur,149,64,85,50,3,9,11,0,54,5,17
38,58,85,540,03,1,Simril,162,81,81,75,0,0,0,0,75,6,6
38,58,85,646,,1,*Mandai,176,81,95,62,3,5,2,5,77,9,13
38,58,85,651,,1,*Mastar,323,130,193,114,2,0,0,2,184,14,7
38,58,85,717,,1,*Nimer Para,78,39,39,34,0,1,0,0,38,4,1
38,58,85,727,,1,*Nunaj,18,9,9,2,0,0,0,0,0,7,9
38,58,85,737,,1,*Paik Para,241,102,139,97,3,0,0,1,130,4,6
38,58,85,792,,1,*Pur,478,193,285,169,8,1,0,1,258,22,19
38,58,85,792,01,1,Pur,210,84,126,75,3,0,0,0,111,9,12
38,58,85,792,02,1,Sakpur,175,72,103,63,1,1,0,0,99,8,3
38,58,85,792,03,1,Maltia,34,12,22,9,0,0,0,0,21,3,1
38,58,85,792,04,1,Jaminpur,59,25,34,22,4,0,0,1,27,2,3
38,58,85,813,,1,*Purba Krishnapur,554,253,301,88,12,2,0,118,237,45,52
38,58,85,878,,1,*Saranja,239,103,136,97,0,0,0,0,130,6,6
38,58,85,919,,1,*Sreepur,111,50,61,47,2,0,1,0,45,3,13
38,58,85,939,,1,*Takahut,329,131,198,109,2,0,0,3,190,19,6
38,58,85,939,01,1,Takahut,225,90,135,74,2,0,0,3,129,13,4
38,58,85,939,02,1,Chak Takahut,104,41,63,35,0,0,0,0,61,6,2
38,58,85,944,,1,*Talara Baguni,462,189,273,164,9,0,0,4,216,21,48
38,58,85,969,,1,*Udaypur,245,104,141,90,2,0,0,3,126,11,13
38,58,85,969,01,1,Udaypur,135,58,77,51,0,0,0,2,77,5,0
38,58,85,969,02,1,Thal,110,46,64,39,2,0,0,1,49,6,13
38,58,85,994,,1,*Uttar Telihar,602,270,332,242,19,1,0,5,294,22,19
38,58,85,994,01,1,Uttar Telihar,398,169,229,150,0,1,0,5,214,13,15
38,58,85,994,02,1,Bhusha,204,101,103,92,19,0,0,0,80,9,4
38,58,95,,,,Zindarpur Union Total,8070,3377,4693,3013,119,13,8,14,4028,337,538
38,58,95,055,,1,*Atahar,580,258,322,230,17,1,0,0,260,27,45
38,58,95,065,,1,*Badauchcha,541,230,311,207,6,2,1,0,283,21,21
38,58,95,085,,1,*Bakhara,682,276,406,248,10,1,1,2,338,25,57
38,58,95,085,01,1,Bakhara,535,215,320,194,10,1,1,1,261,19,48
38,58,95,085,02,1,Balgaria,147,61,86,54,0,0,0,1,77,6,9
38,58,95,111,,1,*Bamangaon,353,154,199,127,1,0,0,0,168,27,30
38,58,95,156,,1,*Begungaon,538,226,312,210,5,0,0,0,289,16,18
38,58,95,272,,1,*Dakshin Maheshpur,98,31,67,28,0,0,0,1,42,2,25
38,58,95,353,,1,*Elta,432,155,277,148,4,1,0,0,263,6,10
38,58,95,353,01,1,Elta,251,92,159,87,2,1,0,0,149,4,8
38,58,95,353,02,1,Imampur,181,63,118,61,2,0,0,0,114,2,2
38,58,95,378,,1,*Ghaturia,659,279,380,248,9,1,0,0,348,30,23
38,58,95,378,01,1,Ghaturia,543,227,316,203,9,1,0,0,286,23,21
38,58,95,378,02,1,Nanahar,116,52,64,45,0,0,0,0,62,7,2
38,58,95,434,,1,*Hajipur,421,181,240,157,2,1,0,0,196,23,42
38,58,95,434,01,1,Hajipur,313,134,179,116,2,1,0,0,146,17,31
38,58,95,434,02,1,Bistapur,108,47,61,41,0,0,0,0,50,6,11
38,58,95,489,,1,*Jindarpur,459,229,230,204,2,1,1,0,198,24,29
38,58,95,494,,1,*Kadirpur,1197,488,709,430,29,5,4,4,584,49,92
38,58,95,494,01,1,Kadirpur,496,206,290,178,6,0,0,2,238,26,46
38,58,95,494,02,1,Dap Kadirpur,126,55,71,55,0,0,0,0,70,0,1
38,58,95,494,03,1,Molamgari,575,227,348,197,23,5,4,2,276,23,45
38,58,95,520,,1,*Karimpur,259,104,155,81,5,0,0,3,134,20,16
38,58,95,595,,1,*Kujail,542,230,312,216,7,0,1,0,277,14,27
38,58,95,595,01,1,Purba Kujail,219,91,128,89,0,0,0,0,122,2,6
38,58,95,595,02,1,Paschim Kujail,323,139,184,127,7,0,1,0,155,12,21
38,58,95,616,,1,*Madarpur,517,233,284,190,10,0,0,4,230,39,44
38,58,95,631,,1,*Mahiram,85,36,49,36,9,0,0,0,37,0,3
38,58,95,808,,1,*Purba Itail,707,267,440,253,3,0,0,0,381,14,56
38,58,95,808,01,1,Purba Itail,649,247,402,234,3,0,0,0,351,13,48
38,58,95,808,02,1,Damtra,58,20,38,19,0,0,0,0,30,1,8
38,61,,,,,Khetlal Upazila Total,33867,14923,18944,13100,400,49,26,124,16446,1650,2072
38,61,,,,1,Khetlal Upazila,30367,13352,17015,11730,346,49,24,108,14803,1465,1842
38,61,,,,3,Khetlal Upazila,3500,1571,1929,1370,54,0,2,16,1643,185,230
38,61,15,,,,Alampur Union Total,7180,3069,4111,2652,71,6,8,23,3556,388,476
38,61,15,015,,1,*Aklas,87,37,50,31,1,0,0,0,46,6,3
38,61,15,015,01,1,Aklas,57,23,34,21,1,0,0,0,31,2,2
38,61,15,015,02,1,Shyampur,30,14,16,10,0,0,0,0,15,4,1
38,61,15,020,,1,*Alampur,1006,452,554,389,14,0,0,2,479,61,61
38,61,15,020,01,1,Alampur,822,365,457,306,6,0,0,2,397,57,54
38,61,15,020,02,1,Nalpukur,184,87,97,83,8,0,0,0,82,4,7
38,61,15,121,,1,*Banaich,492,211,281,198,1,0,0,0,254,13,26
38,61,15,121,01,1,Banaich,183,77,106,72,0,0,0,0,93,5,13
38,61,15,121,02,1,Alipur,154,62,92,58,0,0,0,0,84,4,8
38,61,15,121,03,1,Tahamra,99,45,54,43,0,0,0,0,50,2,4
38,61,15,121,04,1,Hapania,56,27,29,25,1,0,0,0,27,2,1
38,61,15,131,,1,*Bania Chapar,293,108,185,80,2,2,0,1,134,25,49
38,61,15,131,01,1,Bania Chapar,127,42,85,26,2,0,0,0,58,16,25
38,61,15,131,02,1,Amunia Para,166,66,100,54,0,2,0,1,76,9,24
38,61,15,262,,1,*Dakshin Basta,150,68,82,61,1,0,0,0,66,7,15
38,61,15,287,,1,*Damgar,62,24,38,22,3,0,0,0,27,2,8
38,61,15,303,,1,*Daulatpur,726,279,447,266,5,0,0,1,410,12,32
38,61,15,303,01,1,Daulatpur,637,246,391,235,5,0,0,1,359,10,27
38,61,15,303,02,1,Kanaipukur,89,33,56,31,0,0,0,0,51,2,5
38,61,15,318,,1,*Deotahar,19,8,11,4,0,0,0,0,11,4,0
38,61,15,323,,1,*Dhamsunda,181,83,98,80,4,0,0,0,82,3,12
38,61,15,399,,1,*Gopalpur,206,97,109,87,0,1,0,0,99,9,10
38,61,15,414,,1,*Gurura,177,88,89,79,13,1,0,2,64,6,12
38,61,15,419,,1,*Hantanabaz,141,69,72,54,0,0,0,0,58,15,14
38,61,15,520,,1,*Kapastikri,69,28,41,24,0,0,0,0,39,4,2
38,61,15,580,,1,*Khariza Deotahar,76,27,49,24,0,0,0,0,41,3,8
38,61,15,702,,1,*Nasirpur,619,302,317,225,6,2,0,9,277,66,34
38,61,15,702,01,1,Nasirpur,359,173,186,113,6,2,0,3,151,55,29
38,61,15,702,02,1,Mirzapur,260,129,131,112,0,0,0,6,126,11,5
38,61,15,712,,1,*Nazirpur,116,42,74,35,1,0,0,1,70,6,3
38,61,15,732,,1,*Pachul,639,242,397,205,4,0,1,2,355,35,37
38,61,15,732,01,1,Pachul,470,182,288,151,2,0,1,2,253,29,32
38,61,15,732,02,1,Khottar Para,114,46,68,46,2,0,0,0,65,0,1
38,61,15,732,03,1,Phopra Para,55,14,41,8,0,0,0,0,37,6,4
38,61,15,782,,1,*Paulanja,391,166,225,138,4,0,3,0,175,28,43
38,61,15,828,,1,*Raghunathpur,131,51,80,48,0,0,0,0,77,3,3
38,61,15,848,,1,*Sahala Para,170,73,97,65,1,0,1,1,75,7,20
38,61,15,893,,1,*Shibpur,713,291,422,268,3,0,0,3,401,20,18
38,61,15,924,,1,*Suhali,333,144,189,125,6,0,3,0,154,19,26
38,61,15,929,,1,*Sujapur,294,136,158,114,2,0,0,0,126,22,30
38,61,15,934,,1,*Sultanpur,89,43,46,30,0,0,0,1,36,12,10
38,61,19,,,,Baratara Union Total,8259,3572,4687,3189,89,13,3,16,4129,354,466
38,61,19,222,,1,*Burail,396,169,227,165,2,0,0,1,212,3,13
38,61,19,252,,1,*Chhotatara,419,181,238,166,2,1,0,0,205,14,31
38,61,19,328,,1,*Dhatalipur,141,45,96,39,3,1,0,0,83,5,10
38,61,19,444,,1,*Hop,500,229,271,224,1,1,0,0,255,4,15
38,61,19,469,,1,*Jamuhali,287,125,162,115,2,0,0,0,148,10,12
38,61,19,510,,1,*Kanchakul,232,109,123,102,3,2,1,0,114,5,5
38,61,19,510,01,1,Kanchakul,203,99,104,93,3,2,1,0,96,4,4
38,61,19,510,02,1,Kharikata Part-2,29,10,19,9,0,0,0,0,18,1,1
38,61,19,560,,1,*Kesurta,203,87,116,81,4,1,0,1,92,4,20
38,61,19,560,01,1,Uttar Kesurata,68,30,38,26,2,1,0,1,27,2,9
38,61,19,560,02,1,Dakshin Kesurta,135,57,78,55,2,0,0,0,65,2,11
38,61,19,575,,1,*Kharita,205,89,116,87,0,0,0,0,108,2,8
38,61,19,585,,1,*Krishnanagar,1656,729,927,602,7,2,0,1,825,124,95
38,61,19,585,01,1,Tarakul,302,132,170,119,2,0,0,1,144,12,24
38,61,19,585,02,1,Fakir Para,324,145,179,135,1,0,0,0,168,10,10
38,61,19,585,03,1,Shalban,391,192,199,132,3,0,0,0,173,60,23
38,61,19,585,04,1,Madhyapara,150,69,81,39,1,1,0,0,71,29,9
38,61,19,585,05,1,Maziathal,316,124,192,111,0,0,0,0,166,13,26
38,61,19,585,06,1,Nazir Para,173,67,106,66,0,1,0,0,103,0,3
38,61,19,696,,1,*Naitika,245,111,134,101,1,0,0,0,130,10,3
38,61,19,696,01,1,Naitika,185,82,103,75,1,0,0,0,101,7,1
38,61,19,696,02,1,Butpara,60,29,31,26,0,0,0,0,29,3,2
38,61,19,722,,1,*Nischinta,149,58,91,47,1,0,0,1,80,10,10
38,61,19,777,,1,*Pathan Para,204,89,115,79,0,0,0,1,102,9,13
38,61,19,777,01,1,Pathan Para,116,52,64,44,0,0,0,1,52,7,12
38,61,19,777,02,1,Karikata (Part-1),88,37,51,35,0,0,0,0,50,2,1
38,61,19,838,,1,*Roair,755,345,410,317,10,1,0,4,369,23,31
38,61,19,838,01,1,Roair,346,159,187,146,8,0,0,2,166,11,13
38,61,19,838,02,1,Amani Para,246,113,133,105,1,1,0,2,117,5,15
38,61,19,838,03,1,Ghorshil,163,73,90,66,1,0,0,0,86,7,3
38,61,19,914,,1,*Shishi,102,42,60,33,2,2,0,0,51,7,7
38,61,19,954,,1,*Tarapani,767,331,436,285,3,0,2,3,390,43,41
38,61,19,954,01,1,Baratara,585,246,339,210,2,0,2,3,299,33,36
38,61,19,954,02,1,Bagha Para,182,85,97,75,1,0,0,0,91,10,5
38,61,19,959,,1,*Telabadal,1026,436,590,364,47,2,0,2,424,68,119
38,61,19,979,,1,*Uttar Hatsahar,374,148,226,144,0,0,0,1,216,3,10
38,61,19,979,01,1,Uttar Hatsahar,222,84,138,80,0,0,0,1,131,3,7
38,61,19,979,02,1,Naopara,61,23,38,23,0,0,0,0,35,0,3
38,61,19,979,03,1,Haji Para (Part-2),91,41,50,41,0,0,0,0,50,0,0
38,61,19,984,,1,*Uttar Maheshpur,464,204,260,194,0,0,0,1,245,9,15
38,61,19,984,01,1,Uttar Maheshpur,238,107,131,102,0,0,0,0,127,5,4
38,61,19,984,02,1,Shalukdubi,226,97,129,92,0,0,0,1,118,4,11
38,61,19,989,,1,*Uttar Tausara,134,45,89,44,1,0,0,0,80,1,8
38,61,28,,,,Barail Union Total,5766,2440,3326,2152,72,14,6,19,2906,255,342
38,61,28,025,,1,*Alunja,51,25,26,21,2,0,0,0,21,4,3
38,61,28,090,,1,*Bakhera Kamalgari,199,92,107,87,2,0,0,1,99,4,6
38,61,28,141,,1,*Barail,134,44,90,43,1,0,0,0,86,1,3
38,61,28,176,,1,*Bhasila,422,174,248,158,3,0,1,3,216,13,28
38,61,28,207,,1,*Binay,887,371,516,325,13,1,1,8,456,37,46
38,61,28,207,01,1,Binay,407,168,239,157,6,0,1,0,221,11,11
38,61,28,207,02,1,Binay Panchkhupi,209,80,129,67,0,0,0,2,111,11,18
38,61,28,207,03,1,Haripur,77,34,43,33,3,0,0,0,37,1,3
38,61,28,207,04,1,Pratappara,194,89,105,68,4,1,0,6,87,14,14
38,61,28,267,,1,*Dakshin Hatsahar,377,154,223,132,1,0,0,0,211,22,11
38,61,28,282,,1,*Dakshin Telihar,221,101,120,90,1,3,0,0,96,8,23
38,61,28,313,,1,*Deolia,141,56,85,51,1,0,0,0,68,5,16
38,61,28,393,,1,*Golahar,192,72,120,65,0,0,1,1,114,6,5
38,61,28,409,,1,*Gotahar,392,169,223,146,0,0,0,1,195,22,28
38,61,28,505,,1,*Kalinga,148,67,81,62,0,0,0,0,76,5,5
38,61,28,535,,1,*Kasba,648,272,376,238,16,5,1,0,327,29,32
38,61,28,535,01,1,Hinda Kasba,324,130,194,120,2,0,0,0,179,10,13
38,61,28,535,02,1,Hinda Bazar Barahi,127,66,61,60,2,0,0,0,59,6,0
38,61,28,535,03,1,Gangair,85,29,56,17,0,0,0,0,48,12,8
38,61,28,535,04,1,Rajbinay,112,47,65,41,12,5,1,0,41,1,11
38,61,28,601,,1,*Kusumsahar,223,99,124,82,0,0,1,0,111,17,12
38,61,28,636,,1,*Maiam Sherkul,126,59,67,57,0,0,0,0,65,2,2
38,61,28,656,,1,*Matihas,151,49,102,46,0,0,0,1,94,2,8
38,61,28,691,,1,*Muraripur,95,41,54,35,0,0,0,0,46,6,8
38,61,28,762,,1,*Paschim Itail,105,45,60,37,3,0,0,0,42,8,15
38,61,28,762,01,1,Paschim Itail,75,31,44,26,2,0,0,0,33,5,9
38,61,28,762,02,1,Hinda Panchkhupy,30,14,16,11,1,0,0,0,9,3,6
38,61,28,853,,1,*Sakharanja,491,207,284,174,17,3,1,1,229,29,37
38,61,28,873,,1,*Sankarbagh,189,84,105,75,0,0,0,0,98,9,7
38,61,28,883,,1,*Shashigram,242,102,140,97,5,0,0,3,122,2,13
38,61,28,883,01,1,Shashigram,138,56,82,55,0,0,0,0,74,1,8
38,61,28,883,02,1,Belgari,104,46,58,42,5,0,0,3,48,1,5
38,61,28,974,,1,*Uttar Basta,332,157,175,131,7,2,0,0,134,24,34
38,61,47,,,,Khetlal Union Total,6046,2728,3318,2394,96,4,4,23,2832,307,386
38,61,47,,,1,Khetlal Union,2546,1157,1389,1024,42,4,2,7,1189,122,156
38,61,47,,,3,Khetlal Union,3500,1571,1929,1370,54,0,2,16,1643,185,230
38,61,47,060,,1,*Ati,727,354,373,328,5,2,0,0,344,24,24
38,61,47,060,01,1,Ati,460,234,226,213,2,2,0,0,211,19,13
38,61,47,060,02,1,Ghuguil,127,53,74,50,2,0,0,0,64,3,8
38,61,47,060,03,1,Dighi Para,140,67,73,65,1,0,0,0,69,2,3
38,61,47,212,,1,*Binsara,177,78,99,70,2,1,1,2,89,5,7
38,61,47,292,,1,*Dasara,960,434,526,380,27,1,1,3,422,50,76
38,61,47,292,01,1,Shial Para,71,34,37,34,8,0,0,0,29,0,0
38,61,47,292,02,1,Uttarpara,13,3,10,2,0,0,0,0,9,1,1
38,61,47,292,03,1,Maligari,110,42,68,40,0,0,0,0,65,2,3
38,61,47,292,04,1,Mosandal,172,84,88,76,14,1,0,0,63,7,11
38,61,47,292,05,1,Monjhar,110,57,53,47,1,0,0,0,40,10,12
38,61,47,292,06,1,Dwapukur,198,98,100,85,3,0,1,0,85,13,11
38,61,47,292,07,1,Kazi Para,16,7,9,3,0,0,0,0,4,4,5
38,61,47,292,08,1,Fakir Para,145,63,82,50,1,0,0,3,71,10,10
38,61,47,292,09,1,Khan Para,10,1,9,0,0,0,0,0,6,1,3
38,61,47,292,10,1,Talsana (Part-2),115,45,70,43,0,0,0,0,50,2,20
38,61,47,449,,1,*Ikargara,500,217,283,181,7,0,0,1,240,35,36
38,61,47,590,,3,*Khetlal (Part-2),3500,1571,1929,1370,54,0,2,16,1643,185,230
38,61,47,590,01,3,Sadar,182,76,106,64,13,0,0,1,82,11,11
38,61,47,590,02,3,Rashal Para,129,59,70,50,0,0,0,0,60,9,10
38,61,47,590,03,3,Khalisagari,242,112,130,92,0,0,0,0,109,20,21
38,61,47,590,04,3,Mandail,365,178,187,156,5,0,0,7,160,15,22
38,61,47,590,05,3,Khungia,252,122,130,105,2,0,0,0,120,17,8
38,61,47,590,06,3,Harakula,114,51,63,46,8,0,1,0,49,5,5
38,61,47,590,07,3,Gadhuka,55,20,35,17,0,0,0,1,31,2,4
38,61,47,590,08,3,Itakhola,143,53,90,50,4,0,0,2,73,1,13
38,61,47,590,09,3,Fakir Para,104,53,51,44,1,0,0,2,46,7,4
38,61,47,590,10,3,Sardar Para,152,74,78,62,0,0,0,0,73,12,5
38,61,47,590,11,3,Jalia Para,324,144,180,137,2,0,0,0,156,7,22
38,61,47,590,12,3,Rampura,319,150,169,128,7,0,0,2,144,20,18
38,61,47,590,13,3,Koralgari,166,77,89,73,0,0,0,0,83,4,6
38,61,47,590,14,3,Kanpara,57,24,33,22,0,0,0,0,30,2,3
38,61,47,590,15,3,Bakasi Para,67,30,37,23,1,0,1,0,25,7,10
38,61,47,590,16,3,Surjaban,306,132,174,121,9,0,0,0,144,11,21
38,61,47,590,17,3,Mali Para,140,55,85,50,0,0,0,1,76,4,9
38,61,47,590,18,3,Paik Para,140,66,74,57,0,0,0,0,68,9,6
38,61,47,590,19,3,Dankurail,162,72,90,54,1,0,0,0,74,18,15
38,61,47,590,20,3,Sagarampur,49,12,37,11,1,0,0,0,23,1,13
38,61,47,590,21,3,Kazi Para,32,11,21,8,0,0,0,0,17,3,4
38,61,47,676,,1,*Mukul,119,52,67,47,1,0,0,1,57,4,9
38,61,47,772,,1,*Paschim Sarail,63,22,41,18,0,0,0,0,37,4,4
38,61,57,,,,Mamudpur Union Total,6616,3114,3502,2713,72,12,5,43,3023,346,402
38,61,57,010,,1,*Aimapur,330,161,169,132,10,0,4,8,142,21,13
38,61,57,010,01,1,Aimapur,281,136,145,111,10,0,4,8,120,17,11
38,61,57,010,02,1,Konia Para,49,25,24,21,0,0,0,0,22,4,2
38,61,57,030,,1,*Amira,294,153,141,130,3,0,0,0,120,23,18
38,61,57,146,,1,*Baruil,510,231,279,206,4,0,1,3,250,22,24
38,61,57,161,,1,*Belta Bandighi,279,115,164,105,2,0,0,0,137,10,25
38,61,57,161,01,1,Bandighi,139,57,82,55,2,0,0,0,68,2,12
38,61,57,161,02,1,Belta,75,30,45,25,0,0,0,0,37,5,8
38,61,57,161,03,1,Amjhuki,65,28,37,25,0,0,0,0,32,3,5
38,61,57,277,,1,*Dakshin Tausara,153,62,91,54,0,0,0,0,84,8,7
38,61,57,484,,1,*Ziapur,553,266,287,208,4,2,0,0,228,56,55
38,61,57,621,,1,*Mahabatpur,1379,676,703,586,5,5,0,8,610,77,88
38,61,57,621,01,1,Mahabatpur,1296,633,663,547,5,5,0,8,577,73,81
38,61,57,621,02,1,Dighir Para,83,43,40,39,0,0,0,0,33,4,7
38,61,57,641,,1,*Mamudpur,886,417,469,385,2,1,0,10,434,21,33
38,61,57,666,,1,*Mirzapur,513,240,273,219,9,0,0,3,230,18,34
38,61,57,752,,1,*Paschim Deogaon,489,243,246,196,2,1,0,5,207,41,37
38,61,57,757,,1,*Paschim Durgapur,151,72,79,69,4,0,0,1,63,2,12
38,61,57,757,01,1,Paschim Durgapur,30,17,13,16,3,0,0,0,10,1,0
38,61,57,757,02,1,Jaisinga,54,25,29,24,0,0,0,1,22,0,7
38,61,57,757,03,1,Khandar,67,30,37,29,1,0,0,0,31,1,5
38,61,57,767,,1,*Paschim Krishnapur,0,0,0,0,0,0,0,0,0,0,0
38,61,57,833,,1,*Rasulpur,747,341,406,310,13,3,0,2,352,26,41
38,61,57,863,,1,*Samantahar,332,137,195,113,14,0,0,3,166,21,15
38,74,,,,,Panchbibi Upazila Total,66227,29875,36352,25847,1884,174,63,576,30103,3278,4302
38,74,,,,1,Panchbibi Upazila,61734,27940,33794,24232,1434,146,58,571,28465,2991,3837
38,74,,,,2,Panchbibi Upazila,4493,1935,2558,1615,450,28,5,5,1638,287,465
38,74,,,,2,Panchbibi  Paurashava,4493,1935,2558,1615,450,28,5,5,1638,287,465
38,74,01,,,,Ward No-01 Total,362,148,214,114,56,1,0,0,117,33,41
38,74,01,210,,2,*Balighata (Part-1) Purba,191,78,113,50,30,1,0,0,53,27,30
38,74,01,398,,2,*Hariharpur,171,70,101,64,26,0,0,0,64,6,11
38,74,02,,,,Ward No-02 Total,647,244,403,173,45,1,0,3,241,67,117
38,74,02,210,,2,*Balighata (Part-2)Dakshin,647,244,403,173,45,1,0,3,241,67,117
38,74,03,,,,Ward No-03 Total,274,116,158,91,45,2,0,0,78,23,35
38,74,03,210,,2,*Balighata (Part-3)Madhya,274,116,158,91,45,2,0,0,78,23,35
38,74,04,,,,Ward No-04 Total,818,388,430,358,61,2,0,0,343,28,26
38,74,04,190,,2,*Bara Narayanpur,237,116,121,111,9,1,0,0,106,4,6
38,74,04,510,,2,*Malancha,431,199,232,177,21,1,0,0,191,21,20
38,74,04,670,,2,*Sita,150,73,77,70,31,0,0,0,46,3,0
38,74,05,,,,Ward No-05 Total,480,241,239,193,50,10,1,0,147,38,41
38,74,05,290,,2,*Damdama,480,241,239,193,50,10,1,0,147,38,41
38,74,06,,,,Ward No-06 Total,705,333,372,297,54,1,4,0,275,35,39
38,74,06,390,,2,*Karatti (Part) Dakshin,277,125,152,119,30,0,1,0,111,6,10
38,74,06,600,,2,*Nakurgchi,232,116,116,87,14,1,2,0,81,28,19
38,74,06,650,,2,*Radhabari,196,92,104,91,10,0,1,0,83,1,10
38,74,07,,,,Ward No-07 Total,322,126,196,114,25,0,0,0,136,12,35
38,74,07,310,,2,*Dakshin Gopalpur (Damdama),322,126,196,114,25,0,0,0,136,12,35
38,74,08,,,,Ward No-08 Total,482,195,287,152,43,11,0,2,176,30,68
38,74,08,630,,2,*Panchbibi,482,195,287,152,43,11,0,2,176,30,68
38,74,09,,,,Ward No-09 Total,403,144,259,123,71,0,0,0,125,21,63
38,74,09,330,,2,*Danejpur,403,144,259,123,71,0,0,0,125,21,63
38,74,10,,,,Aolai Union Total,10059,4528,5531,3754,131,18,10,116,4693,640,697
38,74,10,004,,1,*Abdul Bahapur,182,85,97,72,0,1,0,0,86,12,11
38,74,10,044,,1,*Aolai,273,111,162,99,2,0,0,2,148,10,12
38,74,10,098,,1,*Boira,59,31,28,29,1,0,0,0,27,2,0
38,74,10,138,,1,*Baulia,242,119,123,86,1,1,0,2,94,30,28
38,74,10,138,01,1,Mugar Pundipur,53,23,30,7,0,1,0,2,13,13,17
38,74,10,138,02,1,Dugar Para,4,3,1,2,0,0,0,0,0,1,1
38,74,10,138,03,1,Jantari,185,93,92,77,1,0,0,0,81,16,10
38,74,10,170,,1,*Bharahut Chak,1444,690,754,522,9,7,2,26,659,135,84
38,74,10,170,01,1,Bharahut,298,152,146,123,2,0,2,1,131,28,11
38,74,10,170,02,1,Haripur,186,92,94,53,1,0,0,23,77,16,16
38,74,10,170,03,1,Kharia Para,77,34,43,32,0,0,0,0,43,2,0
38,74,10,170,04,1,Naya Para,252,106,146,84,0,0,0,0,134,22,12
38,74,10,170,05,1,Shirati,631,306,325,230,6,7,0,2,274,67,45
38,74,10,183,,1,*Bihigaon,88,43,45,40,0,0,1,0,37,3,7
38,74,10,192,,1,*Bansira,147,68,79,66,0,0,0,0,71,2,8
38,74,10,259,,1,*Chatinali,326,139,187,113,21,0,0,0,126,26,40
38,74,10,322,,1,*Dhaltikar,52,27,25,18,0,0,0,0,23,9,2
38,74,10,380,,1,*Gorna,307,108,199,96,5,0,0,4,186,8,8
38,74,10,416,,1,*Jabekpur,62,11,51,0,0,0,0,11,48,0,3
38,74,10,430,,1,*Jhanjair,51,22,29,18,0,0,0,0,22,4,7
38,74,10,434,,1,*Jhinail,143,62,81,48,1,2,3,0,62,12,15
38,74,10,457,,1,*Kakra Pathanpur,168,72,96,58,0,0,0,0,69,14,27
38,74,10,479,,1,*Kanthali,275,121,154,110,0,0,0,0,150,11,4
38,74,10,555,,1,*Khidirpur,148,72,76,60,5,0,0,1,66,11,5
38,74,10,564,,1,*Kulanchya,476,216,260,181,7,0,1,5,210,30,42
38,74,10,582,,1,*Lakshmikula,127,59,68,54,6,1,0,0,58,4,4
38,74,10,591,,1,*Magura,190,96,94,79,1,0,0,2,79,15,14
38,74,10,676,,1,*Naogaon,351,173,178,152,8,0,0,1,153,20,17
38,74,10,703,,1,*Paikardari,292,135,157,121,2,1,0,1,151,12,4
38,74,10,721,,1,*Panial,446,192,254,172,1,0,0,1,210,19,43
38,74,10,721,01,1,Panial,431,186,245,166,1,0,0,1,203,19,41
38,74,10,721,02,1,Mamuda Para,15,6,9,6,0,0,0,0,7,0,2
38,74,10,757,,1,*Pingalu,297,125,172,111,1,1,1,0,159,13,11
38,74,10,811,,1,*Roygaon,1626,748,878,607,21,0,1,14,737,127,119
38,74,10,811,01,1,Roygaon,247,115,132,90,2,0,0,8,111,17,19
38,74,10,811,02,1,Chatkhur,449,209,240,195,12,0,0,0,213,14,15
38,74,10,811,03,1,Makul,230,121,109,95,2,0,1,4,94,22,12
38,74,10,811,04,1,Naodoba,278,116,162,89,0,0,0,0,125,27,37
38,74,10,811,05,1,Fatehpur,153,77,76,57,5,0,0,2,54,18,17
38,74,10,811,06,1,Dahuria,269,110,159,81,0,0,0,0,140,29,19
38,74,10,865,,1,*Sahargari,56,26,30,25,0,0,0,0,19,1,11
38,74,10,873,,1,*Salatti,754,334,420,293,9,3,1,1,348,37,62
38,74,10,873,01,1,Salatti,328,151,177,121,4,3,0,1,150,26,23
38,74,10,873,02,1,Binni Para,208,86,122,80,3,0,1,0,92,6,26
38,74,10,873,03,1,Bania Pukur,218,97,121,92,2,0,0,0,106,5,13
38,74,10,887,,1,*Santa Digar,331,140,191,136,1,0,0,1,183,3,7
38,74,10,887,01,1,Dole Para,314,134,180,130,1,0,0,1,172,3,7
38,74,10,887,02,1,Chak Siddeshwari,17,6,11,6,0,0,0,0,11,0,0
38,74,10,891,,1,*Santa Gurni,98,26,72,2,1,0,0,21,58,3,13
38,74,10,905,,1,*Shimulgari,56,29,27,25,0,0,0,0,26,4,1
38,74,10,909,,1,*Sirata,213,91,122,80,0,0,0,0,101,11,21
38,74,10,932,,1,*Sreekrishnapur,619,280,339,217,3,1,0,23,292,39,44
38,74,10,941,,1,*Sukna Pushkarini,160,77,83,64,25,0,0,0,35,13,23
38,74,21,,,,Atapur Union Total,5521,2349,3172,2059,159,13,7,30,2565,247,441
38,74,21,013,,1,*Aima Para,58,24,34,20,0,0,0,0,31,4,3
38,74,21,040,,1,*Angara,431,188,243,161,2,5,1,2,213,20,27
38,74,21,040,01,1,Mukundapur,81,35,46,32,1,0,1,0,40,3,4
38,74,21,040,02,1,Sarakchara,33,8,25,5,0,0,0,1,22,2,3
38,74,21,040,03,1,Fulbhan,28,9,19,7,0,0,0,0,14,2,5
38,74,21,040,04,1,Angara,289,136,153,117,1,5,0,1,137,13,15
38,74,21,062,,1,*Atapur,454,209,245,169,0,0,0,1,225,39,20
38,74,21,062,01,1,Atapur,275,124,151,98,0,0,0,1,140,25,11
38,74,21,062,02,1,Galakata,179,85,94,71,0,0,0,0,85,14,9
38,74,21,129,,1,*Baran,221,99,122,92,0,0,0,0,113,7,9
38,74,21,147,,1,*Bazitpur,283,118,165,107,16,0,0,0,135,11,14
38,74,21,165,,1,*Bhalukgari,52,27,25,25,0,0,0,0,24,2,1
38,74,21,197,,1,*Biranjan,177,77,100,71,0,0,0,0,78,6,22
38,74,21,246,,1,*Chandpur,240,85,155,69,1,1,0,0,128,15,26
38,74,21,264,,1,*Chhelobelo,139,51,88,50,2,0,0,0,81,1,5
38,74,21,273,,1,*Daudpur,27,11,16,11,0,0,0,0,14,0,2
38,74,21,336,,1,*Dibakarpur,64,24,40,2,0,2,0,13,36,7,4
38,74,21,345,,1,*Ganai,157,69,88,66,1,0,0,1,73,2,14
38,74,21,412,,1,*Hazrapur,281,116,165,102,16,4,2,0,106,10,41
38,74,21,412,01,1,Fiphar Char,193,84,109,70,16,4,2,0,68,10,23
38,74,21,412,02,1,Hazrapur,88,32,56,32,0,0,0,0,38,0,18
38,74,21,421,,1,*Jagadishpur,69,22,47,19,0,0,0,0,40,3,7
38,74,21,461,,1,*Kalandarpur,189,70,119,61,0,0,1,1,89,8,29
38,74,21,605,,1,*Mahipur,695,290,405,265,93,0,1,2,263,23,48
38,74,21,605,01,1,Dhayaipur,148,59,89,55,4,0,0,0,77,4,8
38,74,21,605,02,1,Mahipur,547,231,316,210,89,0,1,2,186,19,40
38,74,21,609,,1,*Majhina,342,156,186,139,18,0,0,0,132,17,36
38,74,21,690,,1,*Nilti,159,72,87,62,1,0,1,3,77,7,8
38,74,21,690,01,1,Nilti Para,85,30,55,28,0,0,1,0,49,2,5
38,74,21,690,02,1,Nilti,74,42,32,34,1,0,0,3,28,5,3
38,74,21,761,,1,*Pakuria,308,137,171,120,1,1,0,1,145,15,25
38,74,21,770,,1,*Prannathpur,24,8,16,7,0,0,0,0,14,1,2
38,74,21,838,,1,*Rampur,138,58,80,52,0,0,0,0,66,6,14
38,74,21,968,,1,*Uchai,806,356,450,321,5,0,1,6,380,29,64
38,74,21,968,01,1,Surjahpur,357,141,216,123,4,0,0,2,172,16,40
38,74,21,968,02,1,Chak Para,188,89,99,85,1,0,0,1,92,3,6
38,74,21,968,03,1,Kaimari,129,68,61,68,0,0,0,0,58,0,3
38,74,21,968,04,1,Uchai,132,58,74,45,0,0,1,3,58,10,15
38,74,21,972,,1,*Uchitpur,164,65,99,53,0,0,0,0,84,12,15
38,74,21,981,,1,*Urani,43,17,26,15,3,0,0,0,18,2,5
38,74,31,,,,Aymarasulpur Union Total,8690,4048,4642,3562,288,20,9,75,3788,391,557
38,74,31,008,,1,*Agair,133,59,74,53,0,0,0,1,64,5,10
38,74,31,031,,1,*Anantapur,137,71,66,69,0,0,0,0,64,2,2
38,74,31,049,,1,*Arzi Anantapur,855,414,441,357,14,7,2,5,370,45,55
38,74,31,161,,1,*Bhagabanpur,18,7,11,7,0,0,0,0,10,0,1
38,74,31,201,,1,*Birinchi,100,43,57,39,1,0,0,0,40,4,16
38,74,31,215,,1,*Budhail,292,135,157,129,4,0,0,2,146,4,7
38,74,31,227,,1,*Chit Manik,295,136,159,118,13,0,1,0,116,18,29
38,74,31,268,,1,*Chhota Manik,196,95,101,90,2,0,0,0,89,5,10
38,74,31,291,,1,*Dakshin Joydebpur,165,84,81,81,0,0,0,0,79,3,2
38,74,31,300,,1,*Damodarpur,291,140,151,135,0,0,0,0,135,5,16
38,74,31,359,,1,*Darpal,53,24,29,21,0,0,0,0,28,3,1
38,74,31,376,,1,*Gopinathpur,92,44,48,36,0,0,0,1,36,7,12
38,74,31,425,,1,*Jamalpur,125,50,75,45,1,0,0,0,60,5,14
38,74,31,488,,1,*Koria,1814,873,941,748,30,6,2,5,784,114,125
38,74,31,488,01,1,Lakshma,164,78,86,76,3,0,0,1,80,1,3
38,74,31,488,02,1,Satbaria,261,119,142,111,17,0,0,0,112,8,13
38,74,31,488,03,1,Kadubari,465,232,233,198,2,2,2,1,202,31,27
38,74,31,488,04,1,Nadyana,201,91,110,78,1,4,0,1,98,8,11
38,74,31,488,05,1,Karia,723,353,370,285,7,0,0,2,292,66,71
38,74,31,510,,1,*Keshabpur,277,124,153,118,41,0,2,2,94,4,16
38,74,31,519,,1,*Khas Batta,699,295,404,237,20,3,0,9,323,46,61
38,74,31,573,,1,*Kutubpur,73,31,42,31,0,0,0,0,37,0,5
38,74,31,618,,1,*Malidaha,634,296,338,266,5,0,0,0,302,30,31
38,74,31,640,,1,*Mridha Para,141,61,80,15,5,0,0,43,74,3,1
38,74,31,739,,1,*Paschim Krishnapur,114,52,62,40,1,0,0,0,52,12,9
38,74,31,743,,1,*Paschim Manik,301,132,169,117,13,0,0,4,131,11,25
38,74,31,833,,1,*Ramnagar,347,168,179,149,4,0,1,2,155,17,19
38,74,31,847,,1,*Rasulpur,1151,538,613,496,132,4,1,1,414,37,66
38,74,31,862,,1,*Raghunathpur,254,110,144,104,1,0,0,0,126,6,17
38,74,31,990,,1,*Uttar Joydebpur,133,66,67,61,1,0,0,0,59,5,7
38,74,42,,,,Bagjana Union Total,5843,2586,3257,2275,213,6,4,36,2556,269,484
38,74,42,017,,1,*Amail,189,92,97,87,25,0,0,0,63,5,9
38,74,42,080,,1,*Bagjana,118,53,65,47,19,0,0,0,30,6,16
38,74,42,174,,1,*Bhimpur,356,192,164,180,4,0,0,3,140,9,20
38,74,42,179,,1,*Bhuidoba,133,61,72,58,1,0,0,0,61,3,10
38,74,42,233,,1,*Chak Samser,159,63,96,53,3,0,0,0,70,10,23
38,74,42,250,,1,*Chechra,346,142,204,119,5,0,0,2,161,21,38
38,74,42,363,,1,*Ghorapa,224,107,117,98,21,0,0,0,73,9,23
38,74,42,439,,1,*Jibonpur,160,68,92,66,0,0,0,1,86,1,6
38,74,42,497,,1,*Kaya,407,181,226,164,4,4,2,2,208,11,12
38,74,42,533,,1,*Khorda,127,53,74,48,12,0,0,3,58,2,4
38,74,42,537,,1,*Khorda Mahasul,746,325,421,288,40,0,0,4,324,33,57
38,74,42,569,,1,*Kutahara,407,166,241,133,14,1,1,11,189,21,37
38,74,42,748,,1,*Paschim Ramchandrapur,723,332,391,285,14,0,0,2,288,45,89
38,74,42,824,,1,*Rambhadrapur,416,179,237,163,32,0,0,1,174,15,31
38,74,42,900,,1,*Sekta,472,187,285,163,1,0,0,0,254,24,30
38,74,42,900,01,1,Sekta,315,112,203,96,0,0,0,0,178,16,25
38,74,42,900,02,1,Danga Para,157,75,82,67,1,0,0,0,76,8,5
38,74,42,963,,1,*Tripura,373,190,183,146,5,1,1,6,147,37,30
38,74,42,986,,1,*Uttar Gopalpur,289,109,180,104,4,0,0,0,142,5,34
38,74,42,994,,1,*Uttar Krishnapur,198,86,112,73,9,0,0,1,88,12,15
38,74,52,,,,Balighata Union Total,6514,2954,3560,2578,258,6,2,104,2918,266,382
38,74,52,058,,1,*Arazi Pathabuka,218,109,109,102,7,0,0,0,95,7,7
38,74,52,067,,1,*Atul,416,179,237,158,5,0,0,1,204,20,28
38,74,52,089,,1,*Baguri,218,97,121,86,9,0,0,1,94,10,18
38,74,52,206,,1,*Birnagar,1320,611,709,553,16,0,0,4,642,54,51
38,74,52,313,,1,*Debkhanda,463,197,266,179,0,2,0,0,251,16,15
38,74,52,349,,1,*Ganeshpur,555,282,273,230,24,2,1,10,220,40,28
38,74,52,475,,1,*Kanspur,318,143,175,68,38,0,0,69,122,6,15
38,74,52,486,,1,*Karatti,224,91,133,77,11,1,0,0,105,13,17
38,74,52,486,01,1,Dargah Para,122,47,75,40,8,0,0,0,61,7,6
38,74,52,486,02,1,Bhagabanpur,56,28,28,22,2,0,0,0,23,6,3
38,74,52,486,03,1,Radhanagar,46,16,30,15,1,1,0,0,21,0,8
38,74,52,515,,1,*Khas Baguri,425,170,255,153,4,0,0,2,198,15,53
38,74,52,542,,1,*Koktara,312,144,168,136,13,0,0,0,132,8,23
38,74,52,551,,1,*Krishnapur,164,70,94,64,51,0,0,0,33,6,10
38,74,52,587,,1,*Madhkhor,301,135,166,121,18,0,0,1,121,13,27
38,74,52,596,,1,*Mahabbatpur,57,24,33,21,1,0,0,0,24,3,8
38,74,52,672,,1,*Naoda,498,218,280,199,16,0,1,1,244,18,19
38,74,52,752,,1,*Patabuka,435,210,225,196,11,1,0,2,178,11,36
38,74,52,775,,1,*Prayagpur,91,47,44,43,5,0,0,1,36,3,3
38,74,52,788,,1,*Purba Manik,66,44,22,41,0,0,0,0,22,3,0
38,74,52,950,,1,*Sultanpur,433,183,250,151,29,0,0,12,197,20,24
38,74,63,,,,Dharanji Union Total,8546,3898,4648,3448,171,9,8,110,4100,331,369
38,74,63,085,,1,*Baguan,447,218,229,202,13,1,0,5,214,10,2
38,74,63,242,,1,*Chak Simulia,72,33,39,25,2,0,0,0,27,8,10
38,74,63,282,,1,*Daibaknandanpur,282,131,151,120,1,0,0,0,119,11,31
38,74,63,327,,1,*Dharanji,881,410,471,385,6,0,0,2,445,23,20
38,74,63,340,,1,*Doghara,161,79,82,77,1,1,0,0,78,1,3
38,74,63,389,,1,*Hajipur,89,46,43,41,0,0,0,4,43,1,0
38,74,63,407,,1,*Hatkhola,151,60,91,51,3,0,0,0,79,9,9
38,74,63,443,,1,*Jogaipur,130,54,76,53,0,0,0,0,74,1,2
38,74,63,452,,1,*Kachna,348,171,177,123,3,0,1,0,153,48,20
38,74,63,546,,1,*Kotalibag,173,74,99,72,0,0,1,0,83,2,15
38,74,63,631,,1,*Mirzapur,98,47,51,42,0,0,0,0,48,5,3
38,74,63,654,,1,*Nandail,269,112,157,93,5,0,0,1,130,18,22
38,74,63,694,,1,*Nitaran,132,59,73,54,3,0,0,0,58,5,12
38,74,63,730,,1,*Parail,623,284,339,257,19,0,4,1,293,26,23
38,74,63,735,,1,*Parbatipur,272,128,144,119,3,0,0,2,138,7,3
38,74,63,766,,1,*Polasgar,150,68,82,62,1,0,0,0,59,6,22
38,74,63,815,,1,*Raipur,445,215,230,158,3,0,1,33,212,24,14
38,74,63,818,,1,*Salua,249,60,189,52,1,0,1,1,171,7,16
38,74,63,851,,1,*Ratanpur,1282,593,689,533,30,6,0,10,621,44,38
38,74,63,860,,1,*Rupapur,136,59,77,58,1,0,0,0,69,1,7
38,74,63,882,,1,*Samsabad,420,196,224,178,5,1,0,2,204,15,15
38,74,63,936,,1,*Srimantapur,388,166,222,157,0,0,0,2,207,7,15
38,74,63,954,,1,*Tajpur,191,103,88,90,0,0,0,1,80,12,8
38,74,63,977,,1,*Uchna,1157,532,625,446,71,0,0,46,495,40,59
38,74,73,,,,Kusumba Union Total,9097,4177,4920,3648,110,24,15,33,4226,472,569
38,74,73,035,,1,*Andalgaon,196,89,107,72,5,1,0,1,77,15,25
38,74,73,053,,1,*Arziandulgaon,139,55,84,35,3,0,1,1,49,19,31
38,74,73,071,,1,*Azra Sidhail,348,166,182,139,5,1,1,0,150,26,26
38,74,73,076,,1,*Bagan,237,127,110,115,6,0,0,1,92,11,12
38,74,73,112,,1,*Banshkhur,534,252,282,193,5,1,1,16,231,42,45
38,74,73,134,,1,*Bara Pukuria,126,54,72,47,2,0,0,1,67,6,3
38,74,73,143,,1,*Baze Dhurail,43,15,28,15,0,0,0,0,26,0,2
38,74,73,210,,1,*Bridhigram,400,179,221,172,1,0,0,0,196,7,24
38,74,73,219,,1,*Chak Ghosal,25,7,18,5,3,0,0,0,9,2,6
38,74,73,224,,1,*Chak Gobinda,28,11,17,9,2,0,0,0,12,2,3
38,74,73,228,,1,*Chak Salaipur,43,15,28,13,3,0,0,0,21,2,4
38,74,73,237,,1,*Chak Sidhail,303,144,159,116,1,0,0,0,137,28,21
38,74,73,255,,1,*Chhalakhur,121,58,63,50,1,0,0,0,55,8,7
38,74,73,277,,1,*Dahad Pur,54,25,29,24,0,0,0,0,29,1,0
38,74,73,318,,1,*Dhakar Para,147,65,82,57,2,1,0,1,64,6,16
38,74,73,331,,1,*Dhurail,422,189,233,175,7,0,0,0,209,14,17
38,74,73,358,,1,*Ganguria,1884,831,1053,759,17,5,2,6,942,61,92
38,74,73,358,01,1,Kadam Pukur,71,23,48,21,0,0,0,0,45,2,3
38,74,73,358,02,1,Kata Pukur,221,98,123,85,1,0,0,0,105,13,17
38,74,73,358,03,1,Kashiabari,94,46,48,40,0,0,0,0,46,6,2
38,74,73,358,04,1,Joyhar,270,122,148,117,7,1,0,2,128,2,13
38,74,73,358,05,1,Abar Para,97,42,55,40,1,0,0,2,53,0,1
38,74,73,358,06,1,Math Para,324,139,185,127,2,0,0,1,160,11,23
38,74,73,358,07,1,Pirpal,241,103,138,94,1,2,0,0,125,7,12
38,74,73,358,08,1,Khamar Para,211,92,119,85,2,1,0,1,107,5,10
38,74,73,358,09,1,Sharar Para,223,106,117,99,1,1,1,0,110,6,5
38,74,73,358,10,1,Latpara,132,60,72,51,2,0,1,0,63,9,6
38,74,73,367,,1,*Gobindapur,320,146,174,140,0,0,0,1,163,5,11
38,74,73,371,,1,*Gohara,159,74,85,58,0,0,0,0,69,16,16
38,74,73,385,,1,*Habibpur,710,331,379,292,9,5,2,0,343,34,25
38,74,73,394,,1,*Hakimpur Kaijuri,229,119,110,86,4,0,0,1,80,32,26
38,74,73,448,,1,*Jora,51,24,27,23,0,0,0,0,23,1,4
38,74,73,466,,1,*Kamalpur,92,56,36,46,1,0,0,0,32,10,3
38,74,73,493,,1,*Kashara,427,209,218,186,0,0,0,0,195,23,23
38,74,73,524,,1,*Khas Sidhail,177,84,93,78,4,1,1,0,83,5,5
38,74,73,560,,1,*Kuatpur,207,86,121,67,1,0,0,0,100,19,20
38,74,73,681,,1,*Narayanpur,139,64,75,57,0,0,0,0,66,7,9
38,74,73,708,,1,*Panchail,173,78,95,65,0,5,1,0,81,8,13
38,74,73,779,,1,*Pukur Para,95,43,52,40,0,2,0,0,49,1,3
38,74,73,784,,1,*Purba Krishnapur,527,238,289,218,5,0,0,2,263,18,21
38,74,73,806,,1,*Rahamatpur,114,52,62,48,0,0,0,0,50,4,12
38,74,73,856,,1,*Runihali,124,43,81,40,3,0,0,0,69,3,9
38,74,73,918,,1,*Sonakul,134,64,70,61,12,1,5,0,46,2,7
38,74,73,927,,1,*Sasari,53,22,31,17,5,0,0,0,22,5,4
38,74,73,959,,1,*Telihar,316,162,154,130,3,1,1,2,126,29,24
38,74,84,,,,Mohamadpur Union Total,7464,3400,4064,2908,104,50,3,67,3619,375,338
38,74,84,022,,1,*Amirpur,143,64,79,61,0,0,0,0,74,3,5
38,74,84,026,,1,*Amlagari,118,52,66,46,1,0,0,1,65,5,0
38,74,84,094,,1,*Baharampur,220,85,135,46,0,0,0,27,115,12,20
38,74,84,103,,1,*Bakila,145,64,81,59,0,1,0,0,76,4,5
38,74,84,121,,1,*Barail,302,134,168,126,4,0,0,0,147,8,17
38,74,84,125,,1,*Barakandi,403,168,235,154,11,0,0,1,200,13,24
38,74,84,152,,1,*Belkhur,302,139,163,130,7,1,0,2,138,6,18
38,74,84,156,,1,*Berakhai,50,17,33,17,0,0,0,0,33,0,0
38,74,84,188,,1,*Bindhara,303,145,158,122,2,3,0,6,154,14,2
38,74,84,470,,1,*Kamargaon,331,143,188,135,6,0,0,3,174,5,8
38,74,84,501,,1,*Kayeskul,130,58,72,57,8,0,0,0,63,1,1
38,74,84,506,,1,*Keorta,187,89,98,80,4,0,0,3,80,6,14
38,74,84,528,,1,*Khokshagari,158,67,91,48,2,1,0,15,81,3,8
38,74,84,578,,1,*Laknahar,254,123,131,119,0,0,0,0,126,4,5
38,74,84,600,,1,*Mohammadpur,649,318,331,272,18,11,0,1,244,34,69
38,74,84,636,,1,*Molan,298,138,160,116,6,3,0,2,144,17,10
38,74,84,645,,1,*Nakura,143,71,72,66,2,0,0,0,68,5,2
38,74,84,658,,1,*Nandala,182,90,92,75,0,1,0,0,85,14,7
38,74,84,663,,1,*Nandas,216,110,106,6,2,6,0,0,99,98,5
38,74,84,667,,1,*Nandigaon,624,289,335,263,7,0,0,2,307,24,21
38,74,84,685,,1,*Nikardighi,74,30,44,28,1,1,0,1,41,0,2
38,74,84,699,,1,*Pabahar,212,94,118,82,1,4,0,2,108,6,9
38,74,84,712,,1,*Panchgachhi,190,85,105,70,0,0,0,0,99,15,6
38,74,84,726,,1,*Panikhur,95,36,59,33,0,0,2,0,53,3,4
38,74,84,820,,1,*Raygaon,340,173,167,148,11,0,0,0,145,25,11
38,74,84,842,,1,*Rasidpur,574,252,322,239,2,2,0,0,296,11,24
38,74,84,869,,1,*Sahazadpur,77,34,43,6,0,14,0,0,38,14,5
38,74,84,896,,1,*Sarail,67,24,43,20,4,2,1,0,25,2,13
38,74,84,923,,1,*Sona Para,367,163,204,150,4,0,0,1,191,12,9
38,74,84,945,,1,*Sukurmayi,310,145,165,134,1,0,0,0,150,11,14
