0,1,2,3,4,5,6,7,8,9,10,11,12,13,14,15,16,17,18
50,,,,,,Kushtia Zila Total,5499,5357,57292,55516,87227,85366,28124,24715,66423,68092,16265,7867
50,,,,,1,Kushtia Zila,4430,4322,52097,50469,77531,76160,25838,22489,58640,60547,14580,6762
50,,,,,2,Kushtia Zila,887,866,3948,3794,7697,7234,1640,1632,6170,5929,1224,869
50,,,,,3,Kushtia Zila,182,169,1247,1253,1999,1972,646,594,1613,1616,461,236
50,15,,,,,Bheramara Upazila Total,464,444,5787,5768,9116,8857,2987,2603,6998,7723,1992,810
50,15,,,,1,Bheramara Upazila,354,351,5043,5062,7746,7620,2677,2303,5955,6675,1766,654
50,15,,,,2,Bheramara Upazila,88,74,504,473,1008,855,200,210,744,729,141,111
50,15,,,,3,Bheramara Upazila,22,19,240,233,362,382,110,90,299,319,85,45
50,15,,,,,Bheramara Paurashava,88,74,504,473,1008,855,200,210,744,729,141,111
50,15,01,,,,Ward No-01 Total,9,8,44,48,107,101,13,18,88,78,7,11
50,15,01,587,,2,*Farakpur,9,8,44,48,107,101,13,18,88,78,7,11
50,15,02,,,,Ward No-02 Total,7,10,63,55,94,111,35,32,74,81,35,25
50,15,02,213,,2,*Chak Bheramra (Part),2,2,16,17,30,22,3,6,21,24,7,4
50,15,02,355,,2,*Chak Damukdia,2,3,24,30,45,59,31,20,36,37,25,17
50,15,02,787,,2,*Naoda Para (Part),3,5,23,8,19,30,1,6,17,20,3,4
50,15,03,,,,Ward No-03 Total,8,14,68,73,115,127,20,19,114,122,19,6
50,15,03,787,,2,*Naoda Para (Part),8,14,68,73,115,127,20,19,114,122,19,6
50,15,04,,,,Ward No-04 Total,15,6,33,26,101,74,19,16,67,65,9,12
50,15,04,189,,2,*Bheramara (Part-1),14,5,29,18,81,68,13,9,54,49,7,9
50,15,04,236,,2,*Chandgram,1,1,4,8,20,6,6,7,13,16,2,3
50,15,05,,,,Ward No-05 Total,3,1,58,45,85,74,21,30,77,76,16,7
50,15,05,440,,2,*Kachari Para (Part),2,1,42,38,68,65,14,20,63,63,15,6
50,15,05,650,,2,*Roth Para,1,0,16,7,17,9,7,10,14,13,1,1
50,15,06,,,,Ward No-06 Total,7,10,43,37,72,67,8,7,49,62,6,8
50,15,06,200,,2,*College Para,7,10,43,37,72,67,8,7,49,62,6,8
50,15,07,,,,Ward No-07 Total,10,8,56,63,105,81,25,34,87,53,9,15
50,15,07,475,,2,*Kuthi Bazar (Part),10,8,56,63,105,81,25,34,87,53,9,15
50,15,08,,,,Ward No-08 Total,6,3,60,57,181,75,34,32,92,64,12,9
50,15,08,475,,2,*Kuthi Bazar (Part),3,2,30,29,50,26,14,11,23,25,4,5
50,15,08,971,,2,*Satbaria,3,1,30,28,131,49,20,21,69,39,8,4
50,15,09,,,,Ward No-09 Total,23,14,79,69,148,145,25,22,96,128,28,18
50,15,09,118,,2,*Baman Para,13,6,69,58,102,110,18,20,76,94,20,6
50,15,09,428,,2,*Kachari Para (Part),10,8,10,11,46,35,7,2,20,34,8,12
50,15,13,,,,Bahadurpur Union Total,32,45,931,882,1176,1207,543,515,1007,1111,336,146
50,15,13,047,,1,*Arkandi,2,8,123,91,140,147,80,48,119,133,41,9
50,15,13,071,,1,*Bahadurpur,7,6,164,152,200,192,83,88,145,162,66,18
50,15,13,071,01,1,Gosai Para,1,3,41,42,41,49,37,30,35,45,14,7
50,15,13,071,02,1,Mali Para,0,2,50,37,79,39,8,20,53,47,19,1
50,15,13,071,03,1,Bansher Diar,2,0,39,30,40,44,19,22,36,44,17,6
50,15,13,071,04,1,Kazi Para,4,1,34,43,40,60,19,16,21,26,16,4
50,15,13,521,,1,*Golapnagar (Part),10,21,290,289,363,374,146,138,333,361,90,54
50,15,13,521,01,1,Bahadurpur,2,11,81,76,115,95,49,36,98,107,27,13
50,15,13,521,02,1,Kaigari Para,0,1,50,44,47,58,37,26,57,61,12,11
50,15,13,521,03,1,Muslempur,1,3,39,37,69,67,8,9,44,48,12,6
50,15,13,521,04,1,Jamalpur (Kangali Para),1,5,38,53,39,51,13,23,50,43,13,6
50,15,13,521,05,1,Kuchiamora,6,1,82,79,93,103,39,44,84,102,26,18
50,15,13,710,,1,*Madhabpur,2,2,101,103,149,139,42,42,114,118,28,12
50,15,13,734,,1,*Meghna Para,1,0,32,23,57,54,19,24,50,70,13,0
50,15,13,947,,1,*Royta,9,6,152,150,191,181,136,141,160,163,76,46
50,15,13,994,,1,*Thakur Daulatpur,1,2,69,74,76,120,37,34,86,104,22,7
50,15,27,,,,Bahir Char Union Total,50,57,728,821,1142,1093,382,314,930,971,236,99
50,15,27,,,1,Bahir Char Union,43,50,612,688,955,897,334,265,749,789,197,80
50,15,27,,,3,Bahir Char Union,7,7,116,133,187,196,48,49,181,182,39,19
50,15,27,213,,3,*Chak Bheramara (Part),3,3,25,33,49,54,16,18,42,50,17,3
50,15,27,213,01,3,Chak Bheramara (Part),2,3,11,14,31,39,4,4,22,30,11,1
50,15,27,213,02,3,Paschim Damukdia (Part),1,0,14,19,18,15,12,14,20,20,6,2
50,15,27,307,,1,*Char Mokarimpur(Part),3,4,21,22,33,37,8,16,34,31,4,4
50,15,27,331,,1,*Char Ruppur,2,1,17,14,20,17,8,5,15,21,3,1
50,15,27,355,,3,*Damukdia (Part),4,4,91,100,138,142,32,31,139,132,22,16
50,15,27,355,01,3,Char Damukdia,4,2,18,29,38,42,4,6,40,35,2,3
50,15,27,355,02,3,Purba Damukdia,0,2,51,60,77,82,17,23,80,79,18,11
50,15,27,355,03,3,Paschim Damukdia (Part),0,0,22,11,23,18,11,2,19,18,2,2
50,15,27,902,,1,*Paschim Bahir Char,38,45,574,652,902,843,318,244,700,737,190,75
50,15,27,902,01,1,Powar House Colony,0,1,16,15,16,23,7,11,26,23,8,2
50,15,27,902,02,1,12 Dag,4,8,27,46,61,45,17,11,57,67,10,4
50,15,27,902,03,1,68 Para,0,1,20,21,24,35,5,9,24,34,6,2
50,15,27,902,04,1,Moslempur,3,6,123,140,201,206,94,60,124,151,51,23
50,15,27,902,05,1,16 Dag Munshi Para,4,9,14,31,59,33,11,13,37,33,6,3
50,15,27,902,06,1,16 Dag Dakshinpara,6,3,80,97,139,107,35,27,112,128,13,8
50,15,27,902,07,1,16 Dag Uttar Para,10,11,71,75,134,117,25,25,125,96,9,8
50,15,27,902,08,1,Paschim Bahir Char,11,6,223,227,268,277,124,88,195,205,87,25
50,15,40,,,,Chandgram Union Total,69,59,498,457,773,792,221,176,496,586,184,68
50,15,40,,,1,Chandgram Union,54,47,374,357,598,606,159,135,378,449,138,42
50,15,40,,,3,Chandgram Union,15,12,124,100,175,186,62,41,118,137,46,26
50,15,40,118,,1,*Baman Para (Part),12,8,52,58,79,95,18,17,53,67,37,7
50,15,40,150,,1,*Baradi,0,0,30,36,36,31,16,16,24,35,10,0
50,15,40,189,,1,*Bheramara(Part),10,6,18,23,47,53,11,1,23,33,6,4
50,15,40,260,,1,*Chandipur,11,8,95,85,128,140,41,34,81,109,36,7
50,15,40,336,,3,*Chandgram (Part),15,12,124,100,175,186,62,41,118,137,46,26
50,15,40,568,,1,*Hirimdia,6,10,87,70,151,120,46,39,100,90,32,12
50,15,40,687,,1,*Kodalia Para,13,13,60,63,109,130,17,22,75,94,10,7
50,15,40,787,,1,*Nowdapara(Part),2,2,32,22,48,37,10,6,22,21,7,5
50,15,54,,,,Dharampur Union Total,113,105,983,1022,1877,1729,471,371,1276,1452,409,116
50,15,54,379,,1,*Dharampur,52,68,446,454,859,823,188,151,544,697,170,39
50,15,54,379,01,1,Dharampur,6,5,92,62,126,121,55,46,99,101,33,4
50,15,54,379,02,1,Ramchandapur,10,10,81,92,143,143,27,28,86,118,28,7
50,15,54,379,03,1,Bil Bhabanipur,9,8,25,34,55,67,11,5,32,55,7,3
50,15,54,379,04,1,Uttar Bhabanipur,8,19,141,143,300,248,61,43,165,232,63,13
50,15,54,379,05,1,Dakshin Bhabanipur,19,26,107,123,235,244,34,29,162,191,39,12
50,15,54,663,,1,*Kazihata,14,8,79,90,147,154,52,29,107,113,33,13
50,15,54,805,,1,*Nabaganga,3,4,31,30,82,77,10,15,48,58,12,5
50,15,54,876,,1,*Nitarpol,0,0,35,25,68,46,8,7,39,46,12,2
50,15,54,923,,1,*Patuakandi,6,4,158,160,261,218,71,61,171,177,69,20
50,15,54,923,01,1,Patuakandi,3,1,65,59,117,115,32,28,85,96,31,8
50,15,54,923,02,1,Mahishdhara,0,0,51,60,75,52,23,22,42,34,21,2
50,15,54,923,03,1,Saruper Ghop,3,3,42,41,69,51,16,11,44,47,17,10
50,15,54,971,,1,*Satbaria (Part),38,21,234,263,460,411,142,108,367,361,113,37
50,15,67,,,,Juniadaha Union Total,47,46,1010,1037,1518,1509,624,531,1319,1475,337,136
50,15,67,402,,1,*Dolua,1,2,43,37,54,55,31,34,61,67,13,5
50,15,67,426,,1,*Daulatpur,5,3,83,70,142,117,41,41,112,149,33,6
50,15,67,426,01,1,Daulatpur,5,2,62,56,109,81,35,33,93,122,24,4
50,15,67,426,02,1,Bokterpur,0,1,21,14,33,36,6,8,19,27,9,2
50,15,67,473,,1,*Fayzullahpur,0,5,115,120,130,136,99,75,112,165,52,25
50,15,67,497,,1,*Gobindapur,0,2,8,8,17,16,11,3,8,15,0,0
50,15,67,544,,1,*Haripur,0,1,56,76,81,82,30,22,54,75,26,11
50,15,67,592,,1,*Jogeshwar,19,5,120,137,170,200,94,61,183,164,40,23
50,15,67,615,,1,*Jhikri Parankhali,9,12,200,182,305,283,119,95,263,264,58,22
50,15,67,615,01,1,Mowla Habashpur,1,1,80,66,108,108,42,43,97,96,18,2
50,15,67,615,02,1,Jhikri Parankhali,8,11,120,116,197,175,77,52,166,168,40,20
50,15,67,639,,1,*Juniadaha,5,7,170,158,211,215,109,108,179,215,55,19
50,15,67,758,,1,*Mirzapur,4,2,93,104,164,184,44,32,141,157,26,12
50,15,67,829,,1,*Nalua,3,5,85,107,193,166,29,48,157,151,26,13
50,15,67,829,01,1,Nalua,2,3,38,57,94,82,13,24,65,67,14,9
50,15,67,829,02,1,Ranapia,1,2,27,28,57,54,8,12,57,51,9,1
50,15,67,829,03,1,Hossainpur,0,0,20,22,42,30,8,12,35,33,3,3
50,15,67,900,,1,*Paschima,1,2,37,38,51,55,17,12,49,53,8,0
50,15,81,,,,Mokarimpur Union Total,65,58,1133,1076,1622,1672,546,486,1226,1399,349,134
50,15,81,284,,1,*Char Golapnagar,1,0,127,133,150,184,51,60,85,85,33,14
50,15,81,284,01,1,Char Golapnagar,0,0,40,39,47,56,19,24,43,41,9,2
50,15,81,284,02,1,Solemania,0,0,22,24,25,33,8,11,9,18,13,1
50,15,81,284,03,1,Dhakapara,1,0,65,70,78,95,24,25,33,26,11,11
50,15,81,307,,1,*Char Mokarimpur(Part),2,0,26,31,46,45,23,10,35,38,13,9
50,15,81,450,,1,*Fakirabad,7,13,130,108,178,198,53,65,127,155,73,23
50,15,81,521,,1,*Golapnagar,20,18,415,353,529,581,207,161,461,534,109,53
50,15,81,521,01,1,Golapnagar,8,9,174,139,223,221,81,62,174,194,45,22
50,15,81,521,02,1,Madhya Golapnagar,5,2,77,60,85,136,34,35,104,112,21,4
50,15,81,521,03,1,Islampur,2,4,98,86,135,115,55,42,96,117,28,19
50,15,81,521,04,1,Maharajpur,5,3,66,68,86,109,37,22,87,111,15,8
50,15,81,781,,1,*Mokarimpur,35,27,435,451,719,664,212,190,518,587,121,35
50,15,81,781,01,1,Gopinathpur,1,0,82,68,80,92,38,31,62,82,29,8
50,15,81,781,02,1,Ramkrishnapur,2,3,83,101,177,162,35,36,121,119,16,6
50,15,81,781,03,1,Khemir Diar,28,18,196,195,329,289,102,91,222,282,59,16
50,15,81,781,04,1,Nowda Khemir Diar,4,6,74,87,133,121,37,32,113,104,17,5
50,39,,,,,Daulatpur Upazila Total,1399,1324,13634,13657,20529,19957,7762,6689,15744,15796,3985,2009
50,39,,,,1,Daulatpur Upazila,1318,1254,13136,13168,19745,19188,7463,6404,15092,15178,3792,1901
50,39,,,,3,Daulatpur Upazila,81,70,498,489,784,769,299,285,652,618,193,108
50,39,11,,,,Adabaria Union Total,91,61,923,1000,1340,1339,493,385,1058,1010,250,137
50,39,11,012,,1,*Adabaria,10,13,206,193,245,202,93,86,168,159,41,33
50,39,11,301,,1,*Dakshin Garura,34,16,221,255,374,372,119,80,273,247,59,35
50,39,11,301,01,1,Garura Darer Para,10,9,76,85,143,144,40,19,102,110,17,11
50,39,11,301,02,1,Dakshin Garura,24,7,145,170,231,228,79,61,171,137,42,24
50,39,11,313,,1,*Dangmarka,2,3,98,116,119,125,69,56,106,110,34,15
50,39,11,343,,1,*Dharmadaha,25,12,163,176,279,304,85,71,228,228,46,19
50,39,11,639,,1,*Masoura,8,3,87,101,113,122,51,25,107,91,20,7
50,39,11,916,,1,*Tekala,12,12,134,144,181,184,65,61,155,157,45,27
50,39,11,976,,1,*Uttar Garura (Part),0,2,14,15,29,30,11,6,21,18,5,1
50,39,13,,,,Aria Union Total,84,100,712,745,1275,1179,397,329,1000,958,154,81
50,39,13,036,,1,*Aria,9,16,74,78,142,148,50,37,104,125,20,8
50,39,13,090,,1,*Bara Ganjdia,2,8,76,68,147,126,45,37,112,98,20,8
50,39,13,090,01,1,Bara Ganjdia,2,8,70,61,142,116,44,36,100,90,19,7
50,39,13,090,02,1,Rowshanpur,0,0,6,7,5,10,1,1,12,8,1,1
50,39,13,174,,1,*Chak Ghoga,6,3,32,34,64,51,18,10,46,59,1,4
50,39,13,283,,1,*Chhatar Para,7,3,103,120,165,146,62,55,145,141,19,10
50,39,13,283,01,1,Chhatar Para,2,1,62,82,112,97,58,49,106,101,15,9
50,39,13,283,02,1,Hridaypur,5,2,41,38,53,49,4,6,39,40,4,1
50,39,13,470,,1,*Kalidaspur,5,9,54,73,118,107,17,29,97,94,15,5
50,39,13,470,01,1,Kalidaspur,4,8,36,45,89,87,9,19,79,75,12,2
50,39,13,470,02,1,Senpara,1,1,18,28,29,20,8,10,18,19,3,3
50,39,13,566,,1,*Lalnagar,6,4,65,102,162,115,34,34,100,91,8,5
50,39,13,693,,1,*Omarpur,16,22,78,71,122,132,59,32,117,101,16,15
50,39,13,693,01,1,Omarpur,7,7,29,26,39,45,9,5,41,24,2,6
50,39,13,693,02,1,Ghoramara,9,15,49,45,83,87,50,27,76,77,14,9
50,39,13,717,,1,*Par Sitla,9,6,24,21,40,46,15,9,28,20,5,5
50,39,13,904,,1,*Talbaria,7,10,149,111,206,200,67,52,149,148,31,11
50,39,13,904,01,1,Pakkala,1,1,15,8,20,9,8,6,17,14,4,2
50,39,13,904,02,1,Talbaria,3,4,102,71,125,128,41,31,86,99,18,4
50,39,13,904,03,1,Lakshmipur,3,5,32,32,61,63,18,15,46,35,9,5
50,39,13,994,,1,*Yusufpur,17,19,57,67,109,108,30,34,102,81,19,10
50,39,20,,,,Boalia Union Total,109,88,821,816,1184,1062,416,389,994,916,200,124
50,39,20,138,,1,*Boalia,26,8,216,188,302,267,117,101,207,225,50,23
50,39,20,138,01,1,Boalia,21,6,196,175,263,236,107,96,188,205,46,17
50,39,20,138,02,1,Dayer Para,2,2,13,9,29,20,3,5,15,12,3,4
50,39,20,138,03,1,Kishornagar,3,0,7,4,10,11,7,0,4,8,1,2
50,39,20,590,,1,*Madhupur (Madhugari),3,8,83,88,125,134,44,39,110,96,13,14
50,39,20,838,,1,*Sarishaduli,3,0,44,35,74,54,26,16,74,70,14,3
50,39,20,862,,1,*Sehala,36,31,251,264,336,307,124,118,295,267,64,32
50,39,20,862,01,1,Sehala,14,17,168,159,209,193,92,90,198,175,45,26
50,39,20,862,02,1,Natna Para,14,8,37,61,78,73,9,14,39,43,14,4
50,39,20,862,03,1,Kishorinagar,8,6,46,44,49,41,23,14,58,49,5,2
50,39,20,982,,1,*Uttar Goalgram,41,41,227,241,347,300,105,115,308,258,59,52
50,39,27,,,,Chilmari Union Total,64,54,878,837,1134,1096,499,444,751,739,233,97
50,39,27,048,,1,*Bahirmadi (Part),1,1,116,120,79,69,109,122,46,44,46,27
50,39,27,066,,1,*Bajumara,16,21,75,58,100,88,39,20,46,41,14,3
50,39,27,066,01,1,Bajumara,9,15,21,14,37,38,9,2,11,11,5,0
50,39,27,066,02,1,Purba Bajumara,0,0,34,21,26,16,21,14,17,14,4,3
50,39,27,066,03,1,Jotasai,7,6,20,23,37,34,9,4,18,16,5,0
50,39,27,205,,1,*Char Bhabananda Diar,4,4,150,133,211,183,62,55,141,116,36,9
50,39,27,205,01,1,Purba Bhabananda Diar,0,1,16,9,23,20,7,5,15,12,4,0
50,39,27,205,02,1,Paschim Bhabananda Diar,1,0,57,52,66,64,30,18,50,50,14,3
50,39,27,205,03,1,Purba Char Ramkrishnapur,2,2,47,35,74,48,13,26,34,26,12,6
50,39,27,205,04,1,Paschim Char Ramkrishnapur,1,1,30,37,48,51,12,6,42,28,6,0
50,39,27,777,,1,*Ramkrishnapur,20,9,192,166,233,250,93,88,186,194,42,20
50,39,27,777,01,1,Purba Amdanighat,7,0,69,63,88,101,29,24,58,65,16,9
50,39,27,777,02,1,Paschim Amdanighat,12,8,96,75,116,131,47,53,104,96,17,10
50,39,27,777,03,1,Char Sarkar Para,1,1,27,28,29,18,17,11,24,33,9,1
50,39,27,928,,1,*Temadia,4,1,78,70,126,122,27,18,59,48,25,10
50,39,27,952,,1,*Udaynagar,19,18,267,290,385,384,169,141,273,296,70,28
50,39,27,952,01,1,Uttar Udaynagar,0,0,27,25,24,23,16,9,15,16,4,4
50,39,27,952,02,1,Paschim Udaynagar,11,9,36,42,83,99,20,9,53,52,13,7
50,39,27,952,03,1,Madhya Udaynagar,0,0,56,67,65,63,43,47,67,55,7,5
50,39,27,952,04,1,Digreer Char,5,5,17,21,27,30,13,9,11,23,9,3
50,39,27,952,05,1,Dakshin Khariza Thak,0,1,68,76,108,97,30,34,67,80,16,4
50,39,27,952,06,1,Uttar Khariza Thak,3,3,63,59,78,72,47,33,60,70,21,5
50,39,33,,,,Daulatpur Union Total,162,138,1088,995,1540,1538,613,474,1179,1127,248,134
50,39,33,,,1,Daulatpur Union,128,104,883,808,1239,1220,516,387,943,885,200,112
50,39,33,,,3,Daulatpur Union,34,34,205,187,301,318,97,87,236,242,48,22
50,39,33,060,,1,*Bajudanga,5,5,41,37,74,61,37,20,48,42,14,8
50,39,33,060,01,1,Bajudanga,0,1,25,17,40,29,14,10,25,20,7,5
50,39,33,060,02,1,Chak Krisnapur,5,4,16,20,34,32,23,10,23,22,7,3
50,39,33,084,,1,*Bamandanga,0,0,14,8,21,16,2,4,11,7,1,0
50,39,33,096,,1,*Begunbaria (Part),4,0,14,16,17,18,8,7,17,19,5,0
50,39,33,102,,1,*Bejpur,5,8,47,25,49,66,14,13,44,44,13,2
50,39,33,126,,1,*Bil Kalua (Ghorbaria),9,5,29,21,33,37,11,9,28,17,1,2
50,39,33,168,,1,*Chak Daulatkhali,11,9,66,45,78,77,26,30,57,68,16,13
50,39,33,180,,1,*Chak Harisankara,0,0,19,27,20,35,32,7,24,14,4,6
50,39,33,292,,1,*Dakshin Chak Majdia,3,0,33,28,46,35,24,21,54,36,7,4
50,39,33,308,,1,*Sadipur (Part-Da),19,5,53,57,109,98,23,16,64,71,7,9
50,39,33,308,01,1,Daulatpur(Part Of Daulatpur),13,4,37,40,79,66,22,15,39,46,5,4
50,39,33,308,02,1,Gopinatpur,6,1,16,17,30,32,1,1,25,25,2,5
50,39,33,319,,1,*Darer Para,7,13,63,50,97,93,38,20,67,55,12,8
50,39,33,325,,1,*Dari Para,2,5,13,9,27,26,4,1,19,21,2,2
50,39,33,331,,1,*Daulatkhali,9,11,110,110,146,140,82,73,132,91,24,16
50,39,33,337,,3,*Daulatpur,34,34,205,187,301,318,97,87,236,242,48,22
50,39,33,337,01,3,Chuamalik Para,8,1,39,36,48,53,29,26,48,44,12,5
50,39,33,337,02,3,Chak Daulatpur,6,5,54,57,63,88,35,30,60,62,15,6
50,39,33,337,03,3,Daulatpur,20,28,112,94,190,177,33,31,128,136,21,11
50,39,33,355,,1,*Dukhipur,4,1,21,21,44,23,11,8,20,13,5,0
50,39,33,379,,1,*Gobargara,23,13,90,89,139,133,59,41,100,116,33,12
50,39,33,397,,1,*Hakimpur,1,0,48,48,44,63,31,26,32,28,6,9
50,39,33,494,,1,*Kaparpora,2,6,49,47,58,51,37,28,49,58,10,8
50,39,33,578,,1,*Laubaria,5,3,41,60,69,65,6,12,48,44,9,4
50,39,33,695,,1,*Mothurpur(Part),5,2,10,6,13,15,3,4,4,11,7,0
50,39,33,705,,1,*Pacha Media,8,11,57,52,88,92,25,21,61,60,11,2
50,39,33,964,,1,*Uttar Chak Majdia,6,7,65,52,67,76,43,26,64,70,13,7
50,39,40,,,,Hogalbaria Union Total,147,134,1353,1351,2222,2088,729,647,1686,1799,433,208
50,39,40,096,,1,*Begunbaria,9,11,130,133,151,165,63,59,121,139,41,17
50,39,40,096,01,1,Begunbaria,2,5,41,44,52,65,16,20,33,37,13,8
50,39,40,096,02,1,Taragunia (Part),5,3,46,54,61,65,25,24,59,63,23,6
50,39,40,096,03,1,Shashidharpur (Part),2,3,43,35,38,35,22,15,29,39,5,3
50,39,40,192,,1,*Chamnai,12,10,112,119,174,187,67,49,114,145,39,19
50,39,40,217,,1,*Char Hogalbaria,32,31,215,200,360,310,114,100,255,282,55,30
50,39,40,217,01,1,Kayamari,12,14,33,50,74,65,7,10,49,59,6,1
50,39,40,217,02,1,Farakpur,3,2,37,25,52,47,23,18,28,53,7,3
50,39,40,217,03,1,Gangarampur,5,3,70,54,104,87,43,35,75,58,20,17
50,39,40,217,04,1,Char Diar,12,12,75,71,130,111,41,37,103,112,22,9
50,39,40,223,,1,*Char Juniadaha,36,17,295,292,600,503,187,175,470,503,93,47
50,39,40,223,01,1,Sonaikundi,27,5,90,118,284,196,89,87,224,266,54,32
50,39,40,223,02,1,Gacher Diar,9,12,205,174,316,307,98,88,246,237,39,15
50,39,40,253,,1,*Char Niamatpur,1,6,87,89,98,112,40,36,86,99,23,13
50,39,40,253,01,1,Char Diar (Part),0,5,37,35,49,62,8,7,42,44,8,3
50,39,40,253,02,1,Baidyanathtala,1,1,50,54,49,50,32,29,44,55,15,10
50,39,40,434,,1,*Hogalbaria,7,15,105,93,164,161,49,38,132,128,38,10
50,39,40,434,01,1,Paschim Taragunia,3,10,93,77,127,124,46,35,114,106,33,9
50,39,40,434,02,1,Purba Taragunia,4,5,12,16,37,37,3,3,18,22,5,1
50,39,40,452,,1,*Joyrampur,14,18,73,78,121,135,22,17,93,90,14,5
50,39,40,482,,1,*Kalyanpur,14,12,80,76,133,121,60,44,70,100,52,24
50,39,40,675,,1,*Narayanpur,2,0,47,46,83,84,29,26,69,57,22,10
50,39,40,808,,1,*Sadipur,9,3,75,89,112,109,32,46,89,111,21,4
50,39,40,808,01,1,Sadipur,8,3,54,65,96,96,15,20,67,81,14,3
50,39,40,808,02,1,Manikdiar,1,0,21,24,16,13,17,26,22,30,7,1
50,39,40,814,,1,*Sahapur,0,1,22,18,14,22,18,22,17,23,11,7
50,39,40,850,,1,*Shashidharpur,8,6,69,76,135,123,38,25,124,84,16,14
50,39,40,898,,1,*Tajpur,3,4,43,42,77,56,10,10,46,38,8,8
50,39,47,,,,Khalishakundi Union Total,72,77,802,857,1301,1216,469,430,993,1106,216,112
50,39,47,024,,1,*Angdia,3,15,80,85,150,124,63,44,100,119,20,6
50,39,47,024,01,1,Angdia,1,3,40,34,67,51,26,21,41,53,10,1
50,39,47,024,02,1,Gachher Diar,2,10,19,25,40,34,5,3,32,31,0,2
50,39,47,024,03,1,Char Para,0,2,21,26,43,39,32,20,27,35,10,3
50,39,47,286,,1,*Silimpur,0,0,10,14,25,19,2,6,12,23,0,0
50,39,47,476,,1,*Khalishakundi,38,40,390,427,581,563,245,221,490,539,130,65
50,39,47,491,,1,*Shela Kamalpur,7,6,45,54,98,87,10,25,73,88,7,10
50,39,47,554,,1,*Kulbaria,4,0,13,26,30,28,21,15,17,19,7,6
50,39,47,627,,1,*Mali Para,7,3,34,28,77,76,5,17,55,54,12,6
50,39,47,627,01,1,Mali Para,6,3,19,24,59,55,2,10,37,36,4,1
50,39,47,627,02,1,Udaynagar,1,0,15,4,18,21,3,7,18,18,8,5
50,39,47,669,,1,*Nazirpur,6,9,69,46,105,97,35,18,75,90,13,10
50,39,47,669,01,1,Nazirpur,5,8,52,39,89,81,28,15,64,68,12,6
50,39,47,669,02,1,Abdulpur,1,1,17,7,16,16,7,3,11,22,1,4
50,39,47,741,,1,*Pipulbaria,4,2,60,55,86,89,35,32,52,53,12,1
50,39,47,741,01,1,Pipulbaria,3,2,41,44,71,69,19,24,34,42,7,0
50,39,47,741,02,1,Shyamnagar,1,0,19,11,15,20,16,8,18,11,5,1
50,39,47,759,,1,*Pratappur,1,0,18,9,19,17,10,1,15,14,1,1
50,39,47,892,,1,*Shyampur Mobaria,2,2,83,113,130,116,43,51,104,107,14,7
50,39,47,892,01,1,Shyampur,1,2,58,80,95,94,39,41,71,70,13,6
50,39,47,892,02,1,Mobaria,1,0,25,33,35,22,4,10,33,37,1,1
50,39,54,,,,Maricha Union Total,77,75,800,777,991,1084,519,448,913,904,271,124
50,39,54,054,,1,*Baragir Char,8,13,114,107,120,134,79,77,101,96,40,20
50,39,54,156,,1,*Chai Para(Baghapara Part),0,1,53,51,59,59,30,19,50,69,23,9
50,39,54,542,,1,*Koldiar,29,13,207,200,272,331,99,97,268,264,58,24
50,39,54,542,01,1,Koldiar,3,5,41,45,77,91,20,14,66,54,9,3
50,39,54,542,02,1,Purba Koldiar,1,1,54,58,64,60,41,40,49,46,14,7
50,39,54,542,03,1,Bharaka Para(Part-1),13,1,60,51,51,85,14,19,69,76,21,3
50,39,54,542,04,1,Hatkhola,12,6,52,46,80,95,24,24,84,88,14,11
50,39,54,621,,1,*Majhdiar,15,27,305,281,358,377,208,190,343,351,98,38
50,39,54,621,01,1,Paschim Majhdiar,6,8,40,42,70,80,24,16,61,61,4,2
50,39,54,621,02,1,Madhya Majhdiar,2,2,70,61,76,77,44,39,60,64,22,10
50,39,54,621,03,1,Purba Majhdiar,1,4,42,37,46,33,27,31,43,41,8,2
50,39,54,621,04,1,Purba Baragir Char,5,7,93,101,117,133,61,53,126,121,29,7
50,39,54,621,05,1,Baharaka Para (Part-2),1,6,60,40,49,54,52,51,53,64,35,17
50,39,54,641,,1,*Mollukchandpur,3,3,4,7,5,2,9,7,1,0,9,2
50,39,54,687,,1,*Natun Char,2,3,5,3,4,4,6,5,2,0,5,2
50,39,54,778,,1,*Paschim Baliadoba(Bargirchar,15,7,24,17,41,47,21,8,39,26,16,9
50,39,54,784,,1,*Purba Baliadoba,5,8,88,111,132,130,67,45,109,98,22,20
50,39,61,,,,Mathurapur Union Total,112,143,1077,1117,1736,1743,675,589,1373,1411,403,218
50,39,61,,,1,Mathurapur Union,65,107,784,815,1253,1292,473,391,957,1035,258,132
50,39,61,,,3,Mathurapur Union,47,36,293,302,483,451,202,198,416,376,145,86
50,39,61,042,,1,*Bagoan,18,27,200,219,324,307,114,101,283,290,64,24
50,39,61,042,01,1,Bagoan,17,26,190,207,322,302,104,90,278,284,59,21
50,39,61,042,02,1,Guchugram,1,1,10,12,2,5,10,11,5,6,5,3
50,39,61,247,,1,*Char Majdia,12,12,117,110,185,186,87,55,129,148,38,17
50,39,61,247,01,1,Farakpur,2,3,57,48,81,89,45,36,64,75,18,10
50,39,61,247,02,1,Hisnapara,10,9,60,62,104,97,42,19,65,73,20,7
50,39,61,265,,1,*Chak Salimpur,0,6,29,33,38,34,12,15,26,36,8,7
50,39,61,265,01,1,Chak Salimpur,0,3,13,14,24,19,3,2,16,18,3,4
50,39,61,265,02,1,Farakpur,0,3,16,19,14,15,9,13,10,18,5,3
50,39,61,410,,1,*Hari Sankara,17,26,212,225,375,388,121,113,264,319,69,38
50,39,61,603,,1,*Mahadebpur,0,0,17,18,21,17,16,14,18,18,5,4
50,39,61,615,,1,*Majdia,12,26,128,124,201,245,86,65,152,147,53,24
50,39,61,615,01,1,Majdia,0,0,7,7,14,19,10,8,13,6,1,1
50,39,61,615,02,1,Kaipal,8,23,81,79,143,154,48,37,98,98,35,15
50,39,61,615,03,1,Hosenabad (Part),3,1,13,12,17,24,9,3,16,15,7,4
50,39,61,615,04,1,Bejpur(Part),1,2,27,26,27,48,19,17,25,28,10,4
50,39,61,645,,3,*Mathurapur,47,36,293,302,483,451,202,198,416,376,145,86
50,39,61,645,01,3,Mathurapur,42,35,257,261,434,403,157,144,380,342,105,68
50,39,61,645,02,3,Gabargara,0,1,22,23,33,38,24,16,32,24,5,1
50,39,61,645,03,3,Mashaura,5,0,5,12,14,9,2,8,4,6,3,3
50,39,61,645,04,3,Guchchhagram,0,0,9,6,2,1,19,30,0,4,32,14
50,39,61,820,,1,*Shalimpur,6,10,81,86,109,115,37,28,85,77,21,18
50,39,67,,,,Pearpur Union Total,109,102,1070,1025,1769,1648,513,468,1258,1352,329,121
50,39,67,018,,1,*Amdaha,22,25,253,221,388,351,111,102,297,307,88,37
50,39,67,018,01,1,Natun Amdaha,6,16,131,104,184,184,52,46,150,162,50,23
50,39,67,018,02,1,Puratan Amdaha,16,9,122,117,204,167,59,56,147,145,38,14
50,39,67,361,,1,*Durgapur,1,3,21,13,31,24,17,13,32,27,11,3
50,39,67,370,,1,*Satbaria Nitalpur (Gabtala),1,4,30,32,49,38,23,15,39,34,5,1
50,39,67,370,01,1,Gabtala,1,4,18,13,33,24,17,15,26,29,2,1
50,39,67,370,02,1,Shatgachha,0,0,12,19,16,14,6,0,13,5,3,0
50,39,67,404,,1,*Haludbaria,6,22,143,131,190,181,75,64,136,158,44,16
50,39,67,404,01,1,Allah Dargah,4,18,95,87,128,112,38,42,84,111,22,7
50,39,67,404,02,1,Mirpur,2,4,48,44,62,69,37,22,52,47,22,9
50,39,67,416,,1,*Hariballabhpur,12,11,206,204,313,320,123,101,218,254,62,13
50,39,67,416,01,1,Pura Salua,0,0,21,22,51,53,6,12,37,34,12,1
50,39,67,416,02,1,Chak Jagannathpur,0,0,14,13,19,19,2,12,14,17,2,0
50,39,67,416,03,1,Jagannathpur,2,0,39,40,38,51,33,23,24,57,14,0
50,39,67,416,04,1,Sherpur,9,6,90,84,144,158,49,29,105,100,19,10
50,39,67,416,05,1,Kodalia,1,5,26,27,29,19,27,21,19,24,7,1
50,39,67,416,06,1,Baliashisha,0,0,16,18,32,20,6,4,19,22,8,1
50,39,67,440,,1,*Joybhoga,11,10,52,56,125,107,24,22,82,96,30,16
50,39,67,488,,1,*Kamalpur,11,6,78,62,153,137,25,26,109,112,12,8
50,39,67,518,,1,*Kazipur,10,2,36,32,60,60,7,9,42,40,9,3
50,39,67,596,,1,*Madia,11,10,91,99,147,140,32,39,98,94,24,6
50,39,67,596,01,1,Chak Madi,6,2,37,45,63,61,19,20,27,30,7,1
50,39,67,596,02,1,Madia,5,8,54,54,84,79,13,19,71,64,17,5
50,39,67,729,,1,*Pearpur,15,5,132,128,234,204,61,59,141,185,30,16
50,39,67,729,01,1,Pearpur,13,1,63,54,90,92,33,36,60,84,18,11
50,39,67,729,02,1,Pachha Bhita,0,2,65,69,109,91,24,19,67,81,11,5
50,39,67,729,03,1,Beltala,2,2,4,5,35,21,4,4,14,20,1,0
50,39,67,795,,1,*Ramnagar,3,0,4,15,22,16,1,11,7,9,1,0
50,39,67,826,,1,*Salua,6,4,24,32,57,70,14,7,57,36,13,2
50,39,74,,,,Philipnagar Union Total,93,82,1042,1090,1604,1564,723,612,1247,1293,346,185
50,39,74,048,,1,*Bahirmadi (Part),31,35,360,398,530,525,230,233,411,426,121,64
50,39,74,048,01,1,Paschim Bahirmadi,17,21,127,136,181,196,82,69,143,143,41,20
50,39,74,048,02,1,Purba Bahirmadi,8,8,97,99,171,149,60,62,123,124,41,19
50,39,74,048,03,1,Alinagar,1,1,36,44,37,43,27,36,51,36,8,7
50,39,74,048,04,1,Shirajnagar,5,5,100,119,141,137,61,66,94,123,31,18
50,39,74,735,,1,*Philipnagar,42,29,629,641,980,925,468,355,755,786,210,110
50,39,74,735,01,1,Philipnagar P.D.,1,3,93,81,117,113,86,49,84,106,29,21
50,39,74,735,02,1,Purba Philipnagar,27,6,81,84,148,155,64,61,124,134,20,19
50,39,74,735,03,1,Uttar Philipnagar,0,0,16,22,23,31,4,8,24,18,3,2
50,39,74,735,04,1,Philipnagar,3,7,186,167,266,247,124,88,211,204,51,25
50,39,74,735,05,1,Islampur,2,7,99,114,157,110,73,70,103,115,35,23
50,39,74,735,06,1,Dafadar Para,6,4,74,81,141,131,62,50,99,101,33,11
50,39,74,735,07,1,Char Sadipur,3,2,80,92,128,138,55,29,110,108,39,9
50,39,74,747,,1,*Poalbaria,20,18,53,51,94,114,25,24,81,81,15,11
50,39,81,,,,Prayagpur Union Total,112,137,1232,1219,1787,1788,723,607,1410,1368,364,219
50,39,81,162,,1,*Chak Bilgatua,6,26,38,30,76,69,41,27,31,33,26,11
50,39,81,183,,1,*Chak Joypur,0,1,16,17,22,15,12,12,16,17,12,3
50,39,81,391,,1,*Gopalpur,24,26,231,245,396,398,151,129,327,295,54,40
50,39,81,391,01,1,Gopalpur,5,7,52,46,70,73,15,19,51,55,9,6
50,39,81,391,02,1,Madapur,8,4,71,90,128,105,78,58,132,103,10,7
50,39,81,391,03,1,Mirer Para,6,5,32,41,77,81,28,34,54,59,22,14
50,39,81,391,04,1,Islamnagar,4,2,48,38,62,70,18,14,42,38,8,11
50,39,81,391,05,1,Muslimnagar,1,8,28,30,59,69,12,4,48,40,5,2
50,39,81,446,,1,*Joypur,4,6,28,26,53,38,10,11,38,36,5,4
50,39,81,612,,1,*Mahishkundi (Part),18,24,232,238,296,297,132,126,223,222,63,36
50,39,81,612,01,1,Mahishkundi (Part),9,6,102,113,110,95,87,83,78,79,32,21
50,39,81,612,02,1,Purba Mahishkundi,9,18,130,125,186,202,45,43,145,143,31,15
50,39,81,651,,1,*Mayarampur,19,22,266,265,375,404,150,122,314,308,71,34
50,39,81,651,01,1,Mayarampur,0,4,59,60,93,93,42,30,76,91,9,2
50,39,81,651,02,1,Natun Pakuria,2,7,46,49,59,84,19,22,60,50,18,4
50,39,81,651,03,1,Ghorar Para,2,3,35,28,50,55,15,16,48,36,10,0
50,39,81,651,04,1,Darar Para,1,0,3,3,15,10,2,1,14,17,2,0
50,39,81,651,05,1,Bil Gatua,14,8,123,125,158,162,72,53,116,114,32,28
50,39,81,711,,1,*Pakuria,11,12,196,168,211,211,105,101,157,137,71,49
50,39,81,711,01,1,Pakuria,7,5,97,88,118,122,36,41,77,79,25,11
50,39,81,711,02,1,Fakirbad (Jamalpur),4,7,99,80,93,89,69,60,80,58,46,38
50,39,81,753,,1,*Prayagpur,25,16,164,162,279,258,81,50,238,239,49,22
50,39,81,765,,1,*Raghunathpur,5,4,61,68,79,98,41,29,66,81,13,20
50,39,88,,,,Ramkrishnapur Union Total,73,48,1010,981,1242,1260,532,466,834,846,293,124
50,39,88,238,,1,*Char Ekuri,0,1,129,123,126,148,71,72,71,72,44,19
50,39,88,271,,1,*Char Sarkar Para,44,19,428,448,510,533,215,188,359,360,132,54
50,39,88,271,01,1,Char Para,29,7,109,117,124,153,55,47,84,94,42,9
50,39,88,271,02,1,Kandir Para,3,0,59,60,76,75,16,7,48,52,13,5
50,39,88,271,03,1,Uttar Sonatala,0,4,45,48,40,45,24,20,25,31,8,6
50,39,88,271,04,1,Ramkrishnapur,1,2,91,104,119,115,47,62,82,77,28,13
50,39,88,271,05,1,Thotar Para,1,0,33,44,45,41,14,16,30,34,8,0
50,39,88,271,06,1,Dakshin Sonatala,9,5,41,37,47,44,40,25,29,28,27,15
50,39,88,271,07,1,Paschim Sonatala,1,1,50,38,59,60,19,11,61,44,6,6
50,39,88,584,,1,*Madhugari,29,26,424,376,548,524,234,197,363,376,112,46
50,39,88,584,01,1,Mohammadpur,4,4,58,63,96,102,40,34,68,67,22,4
50,39,88,584,02,1,Bhagjot,2,2,53,52,85,87,21,15,55,68,13,4
50,39,88,584,04,1,Kharibona,0,0,13,19,16,10,3,9,13,22,4,0
50,39,88,584,05,1,Dhaki Para,1,1,36,42,58,58,9,7,36,27,10,4
50,39,88,584,06,1,Islamnagar,1,0,16,19,25,24,11,6,14,20,7,1
50,39,88,584,07,1,Islampur,0,0,56,36,65,58,16,13,40,42,17,4
50,39,88,584,08,1,Chidopa,0,0,19,17,19,10,15,12,13,15,4,2
50,39,88,584,09,1,Munshiganj,4,4,27,28,50,50,17,9,29,30,5,5
50,39,88,584,10,1,Insafnagar,17,15,146,100,134,125,102,92,95,85,30,22
50,39,88,612,,1,*Mahishkundi (Krofarda,0,2,29,34,58,55,12,9,41,38,5,5
50,39,94,,,,Refayetpur Union Total,94,85,826,847,1404,1352,461,401,1048,967,245,125
50,39,94,108,,1,*Bheramara,18,17,48,48,113,98,36,18,83,72,11,7
50,39,94,108,01,1,Bheramara,18,17,38,39,101,95,25,12,68,51,10,6
50,39,94,108,02,1,Kanchan Nagar,0,0,10,9,12,3,11,6,15,21,1,1
50,39,94,349,,1,*Dighalkandi,6,4,66,83,156,130,26,26,75,71,30,4
50,39,94,373,,1,*Gazipur,3,0,20,16,34,35,11,9,31,40,3,2
50,39,94,422,,1,*Haringachhi,5,10,115,115,203,170,39,36,104,111,32,22
50,39,94,428,,1,*Hasanpur,0,0,27,27,33,25,20,23,28,25,4,2
50,39,94,458,,1,*Jhaudia,4,3,79,77,141,103,56,70,115,103,15,24
50,39,94,458,01,1,Jhaudia,0,1,27,32,56,48,17,22,57,48,2,5
50,39,94,458,02,1,Andal Baria,2,2,19,16,20,10,19,23,15,8,8,15
50,39,94,458,03,1,Natun Jhaudia,1,0,21,17,38,23,15,9,27,28,2,2
50,39,94,458,04,1,Bishnupur,1,0,12,12,27,22,5,16,16,19,3,2
50,39,94,464,,1,*Kaghati,4,2,42,54,99,98,51,35,98,88,26,17
50,39,94,464,01,1,Kaghati,2,0,10,11,18,15,3,3,15,11,3,0
50,39,94,464,02,1,Natun Kaghnat,0,1,14,15,23,26,12,6,30,20,5,0
50,39,94,464,03,1,Baha Dalia Para,2,1,18,28,58,57,36,26,53,57,18,17
50,39,94,560,,1,*Lakshmikhola,4,6,103,101,144,161,55,48,129,116,38,12
50,39,94,560,01,1,Lakshmikhola,4,3,79,66,100,102,46,36,80,84,27,10
50,39,94,560,02,1,Nauda Para,0,0,10,16,13,19,2,6,18,11,2,1
50,39,94,560,03,1,Joardar Para,0,3,14,19,31,40,7,6,31,21,9,1
50,39,94,681,,1,*Narayanpur Dahakula,15,18,45,43,76,74,32,23,68,57,11,8
50,39,94,802,,1,*Refayetpur,8,4,101,99,121,140,53,43,113,87,34,11
50,39,94,832,,1,*Sangrampur,5,2,30,30,32,41,19,16,32,26,9,6
50,39,94,880,,1,*Sitlai Chandipur,2,1,79,75,87,100,30,19,67,78,13,3
50,39,94,886,,1,*Sonaikandi,1,1,24,25,30,35,11,13,24,27,7,1
50,39,94,922,,1,*Teliagangdi,19,17,47,54,135,142,22,22,81,66,12,6
50,63,,,,,Khoksa Upazila Total,236,241,4462,4258,6140,6066,2076,1843,4816,4595,976,570
50,63,,,,1,Khoksa Upazila,161,177,3770,3645,5101,5086,1798,1606,3958,3763,800,489
50,63,,,,2,Khoksa Upazila,69,60,522,461,850,800,216,176,683,659,142,66
50,63,,,,3,Khoksa Upazila,6,4,170,152,189,180,62,61,175,173,34,15
50,63,,,,,Khoksa Paurashava,69,60,522,461,850,800,216,176,683,659,142,66
50,63,01,,,,Ward No-01 Total,2,3,66,69,102,88,30,18,71,77,14,6
50,63,01,176,,2,*Buzruk Mirzapur (Part),0,0,6,9,8,5,8,6,13,9,0,0
50,63,01,503,,2,*Kadirpur (Part),0,2,11,10,11,9,11,5,8,14,1,3
50,63,01,554,,2,*Khoksa Patildangi,2,1,32,35,60,55,6,6,40,28,11,2
50,63,01,881,,2,*Samaspur (Part),0,0,17,15,23,19,5,1,10,26,2,1
50,63,02,,,,Ward No-02 Total,20,17,74,60,135,128,25,20,72,93,26,14
50,63,02,333,,2,*Khoksa Chunia Para,1,0,14,21,20,22,5,2,23,18,1,4
50,63,02,554,,2,*Khoksa Kalibari Para (Part),11,10,35,15,63,48,15,12,23,34,13,2
50,63,02,667,,2,*Khoksa Mathpara,8,7,25,24,52,58,5,6,26,41,12,8
50,63,03,,,,Ward No-03 Total,9,6,58,43,89,77,29,39,92,63,10,10
50,63,03,554,,2,*Khoksa Char Para,8,4,24,22,42,35,25,33,44,26,9,9
50,63,03,617,,2,*Maligram (Part),0,1,16,9,18,17,1,4,19,12,1,1
50,63,03,667,,2,*Mirzapur,1,1,18,12,29,25,3,2,29,25,0,0
50,63,04,,,,Ward No-04 Total,6,3,56,44,72,53,19,11,74,51,11,7
50,63,04,554,,2,*Khoksa Kalibari Para (Part),6,3,56,44,72,53,19,11,74,51,11,7
50,63,05,,,,Ward No-05 Total,9,11,45,21,85,67,22,12,73,72,9,2
50,63,05,453,,2,*Janipur,1,6,22,9,43,32,18,7,40,41,3,0
50,63,05,554,,2,*Thana Paba (Part-1),8,5,23,12,42,35,4,5,33,31,6,2
50,63,06,,,,Ward No-06 Total,6,5,58,54,93,69,16,20,84,88,20,1
50,63,06,554,,2,*Khoksa Thana Para (Part),0,0,28,22,41,31,7,11,33,42,6,0
50,63,06,617,,2,*Maligram (Part),6,5,30,32,52,38,9,9,51,46,14,1
50,63,07,,,,Ward No-07 Total,9,9,41,37,70,78,15,18,58,57,9,5
50,63,07,516,,2,*Kamalapur Uttar Para,9,9,41,37,70,78,15,18,58,57,9,5
50,63,08,,,,Ward No-08 Total,7,4,71,70,91,130,43,31,97,96,30,14
50,63,08,516,,2,*Kamalapur Madhya Para,7,4,71,70,91,130,43,31,97,96,30,14
50,63,09,,,,Ward No-09 Total,1,2,53,63,113,110,17,7,62,62,13,7
50,63,09,516,,2,*Kamalapur Dakshin Para,1,2,53,63,113,110,17,7,62,62,13,7
50,63,17,,,,Ambaria Union Total,31,33,430,463,534,565,222,203,405,424,122,78
50,63,17,131,,1,*Baroi Para,0,0,12,15,16,18,0,0,10,11,0,3
50,63,17,160,,1,*Ambaria,16,11,199,205,240,239,106,115,174,191,57,32
50,63,17,207,,1,*Char Ambaria,0,1,9,5,17,12,3,0,8,7,4,2
50,63,17,328,,1,*Dhokrakol,12,18,179,197,228,244,101,78,177,192,55,31
50,63,17,328,01,1,Dhokrakul,3,1,35,45,50,46,20,7,55,46,6,6
50,63,17,328,02,1,Gosaidangi,7,10,85,83,88,108,43,38,63,64,28,11
50,63,17,328,03,1,Kuthi Para,2,2,20,26,40,29,12,8,18,30,9,3
50,63,17,328,04,1,Tahirpur,0,2,16,24,38,42,10,7,23,28,4,4
50,63,17,328,05,1,Bairagi Para,0,3,23,19,12,19,16,18,18,24,8,7
50,63,17,705,,1,*Maklur Char,0,0,4,3,1,6,3,3,3,2,0,2
50,63,17,880,,1,*Sengram,3,3,27,38,32,46,9,7,33,21,6,8
50,63,25,,,,Betbaria Union Total,11,16,380,404,527,495,198,163,431,390,66,38
50,63,25,062,,1,*Baman Para,0,1,38,46,51,47,23,39,56,43,12,2
50,63,25,075,,1,*Banagram,5,1,117,123,180,160,58,44,133,114,20,11
50,63,25,075,01,1,Banagram Paschimpara,2,1,33,38,58,42,19,11,42,31,6,5
50,63,25,075,02,1,Madhya Banagram,0,0,24,29,51,41,5,10,41,34,1,3
50,63,25,075,03,1,Banagram Purbapara,3,0,60,56,71,77,34,23,50,49,13,3
50,63,25,125,,1,*Betbaria,0,3,44,47,66,60,17,12,76,51,4,1
50,63,25,138,,1,*Bhabanipur,0,0,43,39,43,44,25,23,35,34,5,5
50,63,25,201,,1,*Chandat,6,7,26,40,61,59,9,12,38,51,8,7
50,63,25,227,,1,*Gokkho Ghat,0,0,5,3,3,2,2,0,1,1,0,1
50,63,25,239,,1,*Dakshin Shyampur,0,0,8,4,8,6,0,0,7,6,1,1
50,63,25,428,,1,*Jagalba,0,1,27,32,44,31,19,11,27,25,5,6
50,63,25,440,,1,*Jagalba Sonapatil,0,0,4,11,6,13,5,0,10,10,0,0
50,63,25,692,,1,*Muksidpur,0,2,39,36,34,33,22,16,24,30,3,2
50,63,25,806,,1,*Patradaha,0,0,9,8,9,13,7,0,7,10,2,0
50,63,25,831,,1,*Radhaballabhpur,0,1,6,7,5,11,2,2,8,5,0,1
50,63,25,944,,1,*Sirajpur,0,0,14,8,17,16,9,4,9,10,6,1
50,63,31,,,,Gopagram Union Total,18,19,572,523,671,697,296,274,518,507,124,83
50,63,31,025,,1,*Amlabari,7,3,121,102,127,138,43,49,118,80,26,13
50,63,31,088,,1,*Baraichara,4,3,74,64,101,73,43,37,56,68,19,16
50,63,31,088,01,1,Baraichara,4,2,39,38,55,44,22,24,30,43,12,12
50,63,31,088,02,1,Dangi Para,0,1,35,26,46,29,21,13,26,25,7,4
50,63,31,214,,1,*Chhota Gopagram,0,0,5,6,7,5,4,1,5,7,0,0
50,63,31,340,,1,*Gopagram,5,8,260,227,296,321,135,144,234,243,43,33
50,63,31,340,01,1,Gopagram,5,7,183,152,207,226,89,100,171,167,30,20
50,63,31,340,02,1,Shangang,0,1,40,41,43,50,16,22,38,42,6,8
50,63,31,340,03,1,Santoshpur,0,0,37,34,46,45,30,22,25,34,7,5
50,63,31,566,,1,*Khurda Sadua,2,0,51,60,69,65,24,19,55,54,16,11
50,63,31,566,01,1,Khurda Sadua,2,0,34,46,42,44,16,14,36,38,13,9
50,63,31,566,02,1,Muraripur,0,0,17,14,27,21,8,5,19,16,3,2
50,63,31,906,,1,*Satpakhia,0,4,52,50,53,78,40,20,40,43,16,9
50,63,31,982,,1,*Uttar Raghunathpur,0,1,9,14,18,17,7,4,10,12,4,1
50,63,37,,,,Janipur Union Total,16,17,320,281,501,469,128,129,354,354,56,32
50,63,37,106,,1,*Beharia,3,7,58,59,115,104,33,27,76,78,14,4
50,63,37,106,01,1,Beharia,0,1,47,41,70,80,26,18,50,55,11,4
50,63,37,106,02,1,Charbeharia,2,3,9,15,25,17,7,6,21,20,3,0
50,63,37,106,03,1,Nagar Para,1,3,2,3,20,7,0,3,5,3,0,0
50,63,37,251,,1,*Dashkahania,0,0,16,11,23,23,6,2,24,19,1,0
50,63,37,302,,1,*Ektarpur,12,8,169,158,264,242,72,78,178,176,31,23
50,63,37,302,01,1,Ektarpur,10,8,115,99,172,161,53,51,106,124,23,17
50,63,37,302,02,1,Barampur,1,0,44,42,65,61,16,22,60,47,5,6
50,63,37,302,03,1,Machhuaghata,1,0,10,17,27,20,3,5,12,5,3,0
50,63,37,390,,1,*Ichlat,0,0,5,1,6,7,2,3,5,12,0,0
50,63,37,415,,1,*Ishwardi,0,0,20,15,27,30,3,3,20,20,3,1
50,63,37,491,,1,*Jot Manikkat,0,0,5,3,4,3,1,0,2,3,0,1
50,63,37,528,,1,*Khagar Baria,0,0,18,12,19,26,2,4,18,14,0,1
50,63,37,615,,1,*Kamlapur (Part),1,2,24,16,27,21,5,9,18,17,6,2
50,63,37,705,,1,*Narayanpur,0,0,4,6,15,11,4,2,12,13,1,0
50,63,37,717,,1,*Nichlat,0,0,1,0,1,2,0,1,1,2,0,0
50,63,43,,,,Jayanti Hajra Union Total,16,10,499,449,589,621,260,242,512,460,104,65
50,63,43,151,,1,*Bhaduri Chak,0,0,4,5,10,7,2,8,7,10,4,3
50,63,43,466,,1,*Jayanti Hajra,6,5,121,111,145,170,68,55,123,117,19,9
50,63,43,466,01,1,Jayanti Hajra,3,1,85,67,79,99,55,48,74,66,18,5
50,63,43,466,02,1,Radhanagar,3,4,36,44,66,71,13,7,49,51,1,4
50,63,43,478,,1,*Jhalukadaha,0,0,18,12,9,9,9,14,6,10,4,0
50,63,43,579,,1,*Kismat Fulbari,5,0,65,50,73,65,32,32,62,39,17,7
50,63,43,604,,1,*Mahish Bathan,0,2,28,21,34,32,18,12,18,27,7,4
50,63,43,629,,1,*Mamudanipur,0,1,40,45,62,62,18,23,56,42,9,8
50,63,43,654,,1,*Masilia,2,2,49,62,69,73,31,26,46,49,8,3
50,63,43,818,,1,*Purba Gopalpur,2,0,40,29,49,51,9,11,34,23,10,4
50,63,43,969,,1,*Uthali,1,0,109,91,112,123,52,52,120,122,21,22
50,63,43,969,01,1,Uthali,0,0,64,57,61,82,32,35,70,72,10,14
50,63,43,969,02,1,Bhabaniganj,1,0,45,34,51,41,20,17,50,50,11,8
50,63,43,994,,1,*Uttar Shyampur,0,0,25,23,26,29,21,9,40,21,5,5
50,63,47,,,,Khoksa Union Total,16,14,217,204,305,281,141,140,235,234,53,36
50,63,47,289,,1,*Dudrajpur,1,4,20,11,23,17,4,1,12,18,2,2
50,63,47,352,,1,*Hasimpur,7,0,73,59,73,80,49,43,87,68,12,7
50,63,47,365,,1,*Hilalpur,0,7,42,32,50,52,32,39,35,55,12,9
50,63,47,680,,1,*Moragachha,5,3,58,84,138,115,34,35,79,80,19,12
50,63,47,856,,1,*Ratanpur,3,0,24,18,21,17,22,22,22,13,8,6
50,63,57,,,,Osmanpur Union Total,21,44,484,502,746,761,179,165,606,580,97,49
50,63,57,012,,1,*Ajail,4,1,51,48,48,71,17,18,47,42,4,0
50,63,57,037,,1,*Arazi Osmanpur,0,0,0,1,1,0,0,0,1,0,0,0
50,63,57,264,,1,*Dabinagar,5,5,46,55,77,89,30,25,71,41,15,8
50,63,57,314,,1,*Ganeshpur,2,4,33,20,43,39,1,4,33,31,3,4
50,63,57,377,,1,*Hizlabat,3,1,24,24,45,37,9,10,34,45,6,5
50,63,57,541,,1,*Khanpur,0,1,25,31,52,44,13,18,25,32,6,1
50,63,57,591,,1,*Kumarbhog,2,21,97,105,163,179,26,28,137,142,25,8
50,63,57,591,01,1,Kumarbhog Khal Para,1,18,64,57,106,118,13,20,91,91,18,6
50,63,57,591,02,1,Kumarbhog,1,3,33,48,57,61,13,8,46,51,7,2
50,63,57,743,,1,*Osmanpur,3,1,110,107,173,146,45,34,128,130,19,13
50,63,57,843,,1,*Ramanathpur,2,7,39,42,46,52,13,11,43,43,4,1
50,63,57,869,,1,*Roypur,0,2,48,59,82,86,17,12,68,57,13,8
50,63,57,957,,1,*Sreepur,0,1,11,10,16,18,8,5,19,17,2,1
50,63,71,,,,Samaspur Union Total,23,18,478,456,629,611,180,162,480,468,89,57
50,63,71,,,1,Samaspur Union,17,14,308,304,440,431,118,101,305,295,55,42
50,63,71,,,3,Samaspur Union,6,4,170,152,189,180,62,61,175,173,34,15
50,63,71,176,,3,*Buzruk Mirzapur (Part),2,2,57,59,70,61,21,17,68,60,5,4
50,63,71,188,,1,*Chak Haripur,3,2,47,47,89,66,16,22,58,54,8,9
50,63,71,277,,1,*Dhusandu,3,1,70,71,77,71,37,27,56,55,13,13
50,63,71,503,,3,*Kadirpur (Part),0,0,24,14,23,14,8,8,15,27,3,0
50,63,71,730,,1,*Nischintabari,1,1,62,54,74,72,27,21,48,51,8,2
50,63,71,755,,1,*Padmabila,0,0,44,36,60,54,14,7,36,36,10,4
50,63,71,768,,1,*Padmajani,3,4,7,9,14,26,0,0,9,9,3,0
50,63,71,881,,3,*Shomaspur(Part),4,2,89,79,96,105,33,36,92,86,26,11
50,63,71,894,,1,*Santoshpur,7,6,34,28,61,61,4,2,56,32,10,7
50,63,71,906,,1,*Satpakhia (Part),0,0,44,59,65,81,20,22,42,58,3,7
50,63,77,,,,Shimulia Union Total,15,10,560,515,788,766,256,189,592,519,123,66
50,63,77,100,,1,*Basoa,2,0,69,75,126,105,33,32,68,72,37,12
50,63,77,163,,1,*Biljani,0,0,27,26,24,24,27,14,33,20,6,3
50,63,77,224,,1,*Dakhin Raghunathpur,0,0,2,3,3,1,1,0,0,3,1,0
50,63,77,403,,1,*Islampur,0,0,8,8,4,5,3,1,5,4,1,0
50,63,77,617,,1,*Maligram(Part),0,0,45,46,62,51,12,11,43,45,5,2
50,63,77,642,,1,*Manikati,1,4,52,42,61,79,19,15,66,49,8,4
50,63,77,780,,1,*Paik Para Mirzapur,1,0,109,98,142,146,27,22,82,77,25,8
50,63,77,793,,1,*Pathaldaur,0,0,6,9,5,13,5,4,9,9,2,0
50,63,77,919,,1,*Shimulia,9,6,168,148,262,239,104,70,191,177,28,23
50,63,77,919,01,1,Shimulia,5,6,127,116,202,190,85,49,152,142,22,20
50,63,77,919,02,1,Dangi Para,3,0,29,21,35,33,6,9,17,21,3,3
50,63,77,919,03,1,Kalisankarpur,1,0,12,11,25,16,13,12,22,14,3,0
50,63,77,932,,1,*Singuria,2,0,74,60,99,103,25,20,95,63,10,14
50,71,,,,,Kumarkhali Upazila Total,795,794,10757,10068,15201,15195,5163,4477,11883,12223,2655,1376
50,71,,,,1,Kumarkhali Upazila,738,728,10190,9554,14248,14235,4921,4230,11166,11525,2519,1286
50,71,,,,2,Kumarkhali Upazila,57,66,567,514,953,960,242,247,717,698,136,90
50,71,,,,,Kumarkhali Paurashava,57,66,567,514,953,960,242,247,717,698,136,90
50,71,01,,,,Ward No-01 Total,10,8,57,44,80,114,22,23,82,90,8,7
50,71,01,185,,2,*Buzrukdurgapur(Part),8,8,40,30,55,83,13,10,58,59,6,5
50,71,01,720,,2,*Udoy Bishnupur,2,0,17,14,25,31,9,13,24,31,2,2
50,71,02,,,,Ward No-02 Total,5,1,44,36,98,87,34,31,60,68,9,3
50,71,02,273,,2,*Buzruk Durgapur (Part) Dakshin,5,0,8,11,24,20,2,3,11,18,2,1
50,71,02,298,,2,*Elangi Para (Part) Purba,0,1,36,25,74,67,32,28,49,50,7,2
50,71,03,,,,Ward No-03 Total,3,3,60,50,86,61,24,23,61,57,12,8
50,71,03,298,,2,*Elangi Para (Part) Paschim,3,3,60,50,86,61,24,23,61,57,12,8
50,71,04,,,,Ward No-04 Total,7,10,28,43,80,75,7,10,58,46,3,5
50,71,04,383,,2,*Kumarkhali (Kundu Para),6,10,18,31,60,52,2,3,40,33,3,3
50,71,04,696,,2,*Sherkandi (Part) Paschim,1,0,10,12,20,23,5,7,18,13,0,2
50,71,05,,,,Ward No-05 Total,4,5,75,58,87,101,27,22,69,63,13,14
50,71,05,696,,2,*Sherkandi (Part) Paschim,4,5,75,58,87,101,27,22,69,63,13,14
50,71,06,,,,Ward No-06 Total,2,2,77,76,112,114,51,50,100,86,21,18
50,71,06,120,,2,*Batikamara (Part) Paschim,1,0,28,21,46,48,18,13,35,30,4,7
50,71,06,696,,2,*Sherkandi (Part) Purba,1,2,49,55,66,66,33,37,65,56,17,11
50,71,07,,,,Ward No-07 Total,7,6,89,75,133,148,28,37,114,93,18,12
50,71,07,690,,2,*Batikmara (Mathpara),1,4,57,47,93,85,12,26,74,58,12,9
50,71,07,796,,2,*Tebaria (Part) Uttar,6,2,32,28,40,63,16,11,40,35,6,3
50,71,08,,,,Ward No-08 Total,10,16,76,64,144,137,23,22,85,103,21,12
50,71,08,580,,2,*Khayer Chara (Part) Uttar,5,5,17,12,36,37,1,5,18,26,7,4
50,71,08,796,,2,*Tebaria (Part) Dakshin,5,11,59,52,108,100,22,17,67,77,14,8
50,71,09,,,,Ward No-09 Total,9,15,61,68,133,123,26,29,88,92,31,11
50,71,09,068,,2,*Agrakunda(Part),7,6,22,18,77,53,3,9,29,36,11,5
50,71,09,580,,2,*Khayer Chara (Part) Dakshin,2,8,31,35,40,51,17,15,41,41,14,5
50,71,09,796,,2,*Tebaria (Part) Dakshin,0,1,8,15,16,19,6,5,18,15,6,1
50,71,16,,,,Bagulat Union Total,37,45,824,735,1165,1089,296,299,893,920,138,79
50,71,16,005,,1,*Adabaria,0,0,38,57,78,80,8,11,44,35,7,6
50,71,16,038,,1,*Bagulat,3,2,61,56,79,85,27,23,56,69,14,6
50,71,16,087,,1,*Baniakhari,6,8,32,16,50,52,7,9,37,44,7,3
50,71,16,109,,1,*Banshgram,5,13,124,99,163,174,52,47,159,139,20,7
50,71,16,169,,1,*Bharua Para,5,4,70,49,114,113,17,8,72,96,13,6
50,71,16,256,,1,*Dakshin Manoharpur,3,4,70,60,79,74,21,28,94,90,7,11
50,71,16,278,,1,*Damdama,2,2,43,24,46,47,7,8,42,36,6,2
50,71,16,333,,1,*Dudkumra,0,0,45,37,60,43,37,33,42,48,11,15
50,71,16,338,,1,*Durgapur,2,1,9,12,13,4,7,10,8,9,1,1
50,71,16,519,,1,*Kalikatla,0,1,29,19,41,38,3,6,26,21,6,5
50,71,16,645,,1,*Madhupur,3,3,43,30,51,57,20,19,35,40,8,1
50,71,16,732,,1,*Naturia,0,2,58,58,82,73,20,34,63,66,13,4
50,71,16,748,,1,*Nitail Para,1,0,29,33,39,32,7,9,37,37,3,2
50,71,16,852,,1,*Salghar Madua,7,3,94,103,142,109,38,35,103,115,11,7
50,71,16,874,,1,*Sekh Para,0,1,49,54,90,75,15,11,52,51,6,2
50,71,16,967,,1,*Uday Naturia,0,1,30,28,38,33,10,8,23,24,5,1
50,71,17,,,,Chandpur Union Total,32,29,952,917,1093,1160,535,453,1050,999,168,96
50,71,17,120,,1,*Baraichara,0,0,59,48,51,52,48,35,30,46,19,8
50,71,17,251,,1,*Dakshin Chandpur,2,4,91,77,102,108,43,32,95,88,12,8
50,71,17,311,,1,*Dhalnagar Pratappur,2,3,151,140,152,175,100,84,174,134,37,25
50,71,17,311,01,1,Dhalnagar,1,2,94,86,92,118,51,40,115,80,21,15
50,71,17,311,02,1,Pratappur,1,1,57,54,60,57,49,44,59,54,16,10
50,71,17,382,,1,*Garerbari Kanchanpur,1,0,41,49,59,51,16,13,44,61,6,4
50,71,17,399,,1,*Gobra,7,4,130,125,154,143,73,69,142,112,18,10
50,71,17,399,01,1,Gobra,7,4,97,99,130,111,52,50,113,89,12,7
50,71,17,399,02,1,Anandanagar,0,0,33,26,24,32,21,19,29,23,6,3
50,71,17,464,,1,*Joydebpur Sreepur,1,1,34,31,51,43,6,10,39,50,5,4
50,71,17,464,01,1,Joydebpur,0,0,11,6,9,7,1,2,2,7,0,1
50,71,17,464,02,1,Sreepur,1,1,23,25,42,36,5,8,37,43,5,3
50,71,17,492,,1,*Jangali,4,5,56,59,79,67,54,33,61,81,15,5
50,71,17,628,,1,*Kusalibasa,2,2,132,126,130,142,86,75,152,131,23,9
50,71,17,683,,1,*Mirpur,0,1,64,72,96,105,37,26,90,85,12,6
50,71,17,694,,1,*Mohan Nagar,0,2,71,82,79,104,29,39,80,91,10,8
50,71,17,710,,1,*Nabdia,2,3,16,11,19,25,6,3,19,17,3,0
50,71,17,743,,1,*Niamatbaria,1,3,79,74,89,101,27,25,79,67,6,5
50,71,17,820,,1,*Ramchandrapur,10,1,28,23,32,44,10,9,45,36,2,4
50,71,25,,,,Chapra Union Total,100,96,1066,1043,1397,1409,495,497,1192,1239,304,178
50,71,25,049,,1,*Bahala Gobindapur,5,5,40,29,28,33,19,21,26,25,13,10
50,71,25,164,,1,*Bharara,9,8,60,64,78,77,31,44,50,48,18,8
50,71,25,202,,1,*Chapra,7,11,87,71,79,84,32,33,84,77,23,14
50,71,25,202,01,1,Chapra,7,11,56,49,57,62,24,15,65,50,9,6
50,71,25,202,02,1,Char Chapra,0,0,31,22,22,22,8,18,19,27,14,8
50,71,25,222,,1,*Chewria,18,14,198,191,210,221,133,143,190,222,80,46
50,71,25,317,,1,*Dharma Para,2,1,45,44,50,42,33,21,44,35,6,5
50,71,25,322,,1,*Dheki Para,0,0,14,13,10,4,9,5,7,9,4,2
50,71,25,497,,1,*Joynabad,6,10,151,124,191,186,53,60,153,178,57,27
50,71,25,513,,1,*Kaburat,2,0,10,16,13,15,9,11,10,12,1,5
50,71,25,538,,1,*Kanchanpur,7,2,18,34,37,38,10,8,32,36,5,3
50,71,25,650,,1,*Madulia,0,0,6,3,4,4,4,3,6,6,1,0
50,71,25,721,,1,*Nagar Saota,10,8,35,37,61,79,10,8,65,71,7,9
50,71,25,765,,1,*Paharpur,5,5,27,35,65,64,11,5,61,44,4,1
50,71,25,770,,1,*Paik Para Ichakhali,2,2,52,38,61,60,19,21,57,48,8,7
50,71,25,770,01,1,Paik Para Ichakhali,0,1,21,19,33,33,12,12,28,22,2,2
50,71,25,770,02,1,Ichakhali,2,1,31,19,28,27,7,9,29,26,6,5
50,71,25,809,,1,*Lahini Para,7,5,69,64,128,115,23,32,107,123,24,11
50,71,25,809,01,1,Lahini Para,3,2,33,37,90,74,14,21,88,91,9,7
50,71,25,809,02,1,Ghoaidandi,4,3,36,27,38,41,9,11,19,32,15,4
50,71,25,869,,1,*Saota,10,13,146,161,224,220,67,67,188,180,39,23
50,71,25,869,01,1,Saota,3,8,112,115,146,150,44,48,124,133,27,17
50,71,25,869,02,1,Par Saota,7,5,34,46,78,70,23,19,64,47,12,6
50,71,25,896,,1,*Singdaha,2,6,20,19,29,27,9,2,15,22,1,1
50,71,25,934,,1,*Shyampur,0,0,14,16,17,15,0,1,14,18,1,1
50,71,25,963,,1,*Sanpukuria,8,1,32,41,50,56,11,8,42,37,4,2
50,71,25,989,,1,*Uttar Mirpur,0,5,42,43,62,69,12,4,41,48,8,3
50,71,34,,,,Jadu Boyra Union Total,98,85,854,738,1254,1197,352,314,939,879,205,121
50,71,34,054,,1,*Bahalbaria,10,8,72,61,122,91,28,31,69,73,10,13
50,71,34,071,,1,*Ballabhpur,5,2,35,49,73,73,30,23,70,61,5,5
50,71,34,098,,1,*Bankidaha Gobindapur,20,12,75,73,148,143,23,18,88,87,12,4
50,71,34,098,01,1,Gabindapur,3,3,43,39,85,80,11,9,48,47,6,4
50,71,34,098,02,1,Paranpur,17,9,32,34,63,63,12,9,40,40,6,0
50,71,34,125,,1,*Baraichara,1,0,20,27,35,37,6,10,31,35,7,1
50,71,34,174,,1,*Bilkati,2,0,43,45,63,63,14,5,54,54,4,0
50,71,34,224,,1,*Chhatian Lakshmipur,4,3,47,44,58,60,18,21,62,65,7,7
50,71,34,224,01,1,D.Lakshmipur,3,3,27,30,35,36,15,17,38,48,5,7
50,71,34,224,02,1,N.Chhatian,1,0,20,14,23,24,3,4,24,17,2,0
50,71,34,240,,1,*Dahakhola,0,4,17,8,27,24,0,0,14,16,1,1
50,71,34,246,,1,*Dakshin Bhabanipur,14,15,73,48,104,121,15,6,44,54,18,4
50,71,34,366,,1,*Enayetpur,7,6,32,30,57,53,8,13,28,12,12,4
50,71,34,371,,1,*Etmampur,0,0,13,10,21,20,6,1,14,9,7,1
50,71,34,420,,1,*Hansdia,0,1,34,28,38,46,14,13,47,28,12,3
50,71,34,470,,1,*Jadu Boyra,6,12,179,149,239,236,63,75,187,165,57,50
50,71,34,502,,1,*Jadu Boyra Arazi (Bermanik),7,0,14,11,28,20,11,5,15,17,3,1
50,71,34,508,,1,*Jotmura,5,6,91,60,108,92,45,42,96,96,22,6
50,71,34,568,,1,*Keshabpur,9,8,35,33,64,62,9,6,38,44,13,5
50,71,34,830,,1,*Rasulpur,6,3,27,26,15,8,28,21,24,18,3,6
50,71,34,978,,1,*Uttar Chandpur,2,5,47,36,54,48,34,24,58,45,12,10
50,71,43,,,,Jagannathpur Union Total,23,25,817,794,1059,1051,437,325,847,866,185,100
50,71,43,032,,1,*Bagchhi Satpakia,0,0,42,40,36,50,44,32,40,32,16,8
50,71,43,060,,1,*Bakhai Mohabbatpur,0,1,26,29,40,29,16,19,33,29,9,8
50,71,43,158,,1,*Betbaria,2,2,16,36,50,36,7,2,23,42,3,5
50,71,43,196,,1,*Chapaigachhi,0,0,18,19,20,24,10,15,20,30,2,2
50,71,43,309,,1,*Char Bhabanipur,8,8,147,134,243,225,46,44,185,169,34,20
50,71,43,309,01,1,Char Bhabanipur,3,4,45,41,63,42,10,7,34,46,17,8
50,71,43,309,02,1,Daya Rampur,5,4,102,93,180,183,36,37,151,123,17,12
50,71,43,349,,1,*Edrakpur,0,0,15,12,25,23,3,14,18,19,2,2
50,71,43,426,,1,*Hariagachhi,0,0,9,8,6,5,16,4,5,6,3,7
50,71,43,431,,1,*Hasimpur,2,3,77,71,119,106,34,19,89,97,18,11
50,71,43,442,,1,*Hogla,3,4,113,127,148,175,52,43,137,135,25,9
50,71,43,459,,1,*Islampur,0,1,3,8,10,6,8,2,5,12,4,2
50,71,43,475,,1,*Jagannathpur,3,3,146,154,168,162,117,64,135,128,45,15
50,71,43,475,01,1,Jagannathpur,3,3,84,76,90,94,53,31,55,61,34,9
50,71,43,475,02,1,Jatpara,0,0,62,78,78,68,64,33,80,67,11,6
50,71,43,658,,1,*Mahendrapur,5,3,205,156,194,210,84,67,157,167,24,11
50,71,43,658,01,1,Mahendrapur,5,3,144,116,149,156,60,47,131,150,9,7
50,71,43,658,02,1,Char Mahendrapur,0,0,61,40,45,54,24,20,26,17,15,4
50,71,51,,,,Kaya Union Total,125,132,1002,922,1741,1704,471,388,1122,1255,371,130
50,71,51,092,,1,*Bania Para,27,17,179,147,276,277,131,108,163,212,66,29
50,71,51,114,,1,*Baradi,12,26,110,98,230,233,37,31,139,143,42,23
50,71,51,229,,1,*Chhota Lakshmikul,0,0,9,10,27,14,5,0,15,8,3,0
50,71,51,388,,1,*Gatia,13,15,55,83,130,104,17,24,76,89,32,11
50,71,51,393,,1,*Ghorai,2,2,50,42,67,63,31,17,45,55,23,6
50,71,51,524,,1,*Kaloa,10,10,138,123,197,207,57,60,145,140,30,11
50,71,51,524,01,1,Kaloa,4,4,73,61,101,106,33,34,92,82,10,9
50,71,51,524,02,1,Bear Kaloa,6,6,65,62,96,101,24,26,53,58,20,2
50,71,51,563,,1,*Kaya,10,17,101,92,163,173,48,39,150,120,36,23
50,71,51,579,,1,*Khalisadaha,13,11,39,54,96,83,18,14,91,65,30,6
50,71,51,759,,1,*Paschim Kaya,2,3,11,6,27,20,7,0,9,21,2,1
50,71,51,803,,1,*Radhagram,0,0,54,45,64,66,9,10,50,69,12,4
50,71,51,836,,1,*Roydanga,3,3,77,79,149,143,30,31,63,97,36,1
50,71,51,918,,1,*Sreekul (Part),0,0,14,10,25,10,17,8,12,11,10,0
50,71,51,923,,1,*Sultanpur,18,11,92,66,152,167,16,17,76,122,27,9
50,71,51,984,,1,*Uttar Kaya,15,17,73,67,138,144,48,29,88,103,22,6
50,71,69,,,,Nandalalpur Union Total,63,74,1031,1042,1555,1532,502,408,1265,1304,211,133
50,71,69,103,,1,*Bansara,0,0,31,29,32,33,27,17,48,37,2,5
50,71,69,136,,1,*Baruria,11,8,48,44,79,72,13,13,65,66,10,6
50,71,69,147,,1,*Buzruk Bakhai,1,4,27,22,46,49,5,13,49,49,2,2
50,71,69,185,,1,*Buzruk Durgapur,5,3,53,68,87,80,26,33,64,60,8,9
50,71,69,191,,1,*Chak Raghua,4,7,74,83,118,116,42,24,82,106,14,8
50,71,69,218,,1,*Charikul,10,4,193,178,267,238,72,60,215,222,37,25
50,71,69,218,01,1,Charikul,8,1,102,98,168,140,43,37,134,122,25,19
50,71,69,218,02,1,Puratan Charikul,2,3,91,80,99,98,29,23,81,100,12,6
50,71,69,298,,1,*Elangi(Part),5,4,102,112,163,154,49,43,113,133,30,17
50,71,69,300,,1,*Dari Kumarpur,0,4,41,33,56,35,29,11,38,38,10,1
50,71,69,360,,1,*Elangi Acharjya,8,3,36,40,50,45,10,4,37,48,6,6
50,71,69,410,,1,*Habaspur,0,0,22,31,45,40,32,22,33,39,11,8
50,71,69,453,,1,*Hudananda Lalpur,3,4,66,62,105,100,44,25,91,101,14,10
50,71,69,557,,1,*Kashimpur,3,5,27,20,49,56,5,6,46,34,2,1
50,71,69,699,,1,*Manoharpur,5,4,38,39,66,88,9,7,58,47,12,6
50,71,69,798,,1,*Putia,2,2,61,54,64,78,39,39,68,62,18,9
50,71,69,847,,1,*Sadarpur,3,13,39,47,66,67,17,8,55,56,4,3
50,71,69,891,,1,*Shibrampur,0,0,24,17,36,35,5,3,29,33,1,1
50,71,69,907,,1,*Sondaha,3,7,75,89,128,136,44,53,100,102,23,9
50,71,69,932,,1,*Sunpukuria,0,2,11,15,27,17,8,7,14,14,3,1
50,71,69,973,,1,*Uttar Bhabanipur,0,0,63,59,71,93,26,20,60,57,4,6
50,71,77,,,,Panti Union Total,82,87,996,990,1439,1445,418,355,1191,1178,191,122
50,71,77,027,,1,*Baghbaria,7,3,52,47,83,90,23,21,65,64,8,13
50,71,77,162,,1,*Bhaluka,6,13,117,121,222,198,55,39,187,158,27,10
50,71,77,180,,1,*Biri Kaya,2,6,23,33,44,49,9,4,27,37,1,2
50,71,77,262,,1,*Dakshin Mulgram,4,5,70,63,77,85,9,18,67,73,5,3
50,71,77,273,,1,*Dakshin Ramnagar,1,1,39,50,62,52,30,28,33,50,7,4
50,71,77,284,,1,*Dansa,11,7,49,45,71,61,10,12,71,79,7,5
50,71,77,306,,1,*Dasbasi,0,1,34,37,36,43,9,9,37,31,8,2
50,71,77,486,,1,*Janbasi,0,0,15,9,23,12,4,4,13,15,3,0
50,71,77,574,,1,*Khagorabaria,3,0,29,34,39,43,5,5,27,28,6,1
50,71,77,595,,1,*Khurda Bhaluka,13,18,44,26,65,73,7,9,55,60,4,3
50,71,77,617,,1,*Krishnapur,4,3,46,79,67,62,29,24,61,61,12,13
50,71,77,716,,1,*Nagar Kaya,6,1,32,35,56,61,15,10,49,50,3,5
50,71,77,776,,1,*Panti,10,7,252,246,342,345,128,127,305,274,65,42
50,71,77,792,,1,*Pitambarbasi,1,3,63,43,68,73,17,10,55,61,10,3
50,71,77,814,,1,*Raj Narayanpur,11,7,40,39,47,60,23,16,51,51,7,3
50,71,77,825,,1,*Ramdia,0,0,28,32,39,29,16,12,31,23,7,3
50,71,77,858,,1,*Sandiara,1,3,14,14,37,43,15,4,14,16,2,4
50,71,77,956,,1,*Tushar Maliat,0,0,7,7,7,11,3,0,5,6,3,4
50,71,77,995,,1,*Wasi,2,9,42,30,54,55,11,3,38,41,6,2
50,71,86,,,,Sadaki Union Total,36,40,809,735,1013,1109,440,458,940,896,201,120
50,71,86,010,,1,*Agrakunda,0,0,8,10,20,18,8,8,11,18,4,2
50,71,86,010,01,1,Agrakunda,0,0,3,1,1,9,0,1,2,2,2,1
50,71,86,010,02,1,Char Agrakunda,0,0,5,9,19,9,8,7,9,16,2,1
50,71,86,082,,1,*Baniakandi,0,0,16,14,25,25,4,7,16,26,2,1
50,71,86,142,,1,*Batikamara,6,4,93,103,130,146,57,62,156,124,29,20
50,71,86,267,,1,*Dakshin Ramkrishnapur,1,1,15,21,34,52,4,10,35,30,6,3
50,71,86,289,,1,*Darbeshpur,4,7,37,21,63,62,4,8,45,39,1,4
50,71,86,295,,1,*Dari Batikamara,1,0,12,7,13,28,7,7,17,12,1,2
50,71,86,404,,1,*Gopalpur,1,2,52,29,65,57,14,23,58,44,6,7
50,71,86,437,,1,*Hizlakar,2,5,47,49,66,86,32,22,75,63,15,6
50,71,86,448,,1,*Huda,0,1,29,40,45,44,19,17,47,41,14,9
50,71,86,546,,1,*Karatkandi,1,1,6,7,6,10,7,2,11,7,4,0
50,71,86,584,,1,*Khayerchara,0,2,35,37,37,62,33,35,44,48,3,4
50,71,86,587,,1,*Khorda Tarapur,1,1,54,30,52,40,20,25,45,47,18,11
50,71,86,587,01,1,Kalkutia,1,1,27,17,32,29,9,10,27,31,8,7
50,71,86,587,02,1,Kanthaldangi,0,0,27,13,20,11,11,15,18,16,10,4
50,71,86,661,,1,*Mahishakhola,6,0,65,50,61,56,21,33,37,43,11,4
50,71,86,672,,1,*Maliat,1,0,80,91,83,99,59,62,76,93,23,9
50,71,86,672,01,1,Maliat,0,0,46,66,52,66,47,44,58,58,17,5
50,71,86,672,02,1,Dari Maliat,1,0,13,12,12,9,6,10,9,9,3,3
50,71,86,672,03,1,Santoshpur,0,0,21,13,19,24,6,8,9,26,3,1
50,71,86,677,,1,*Mat Maliat,0,5,29,20,29,41,19,8,20,16,7,0
50,71,86,727,,1,*Nandigram,0,0,14,19,32,26,13,8,21,29,0,2
50,71,86,787,,1,*Patharbaria,3,2,34,23,49,47,11,9,37,28,3,4
50,71,86,841,,1,*Sadaki Mohammadpur,6,7,133,101,117,116,76,75,101,104,36,19
50,71,86,841,01,1,Sadaki,0,1,42,39,31,29,31,35,25,31,17,6
50,71,86,841,02,1,Char Para,1,0,15,15,14,9,6,21,11,10,4,2
50,71,86,841,03,1,Dighir Para,5,4,40,28,34,42,26,9,32,27,8,5
50,71,86,841,04,1,Mamudpur,0,2,36,19,38,36,13,10,33,36,7,6
50,71,86,929,,1,*Sultanpur,1,2,23,22,38,41,18,16,35,37,11,6
50,71,86,945,,1,*Tarapur,2,0,14,22,23,26,11,16,37,29,4,4
50,71,86,994,,1,*Uttar Mulgram,0,0,13,19,25,27,3,5,16,18,3,3
50,71,90,,,,Sadipur Union Total,62,48,781,710,967,1049,558,411,663,820,313,115
50,71,90,024,,1,*Aruyabanda,6,0,47,45,72,71,23,16,38,65,21,7
50,71,90,034,,1,*Bagunda Bathan,2,4,62,59,67,74,31,29,45,32,25,5
50,71,90,161,,1,*Bhairab Para,0,3,46,32,26,45,53,42,12,25,18,18
50,71,90,202,,1,*Chandpur,0,0,45,48,27,45,51,51,39,59,27,6
50,71,90,330,,1,*Diara Bagunda,0,1,5,5,6,3,2,8,2,2,3,0
50,71,90,396,,1,*Gobindapur,9,6,102,93,109,128,90,52,71,101,49,27
50,71,90,407,,1,*Ghospur,20,24,283,278,422,443,188,133,279,309,102,24
50,71,90,845,,1,*Charsadipur,22,8,176,139,215,217,79,59,167,211,52,18
50,71,90,918,,1,*Sreekol (Part),3,2,15,11,23,23,41,21,10,16,16,10
50,71,94,,,,Shelaidaha Union Total,80,67,1058,928,1565,1490,417,322,1064,1169,232,92
50,71,94,021,,1,*Arpara,2,2,23,22,52,37,12,6,28,39,3,1
50,71,94,153,,1,*Belgachhi,14,14,50,45,93,96,17,12,71,102,8,8
50,71,94,235,,1,*Chhota Majhgram,1,0,51,29,46,46,14,6,36,24,6,1
50,71,94,344,,1,*Dwarigram,5,4,15,29,68,53,9,4,53,52,6,0
50,71,94,377,,1,*Gabrakhali,1,0,19,17,26,26,6,2,8,22,10,0
50,71,94,481,,1,*Jahedpur,9,8,137,87,189,192,56,41,96,100,44,10
50,71,94,511,,1,*Jorarpur,0,1,29,27,33,35,7,1,32,22,9,3
50,71,94,530,,1,*Kalyanpur,1,2,124,124,191,167,33,24,126,154,13,11
50,71,94,533,,1,*Kamarkandi,1,0,76,93,103,130,33,30,77,86,20,7
50,71,94,541,,1,*Kandabari,4,3,82,63,76,64,40,38,63,92,16,4
50,71,94,552,,1,*Kasba,14,10,126,109,196,191,46,29,103,132,37,7
50,71,94,590,,1,*Khurda Banagram,3,3,44,52,95,91,14,16,52,54,8,2
50,71,94,601,,1,*Khurshedpur,0,1,28,22,34,37,7,15,26,31,1,1
50,71,94,639,,1,*Lala Darigram,0,3,22,11,35,27,9,2,11,21,6,2
50,71,94,642,,1,*Nauthi,0,1,45,44,68,54,19,17,67,44,4,4
50,71,94,666,,1,*Majhgram,16,8,139,107,172,167,64,45,127,136,27,17
50,71,94,688,,1,*Mirzapur,9,7,48,47,88,77,31,34,88,58,14,14
50,79,,,,,Kushtia Sadar Upazila Total,1855,1777,13255,12654,21779,21147,5753,5266,16786,16944,3971,1939
50,79,,,,1,Kushtia Sadar Upazila,1201,1135,11349,10719,17624,17229,4981,4446,13333,13688,3296,1412
50,79,,,,2,Kushtia Sadar Upazila,615,599,1791,1816,3955,3689,713,756,3294,3106,607,496
50,79,,,,3,Kushtia Sadar Upazila,39,43,115,119,200,229,59,64,159,150,68,31
50,79,,,,,Kushtia Paurashava,615,599,1791,1816,3955,3689,713,756,3294,3106,607,496
50,79,01,,,,Ward No-01 Total,58,56,97,111,440,294,34,39,370,228,23,36
50,79,01,422,,2,*Court Para(Part),4,1,7,4,79,11,3,4,33,10,2,4
50,79,01,693,,2,*Harkrinapur(Part),27,22,61,72,229,157,22,24,229,137,3,13
50,79,01,934,,2,*Thana Para (Part),27,33,29,35,132,126,9,11,108,81,18,19
50,79,02,,,,Ward No-02 Total,67,65,178,165,335,342,87,71,237,301,66,46
50,79,02,934,,2,*Thana Para (Part),67,65,178,165,335,342,87,71,237,301,66,46
50,79,03,,,,Ward No-03 Total,45,38,221,196,360,372,92,84,345,287,72,59
50,79,03,084,,2,*Amla Para,24,20,166,152,233,264,55,57,257,199,33,33
50,79,03,723,,2,*Kuti Para,21,18,55,44,127,108,37,27,88,88,39,26
50,79,04,,,,Ward No-04 Total,56,39,97,127,289,255,56,61,307,281,30,66
50,79,04,422,,2,*Court Para North,44,32,85,106,235,206,44,47,258,235,29,54
50,79,04,480,,2,*Eidgha Para,12,7,12,21,54,49,12,14,49,46,1,12
50,79,05,,,,Ward No-05 Total,85,89,238,282,445,531,113,150,454,392,61,76
50,79,05,361,,2,*Chourhass,33,61,118,136,214,282,69,83,181,205,38,34
50,79,05,412,,2,*Court Para Madhay,5,3,3,5,12,11,2,2,13,4,5,2
50,79,05,422,,2,*Court Para South,29,17,59,68,114,127,19,32,131,90,9,23
50,79,05,650,,2,*Piaratala,14,7,44,59,89,92,18,29,95,68,7,12
50,79,05,663,,2,*Kalisankarpur (Part),0,0,12,12,10,13,5,4,17,12,2,2
50,79,05,670,,2,*Purba Mazampur(Part),4,1,2,2,6,6,0,0,17,13,0,3
50,79,06,,,,Ward No-06 Total,56,46,120,150,326,270,43,69,279,237,43,32
50,79,06,480,,2,*Housing Estate (Block-D),10,6,10,14,45,30,6,5,46,32,3,2
50,79,06,562,,2,*Housing Estate (Block-A),17,18,33,56,104,99,10,31,72,72,19,9
50,79,06,572,,2,*Housing Estate (Block-B),18,12,36,31,81,64,10,14,79,61,6,8
50,79,06,603,,2,*Housing Estate (Block-C),11,10,41,49,96,77,17,19,82,72,15,13
50,79,07,,,,Ward No-07 Total,40,33,163,143,291,249,34,38,236,245,23,11
50,79,07,663,,2,*Kali Shankarpur,40,33,163,143,291,249,34,38,236,245,23,11
50,79,08,,,,Ward No-08 Total,39,40,79,92,245,245,30,30,201,219,31,27
50,79,08,520,,2,*Paschim Arua Para,39,40,79,92,245,245,30,30,201,219,31,27
50,79,09,,,,Ward No-09 Total,61,71,93,85,287,248,16,22,213,193,26,22
50,79,09,428,,2,*Housing Estate Block-D(Part),8,5,6,3,20,13,0,1,26,11,1,3
50,79,09,450,,2,*Kali Shankarpur D.Mill Para,8,13,20,16,63,54,2,5,41,34,9,6
50,79,09,544,,2,*Paschim Mill Para(Part),3,5,6,3,27,25,3,0,13,15,1,5
50,79,09,660,,2,*Madhay Purba Arua Para,42,48,61,63,177,156,11,16,133,133,15,8
50,79,10,,,,Ward No-10 Total,40,58,269,238,432,399,129,113,258,309,152,78
50,79,10,084,,2,*Amla Para,13,14,37,34,83,59,7,8,45,64,10,4
50,79,10,541,,2,*Bara Bazar (Bahadurkhali),15,27,106,93,124,167,78,50,79,111,70,40
50,79,10,544,,2,*Paschim Mill Para,8,11,32,37,113,79,6,12,71,67,9,13
50,79,10,883,,2,*Purba Mill Para,4,6,76,61,103,84,25,34,55,59,54,17
50,79,10,889,,2,*Railway Colony,0,0,18,13,9,10,13,9,8,8,9,4
50,79,11,,,,Ward No-11 Total,31,23,96,95,192,145,30,41,137,148,13,19
50,79,11,488,,2,*Millpara(Part),13,13,40,38,86,60,13,22,65,58,3,10
50,79,11,512,,2,*Harisankar Pur(Part),3,0,9,13,21,13,3,1,19,19,2,5
50,79,11,590,,2,*Purba Arua Para,6,1,2,11,9,14,1,3,5,9,2,1
50,79,11,814,,2,*Uttar Rahini North,9,9,45,33,76,58,13,15,48,62,6,3
50,79,12,,,,Ward No-12 Total,37,41,140,132,313,339,49,38,257,266,67,24
50,79,12,450,,2,*Kalisankarpur And Mill Para,10,6,23,20,40,60,11,11,42,48,10,4
50,79,12,512,,2,*Hari Shankarpur,21,22,85,87,202,222,30,17,152,154,41,17
50,79,12,814,,2,*Uttar Rahini (North),6,13,32,25,71,57,8,10,63,64,16,3
50,79,16,,,,Abdulpur Union Total,73,49,869,823,1186,1238,394,370,953,960,177,87
50,79,16,170,,1,*Bishnudia,6,1,77,84,135,123,30,17,96,87,12,5
50,79,16,289,,1,*Deri Para,1,2,78,80,128,140,35,43,93,109,13,6
50,79,16,289,01,1,Deri Para,1,0,50,57,80,88,18,19,61,74,6,4
50,79,16,289,02,1,Char Para,0,2,28,23,48,52,17,24,32,35,7,2
50,79,16,365,,1,*Gopalpur,0,3,45,37,45,48,19,14,35,43,7,2
50,79,16,620,,1,*Lakshmipur,24,12,182,181,239,267,91,69,179,197,45,27
50,79,16,620,01,1,Lakshmipur,21,12,127,129,174,193,76,57,136,154,43,26
50,79,16,620,02,1,Madhupur,3,0,55,52,65,74,15,12,43,43,2,1
50,79,16,816,,1,*Pantha Para,10,4,44,23,54,65,6,10,54,43,2,2
50,79,16,824,,1,*Paschim Abdulpur,18,18,234,208,295,294,103,116,253,256,53,26
50,79,16,833,,1,*Piarpur,9,3,117,112,156,150,62,62,139,127,27,10
50,79,16,833,01,1,Rajapur,0,0,37,34,42,29,33,26,42,31,11,3
50,79,16,833,02,1,Piarpur,9,3,80,78,114,121,29,36,97,96,16,7
50,79,16,884,,1,*Sahapur,1,0,24,25,62,58,9,5,42,41,7,1
50,79,16,952,,1,*Sugribpur,4,6,68,73,72,93,39,34,62,57,11,8
50,79,17,,,,Ailchara Union Total,30,31,644,603,917,874,273,241,743,785,162,43
50,79,17,085,,1,*Bara Ailchara,17,24,467,423,618,559,208,203,540,572,127,31
50,79,17,085,01,1,Amanatpur,0,0,43,43,57,47,16,20,45,55,14,2
50,79,17,085,02,1,Bara Ailchara,5,9,235,201,325,261,111,103,336,326,53,12
50,79,17,085,03,1,Baghdanga,2,4,93,92,104,128,28,30,91,96,17,6
50,79,17,085,04,1,Ballabhpur,10,9,64,57,83,86,45,41,46,62,25,6
50,79,17,085,05,1,Santaspur,0,2,32,30,49,37,8,9,22,33,18,5
50,79,17,782,,1,*Nazirpur Khurda Ailchara,13,7,177,180,299,315,65,38,203,213,35,12
50,79,17,782,01,1,Nazirpur Khurda,5,1,38,28,63,67,11,9,41,51,17,1
50,79,17,782,02,1,Ailcharagram,6,6,106,116,164,188,43,20,117,125,13,7
50,79,17,782,03,1,Goalbari,2,0,9,9,16,11,3,3,7,13,0,2
50,79,17,782,04,1,Krishnapur,0,0,10,11,17,21,3,4,17,12,1,0
50,79,17,782,05,1,Sheoratala,0,0,14,16,39,28,5,2,21,12,4,2
50,79,18,,,,Alampur Union Total,89,89,708,680,1199,1217,350,295,945,943,216,75
50,79,18,017,,1,*Alampur,25,29,111,119,276,260,45,55,222,181,42,12
50,79,18,017,01,1,Alampur,21,26,84,94,238,216,32,45,190,144,35,9
50,79,18,017,02,1,Khairpur,3,2,16,14,16,21,8,8,14,20,5,2
50,79,18,017,03,1,Rajapur,1,1,11,11,22,23,5,2,18,17,2,1
50,79,18,204,,1,*Chapaigachhi,0,1,30,25,55,54,5,12,52,41,5,3
50,79,18,263,,1,*Dahakula,12,13,131,109,187,204,70,40,168,179,22,8
50,79,18,748,,1,*Noapara,6,1,48,47,64,65,29,21,48,67,17,5
50,79,18,943,,1,*Shimulia,28,32,284,274,431,434,142,112,336,344,89,32
50,79,18,943,01,1,Dhakulagram,10,14,124,112,206,222,56,35,147,136,34,8
50,79,18,943,02,1,Katali Para,1,0,51,43,57,50,34,26,51,60,14,2
50,79,18,943,03,1,Shwargapur,6,4,31,32,40,41,22,23,52,42,11,6
50,79,18,943,04,1,Darbeshpur,5,8,33,27,43,46,13,9,25,32,15,7
50,79,18,943,05,1,Simulia,6,6,45,60,85,75,17,19,61,74,15,9
50,79,18,969,,1,*Shwastipur,18,13,104,106,186,200,59,55,119,131,41,15
50,79,25,,,,Barakhada Union Total,190,181,1017,980,1862,1793,387,348,1626,1366,370,146
50,79,25,093,,1,*Baradi,32,28,184,180,360,351,62,63,252,273,65,27
50,79,25,119,,1,*Barakhada,40,39,318,287,511,477,124,97,404,359,107,40
50,79,25,297,,1,*Dhaka Jhala Para,22,15,64,64,109,112,19,17,93,88,13,8
50,79,25,297,01,1,Dhaka,8,9,41,45,59,68,9,8,57,50,6,8
50,79,25,297,02,1,Jhala Para,14,6,23,19,50,44,10,9,36,38,7,0
50,79,25,323,,1,*Fulbari,5,3,18,14,44,54,5,2,29,23,12,2
50,79,25,442,,1,*Harakrishnapur,12,11,23,22,90,74,6,11,215,28,2,3
50,79,25,467,,1,*Jugia,66,64,321,338,600,577,139,119,500,458,141,46
50,79,25,663,,1,*Mangalbaria,8,16,69,52,88,117,24,26,97,90,27,15
50,79,25,705,,1,*Mina Para,5,5,20,23,60,31,8,13,36,47,3,5
50,79,31,,,,Gosind Durgapur Union Total,21,33,646,598,931,864,353,285,615,690,185,90
50,79,31,025,,1,*Arpara,0,2,71,59,74,51,41,33,70,53,9,10
50,79,31,034,,1,*Asanagar,0,1,107,94,120,136,46,45,80,103,23,7
50,79,31,068,,1,*Baman Para (Bamangram),2,2,21,18,39,33,8,5,21,17,8,1
50,79,31,195,,1,*Byaspur,0,0,0,0,2,2,0,0,1,2,0,0
50,79,31,212,,1,*Char Nanta,0,2,4,1,2,7,7,0,8,5,1,1
50,79,31,238,,1,*Chhadim Para,1,0,6,4,15,7,0,1,7,9,1,1
50,79,31,272,,1,*Dakshin Magura,0,1,45,38,30,30,60,42,30,45,20,9
50,79,31,306,,1,*Digha,2,5,30,31,54,62,15,13,38,48,11,3
50,79,31,340,,1,*Gangdi,3,1,32,22,49,44,16,13,31,30,11,4
50,79,31,382,,1,*Gosain Durgapur,3,9,46,56,93,76,47,37,43,52,17,19
50,79,31,561,,1,*Karimpur,0,0,12,12,19,15,4,2,14,11,4,0
50,79,31,756,,1,*Naraharidia,5,0,32,25,63,38,10,12,18,32,6,3
50,79,31,773,,1,*Natna,0,0,12,11,21,17,5,11,20,20,2,0
50,79,31,918,,1,*Sankardia,3,8,143,144,206,205,54,47,137,150,41,8
50,79,31,994,,1,*Uttar Magura,2,2,85,83,144,141,40,24,97,113,31,24
50,79,37,,,,Harinarayanpur Union Total,75,89,777,701,1146,1132,293,310,942,908,212,107
50,79,37,161,,1,*Bil Karari,3,8,28,22,48,57,7,8,27,23,16,3
50,79,37,399,,1,*Harinarayanpur,41,49,402,342,593,558,148,172,470,455,103,53
50,79,37,399,01,1,Harinarayanpur,22,18,122,108,186,183,28,34,126,172,27,14
50,79,37,399,02,1,Shibpur,11,19,106,67,160,169,36,37,145,122,33,24
50,79,37,399,03,1,Berba Rade,5,10,130,121,165,147,54,62,122,114,24,11
50,79,37,399,04,1,Padmanagar,3,2,44,46,82,59,30,39,77,47,19,4
50,79,37,603,,1,*Krittinagar,3,4,52,56,81,74,36,33,60,62,16,11
50,79,37,850,,1,*Purba Abdulpur,16,16,162,149,237,248,51,59,212,195,55,21
50,79,37,926,,1,*Shantidanga,12,12,133,132,187,195,51,38,173,173,22,19
50,79,44,,,,Hatas Haripur Union Total,138,117,867,898,1454,1480,424,347,1020,1178,379,115
50,79,44,178,,1,*Boaildaha,47,24,269,275,482,495,110,89,342,401,109,29
50,79,44,178,01,1,Boaildaha,39,21,217,203,389,397,87,61,270,314,83,20
50,79,44,178,02,1,Kanti Nagar Boaildaha,8,3,52,72,93,98,23,28,72,87,26,9
50,79,44,190,,1,*Bhabanipur,3,2,84,100,97,94,64,48,60,50,31,14
50,79,44,200,,1,*Bhagirathpur,5,11,28,26,36,46,23,12,19,31,15,5
50,79,44,374,,1,*Gopinathpur,0,1,4,15,8,14,2,7,2,13,5,2
50,79,44,416,,1,*Hatas Haripur,35,42,252,274,390,400,123,108,313,363,121,34
50,79,44,841,,1,*Puratan Kushtia,21,11,63,56,139,136,20,15,87,105,20,7
50,79,44,852,,1,*Ratanpur,1,0,38,29,17,17,22,19,4,11,11,4
50,79,44,867,,1,*Raghunathpur,1,4,9,6,27,25,3,6,18,18,2,4
50,79,44,892,,1,*Salda,24,19,111,108,244,238,48,36,165,172,63,15
50,79,44,901,,1,*Salda Arazi,1,3,9,9,14,15,9,7,10,14,2,1
50,79,50,,,,Battail Union Total,222,215,1252,1164,2117,2068,505,435,1451,1522,475,206
50,79,50,,,1,Battail Union,183,172,1137,1045,1917,1839,446,371,1292,1372,407,175
50,79,50,,,3,Battail Union,39,43,115,119,200,229,59,64,159,150,68,31
50,79,50,110,,1,*Baria Takimara,18,14,105,96,166,174,28,32,151,134,24,12
50,79,50,110,01,1,Baria Takimara,8,6,34,42,65,75,10,16,50,50,12,8
50,79,50,110,02,1,Baria Bhadalia Para,1,4,15,13,14,15,4,5,17,17,4,2
50,79,50,110,03,1,Baria,9,4,56,41,87,84,14,11,84,67,8,2
50,79,50,136,,1,*Battail,41,39,270,255,431,407,127,124,296,356,134,52
50,79,50,136,01,1,Battail Takimara,9,10,11,15,47,50,2,0,24,33,3,0
50,79,50,136,02,1,Battail  Bhadalia Para,4,1,14,18,36,37,7,1,16,11,7,3
50,79,50,136,03,1,Batail,28,28,245,222,348,320,118,123,256,312,124,49
50,79,50,229,,1,*Chechua,5,3,43,30,61,60,15,18,48,61,8,6
50,79,50,459,,3,*Jagati,39,43,115,119,200,229,59,64,159,150,68,31
50,79,50,459,01,3,Jagati Uttar Colony,17,21,50,50,87,118,20,20,81,67,36,15
50,79,50,459,02,3,Dakshin Jagati,22,22,65,69,113,111,39,44,78,83,32,16
50,79,50,493,,1,*Kaburhat,75,77,597,546,1012,968,248,173,619,661,208,87
50,79,50,493,01,1,Kaburhat,13,9,140,130,230,233,75,53,156,155,58,22
50,79,50,493,02,1,Dasta Para,12,18,100,90,171,176,41,21,110,96,35,14
50,79,50,493,03,1,Khajanagar,50,50,357,326,611,559,132,99,353,410,115,51
50,79,50,612,,1,*Kumargara,44,39,122,118,247,230,28,24,178,160,33,18
50,79,56,,,,Jiarakhi Union Total,65,57,781,744,1145,1119,338,319,837,929,169,101
50,79,56,076,,1,*Bangshitala,8,11,51,41,69,76,7,10,61,72,1,5
50,79,56,144,,1,*Belgharia,5,5,106,108,202,216,43,28,116,157,39,16
50,79,56,144,01,1,Belgharia,1,2,65,61,126,129,25,11,62,97,24,11
50,79,56,144,02,1,Char Para,4,3,41,47,76,87,18,17,54,60,15,5
50,79,56,484,,1,*Jiaarakhi,33,18,190,172,323,304,61,67,238,236,32,19
50,79,56,484,01,1,Jiaarakhi,27,7,78,65,134,140,23,24,100,99,15,5
50,79,56,484,02,1,Gopalpur,5,11,71,79,141,118,27,32,109,106,13,11
50,79,56,484,03,1,Motpara,1,0,41,28,48,46,11,11,29,31,4,3
50,79,56,527,,1,*Kamalapur,3,6,122,117,192,151,56,59,127,114,26,22
50,79,56,527,01,1,Kamalapur,3,6,51,49,100,70,23,34,63,44,14,16
50,79,56,527,02,1,Shibpur,0,0,35,32,35,35,16,16,34,34,1,2
50,79,56,527,03,1,Lakshmipur,0,0,36,36,57,46,17,9,30,36,11,4
50,79,56,535,,1,*Kanchanpur,16,17,312,306,359,372,171,155,295,350,71,39
50,79,56,535,01,1,Kanchanpur,3,1,43,66,62,82,28,18,46,71,12,3
50,79,56,535,02,1,Jotpara,1,2,53,48,54,56,32,20,61,57,7,7
50,79,56,535,03,1,Bhabanipur,6,2,60,54,68,59,40,47,49,54,17,14
50,79,56,535,04,1,Balia Para,5,9,85,86,98,100,32,44,83,106,14,8
50,79,56,535,05,1,Ratul Para,1,3,41,37,47,57,28,14,45,46,15,5
50,79,56,535,06,1,Shailgari,0,0,30,15,30,18,11,12,11,16,6,2
50,79,63,,,,Jhaudia Union Total,46,38,808,709,1086,1086,395,364,760,840,201,101
50,79,63,042,,1,*Ashtanagar,1,3,84,73,128,146,23,25,56,92,24,9
50,79,63,153,,1,*Bilangdia (Char Bakhail),1,1,18,31,36,36,15,16,37,45,4,5
50,79,63,187,,1,*Buzrug Bakhail,2,1,31,27,34,23,32,23,19,25,14,6
50,79,63,425,,1,*Hatia,9,4,181,154,250,231,94,102,193,208,32,23
50,79,63,425,01,1,Hatia,6,3,118,103,188,168,59,67,156,145,17,13
50,79,63,425,02,1,Badunathpur,3,1,63,51,62,63,35,35,37,63,15,10
50,79,63,476,,1,*Jhaudia,12,7,198,188,268,281,87,69,190,206,51,17
50,79,63,569,,1,*Kashinathpur,1,4,27,22,37,29,12,8,19,28,4,5
50,79,63,578,,1,*Khurda Bakhail,2,3,35,32,50,49,13,9,51,46,6,5
50,79,63,688,,1,*Majh Para,18,15,234,182,283,291,119,112,195,190,66,31
50,79,63,688,01,1,Majh Para,7,4,177,137,196,206,85,80,141,153,53,26
50,79,63,688,02,1,Alinagar,11,10,17,15,45,44,21,19,19,16,10,5
50,79,63,688,03,1,Udaypur,0,1,40,30,42,41,13,13,35,21,3,0
50,79,75,,,,Mazampur Union Total,182,184,1102,1047,1920,1780,397,367,1596,1524,340,157
50,79,75,361,,1,*Chourash,53,50,477,427,718,651,176,140,625,573,121,66
50,79,75,361,01,1,Chourash,51,45,366,351,589,526,131,108,514,467,90,57
50,79,75,361,02,1,Udibari,2,5,111,76,129,125,45,32,111,106,31,9
50,79,75,391,,1,*Harara,18,13,81,91,155,126,35,22,119,141,33,7
50,79,75,442,,1,*Harakrisnapur,6,4,3,3,14,14,0,3,10,7,0,2
50,79,75,450,,1,*Jagannathpur,3,6,47,33,85,87,20,20,51,51,11,3
50,79,75,450,01,1,Jagannathpur,2,6,33,18,51,57,14,16,34,38,9,3
50,79,75,450,02,1,Chak Raja Para,1,0,14,15,34,30,6,4,17,13,2,0
50,79,75,663,,1,*Kalisankarpur(Part),5,4,37,20,44,42,19,28,42,46,23,9
50,79,75,671,,1,*Mazampur (Part),59,60,164,161,381,331,54,72,340,289,40,42
50,79,75,671,01,1,Purba Mazampur,26,27,76,60,177,156,27,26,166,123,16,15
50,79,75,671,02,1,Paschim Mazampur,33,33,88,101,204,175,27,46,174,166,24,27
50,79,75,697,,1,*Metan,1,4,27,26,41,37,7,4,23,22,4,2
50,79,75,715,,1,*Mollah Tegharia (Part),8,8,83,82,145,120,29,23,96,95,18,8
50,79,75,722,,1,*Nagar Mohammadpur,9,3,27,39,59,65,9,6,43,39,19,3
50,79,75,799,,1,*Nurpur,3,2,17,19,18,27,3,0,21,25,1,0
50,79,75,875,,1,*Rahini,17,30,139,146,260,280,45,49,226,236,70,15
50,79,82,,,,Manohardia Union Total,36,32,627,589,926,938,292,272,626,755,169,67
50,79,82,059,,1,*Balarampur,18,12,116,114,196,173,47,37,116,131,32,10
50,79,82,246,,1,*Chhayghari,3,3,60,51,86,99,14,18,51,66,18,3
50,79,82,246,01,1,Chhayghari,3,3,41,33,66,70,7,8,40,47,10,0
50,79,82,246,02,1,Fakir Para,0,0,19,18,20,29,7,10,11,19,8,3
50,79,82,331,,1,*Gangabarkandi,0,2,44,31,75,61,26,28,43,36,11,6
50,79,82,433,,1,*Hatibhanga,0,1,63,50,63,71,26,23,50,58,20,11
50,79,82,544,,1,*Kandar Padia,5,5,146,142,219,219,77,76,127,187,39,11
50,79,82,765,,1,*Narayandia,1,0,49,43,62,66,24,27,62,64,11,5
50,79,82,790,,1,*Nrisinghapur,4,6,88,86,127,143,53,44,100,123,21,14
50,79,82,790,01,1,Nrisinghapur,4,6,61,68,104,97,42,38,76,97,15,10
50,79,82,790,02,1,Sharifpur,0,0,27,18,23,46,11,6,24,26,6,4
50,79,82,858,,1,*Radhanagar,5,3,61,72,98,106,25,19,77,90,17,7
50,79,88,,,,Paitkabari Union Total,18,24,581,597,907,886,293,233,584,639,126,75
50,79,88,280,,1,*Daoari Bhita,6,2,61,64,91,90,35,19,56,62,15,4
50,79,88,300,,1,*Dhantola,0,0,5,2,8,6,0,0,7,4,0,0
50,79,88,314,,1,*Fakirabad,1,2,63,68,94,84,22,22,54,71,20,7
50,79,88,357,,1,*Gopalpur,1,1,45,21,60,68,5,5,23,36,7,2
50,79,88,357,01,1,Gopalpur,0,0,27,5,22,30,1,2,7,13,4,1
50,79,88,357,02,1,Char Para,1,1,18,16,38,38,4,3,16,23,3,1
50,79,88,408,,1,*Haruria,0,1,46,46,71,89,23,26,50,44,8,5
50,79,88,408,01,1,Haruria,0,1,36,36,59,71,22,25,43,34,5,5
50,79,88,408,02,1,Chandpur,0,0,10,10,12,18,1,1,7,10,3,0
50,79,88,510,,1,*Kaliaji,1,0,10,7,15,12,2,1,6,11,0,0
50,79,88,595,,1,*Khejurtala,1,3,85,91,125,133,57,43,91,91,17,15
50,79,88,595,01,1,Khejurtala,1,2,73,68,109,120,46,30,75,81,13,12
50,79,88,595,02,1,Hazratpur,0,1,12,23,16,13,11,13,16,10,4,3
50,79,88,680,,1,*Mazila,3,5,116,137,174,172,73,55,127,133,25,23
50,79,88,731,,1,*Nalkala,0,1,34,19,59,46,6,5,26,29,5,0
50,79,88,739,,1,*Nandia,1,1,18,39,42,44,11,7,33,25,7,9
50,79,88,807,,1,*Paitkabari,4,8,98,103,168,142,59,50,111,133,22,10
50,79,94,,,,Ujangram Union Total,55,39,785,705,1028,983,346,324,794,799,183,73
50,79,94,102,,1,*Barai Tupi Durbachhara,3,4,121,119,178,191,52,58,150,156,34,15
50,79,94,102,01,1,Durbachara,3,3,72,84,115,125,38,40,99,101,23,11
50,79,94,102,02,1,Barui Tupi,0,1,49,35,63,66,14,18,51,55,11,4
50,79,94,127,,1,*Barui Para,13,6,87,105,142,131,20,20,115,90,19,7
50,79,94,127,01,1,Barui Para,10,3,49,64,74,81,11,13,64,53,10,3
50,79,94,127,02,1,Ranjitpur,3,3,38,41,68,50,9,7,51,37,9,4
50,79,94,348,,1,*Gaznabipur,0,1,62,57,77,73,38,37,56,60,18,5
50,79,94,629,,1,*Madhupur,9,2,118,95,125,139,69,62,104,113,29,8
50,79,94,629,01,1,Madhupur,3,1,46,38,63,54,23,15,43,43,9,5
50,79,94,629,02,1,Bitti Para,6,1,72,57,62,85,46,47,61,70,20,3
50,79,94,646,,1,*Mahishadanga,5,2,25,26,39,44,10,8,28,33,11,8
50,79,94,714,,1,*Mrittika Para,2,3,131,106,139,108,58,49,120,116,17,9
50,79,94,714,01,1,Mrittika Para,2,2,86,81,94,71,44,36,84,82,11,5
50,79,94,714,02,1,Karimpur,0,1,45,25,45,37,14,13,36,34,6,4
50,79,94,909,,1,*Sonaidanga,11,3,104,92,155,113,33,35,77,106,23,9
50,79,94,977,,1,*Shyampur,1,3,28,21,44,32,5,4,41,27,5,0
50,79,94,986,,1,*Ujangram,11,15,109,84,129,152,61,51,103,98,27,12
50,94,,,,,Mirpur Upazila Total,750,777,9397,9111,14462,14144,4383,3837,10196,10811,2686,1163
50,94,,,,1,Mirpur Upazila,658,677,8609,8321,13067,12802,3998,3500,9136,9718,2407,1020
50,94,,,,2,Mirpur Upazila,58,67,564,530,931,930,269,243,732,737,198,106
50,94,,,,3,Mirpur Upazila,34,33,224,260,464,412,116,94,328,356,81,37
50,94,,,,,Mirpur Paurashava,58,67,564,530,931,930,269,243,732,737,198,106
50,94,01,,,,Ward No-01 Total,10,14,76,62,132,147,33,24,88,107,34,13
50,94,01,190,,2,*Bazar Para Colpara,1,0,1,2,2,9,1,0,4,3,3,0
50,94,01,946,,2,*Sultanpur,9,14,75,60,130,138,32,24,84,104,31,13
50,94,02,,,,Ward No-02 Total,1,9,48,40,69,103,33,31,68,56,21,7
50,94,02,190,,2,*Kuripole,1,9,48,40,69,103,33,31,68,56,21,7
50,94,03,,,,Ward No-03 Total,12,11,64,79,119,114,13,24,82,117,21,13
50,94,03,720,,2,*Mosarrafpur,5,4,45,46,71,68,8,10,54,66,17,10
50,94,03,750,,2,*Mirpur Bazar (Palpara),7,7,19,33,48,46,5,14,28,51,4,3
50,94,04,,,,Ward No-04 Total,5,0,46,45,84,61,36,18,60,34,10,10
50,94,04,716,,2,*Mirpur (Part),5,0,46,45,84,61,36,18,60,34,10,10
50,94,05,,,,Ward No-05 Total,4,4,47,46,72,73,9,14,69,62,17,5
50,94,05,716,,2,*Mirpur (Part),4,4,47,46,72,73,9,14,69,62,17,5
50,94,06,,,,Ward No-06 Total,8,9,42,41,107,91,16,26,83,112,10,9
50,94,06,716,,2,*Mirpur (Part) East Para,8,9,42,41,107,91,16,26,83,112,10,9
50,94,07,,,,Ward No-07 Total,2,3,59,56,74,63,56,45,51,69,15,21
50,94,07,579,,2,*Puran Noapara,2,3,59,56,74,63,56,45,51,69,15,21
50,94,08,,,,Ward No-08 Total,1,2,33,41,65,80,7,5,63,56,6,4
50,94,08,456,,2,*Jogipole North Part,0,0,5,5,7,15,0,0,10,10,0,0
50,94,08,758,,2,*Noapara Krishnapur,1,2,28,36,58,65,7,5,53,46,6,4
50,94,09,,,,Ward No-09 Total,15,15,149,120,209,198,66,56,168,124,64,24
50,94,09,456,,2,*Jogipole South Para,0,0,21,26,48,32,6,2,35,23,3,0
50,94,09,576,,2,*Khandakbaria,13,11,79,51,129,119,16,14,98,75,26,7
50,94,09,888,,2,*Sardar Para,1,4,32,30,8,23,42,34,13,11,31,16
50,94,09,966,,2,*D.B.R. Sector + Mess,1,0,17,13,24,24,2,6,22,15,4,1
50,94,13,,,,Ambaria Union Total,66,63,460,472,822,794,161,162,566,561,100,65
50,94,13,024,,1,*Ambaria Mirzapur,29,30,75,95,221,190,34,33,170,172,19,11
50,94,13,024,01,1,Ambaria Mirzapur,18,8,53,78,149,123,31,27,103,114,17,8
50,94,13,024,02,1,Bhadamari,11,22,22,17,72,67,3,6,67,58,2,3
50,94,13,415,,1,*Halsa,7,9,102,76,147,161,44,44,121,99,16,9
50,94,13,415,01,1,Halsa,5,6,28,28,44,60,10,8,38,46,1,2
50,94,13,415,02,1,Bamongari,2,3,74,48,103,101,34,36,83,53,15,7
50,94,13,644,,1,*Mohammadpur,0,3,19,12,25,27,3,1,14,19,6,4
50,94,13,742,,1,*Nagar Baka,27,12,124,190,275,275,54,64,157,167,49,20
50,94,13,742,01,1,Nagar Baka,9,10,30,32,63,60,3,2,35,28,12,1
50,94,13,742,02,1,Halsa Bazar,3,2,7,29,36,32,14,6,23,15,9,7
50,94,13,742,03,1,Shakdaha Char,9,0,52,85,130,131,19,27,67,82,16,7
50,94,13,742,04,1,Chulkani,0,0,0,1,0,0,2,0,0,0,2,0
50,94,13,742,05,1,Annadanagar,1,0,9,8,11,10,1,4,3,9,3,0
50,94,13,742,06,1,Ramjanpur,0,0,14,16,18,13,11,16,16,13,5,2
50,94,13,742,07,1,Shupukuria,5,0,12,19,17,29,4,9,13,20,2,3
50,94,13,750,,1,*Nandia,0,2,9,5,14,6,3,0,4,10,1,2
50,94,13,807,,1,*Panchbaria,3,2,42,21,57,51,9,9,22,28,4,4
50,94,13,905,,1,*Sokcha,0,3,28,23,24,32,4,5,17,20,2,4
50,94,13,962,,1,*Sutail,0,2,61,50,59,52,10,6,61,46,3,11
50,94,13,962,01,1,Sutail Puran,0,1,40,23,32,32,3,6,40,25,1,5
50,94,13,962,02,1,Sutail Nutan,0,1,21,27,27,20,7,0,21,21,2,6
50,94,14,,,,Amla Union Total,69,69,770,736,1312,1152,352,322,858,873,181,91
50,94,14,,,1,Amla Union,53,58,670,633,1127,982,296,283,719,724,151,80
50,94,14,,,3,Amla Union,16,11,100,103,185,170,56,39,139,149,30,11
50,94,14,040,,3,*Amla,16,11,100,103,185,170,56,39,139,149,30,11
50,94,14,040,01,3,Amla,15,8,70,76,136,133,44,28,106,117,24,10
50,94,14,040,02,3,Shahapur,1,3,30,27,49,37,12,11,33,32,6,1
50,94,14,048,,1,*Anjangachhi,15,19,166,152,260,212,76,77,158,176,27,15
50,94,14,048,01,1,Anjangachhi,15,19,136,105,218,174,63,62,122,149,27,11
50,94,14,048,02,1,Nayanpur,0,0,30,47,42,38,13,15,36,27,0,4
50,94,14,171,,1,*Bil Amla,2,2,26,25,43,43,13,18,42,39,8,8
50,94,14,171,01,1,Bil Amla Paschim,1,1,9,9,12,18,8,9,16,13,6,2
50,94,14,171,02,1,Bil Amla Purba,1,1,17,16,31,25,5,9,26,26,2,6
50,94,14,187,,1,*Bura Para,4,7,60,54,101,117,27,15,69,64,16,10
50,94,14,464,,1,*Kachubaria,14,10,146,153,261,221,68,72,172,197,42,19
50,94,14,464,01,1,Kachubaria,9,9,81,79,167,129,42,53,102,117,28,15
50,94,14,464,02,1,Chowduar,5,1,65,74,94,92,26,19,70,80,14,4
50,94,14,595,,1,*Khayerpur,6,7,104,117,183,170,34,46,115,89,36,16
50,94,14,595,01,1,Khayerpur,1,3,57,51,92,80,22,21,59,49,23,8
50,94,14,595,02,1,Char Para,1,1,17,32,40,34,8,7,25,7,6,7
50,94,14,595,03,1,Mahadipur,4,3,30,34,51,56,4,18,31,33,7,1
50,94,14,619,,1,*Kusbaria,2,4,52,30,90,81,32,19,66,64,8,6
50,94,14,619,01,1,Kusbaria,1,3,40,23,77,66,27,12,56,53,7,3
50,94,14,619,02,1,Subalpur,1,1,12,7,13,15,5,7,10,11,1,3
50,94,14,734,,1,*Mitan,10,9,116,102,189,138,46,36,97,95,14,6
50,94,21,,,,Bahalbaria Union Total,64,73,767,725,1261,1209,289,260,871,955,245,88
50,94,21,089,,1,*Bahalbaria,31,41,315,303,497,508,125,92,365,431,95,37
50,94,21,089,01,1,Nanda Bahalbaria,8,8,99,92,169,158,30,38,114,158,21,8
50,94,21,089,02,1,Bahalbaria,6,14,98,101,133,159,47,21,120,134,35,15
50,94,21,089,03,1,Sahebnagar,17,17,97,90,158,169,39,17,110,115,29,11
50,94,21,089,04,1,Satbaria,0,2,21,20,37,22,9,16,21,24,10,3
50,94,21,562,,1,*Khadimpur,17,18,272,255,425,406,94,87,268,310,91,32
50,94,21,562,01,1,Char Khadimpur,0,0,10,7,20,18,2,7,9,12,0,0
50,94,21,562,02,1,Khadimpur,7,7,135,139,179,180,44,32,113,144,42,8
50,94,21,562,03,1,Nanda Khadimpur,10,11,127,109,226,208,48,48,146,154,49,24
50,94,21,587,,1,*Kharara,16,14,180,167,339,295,70,81,238,214,59,19
50,94,21,587,01,1,Kharara,11,9,98,91,194,164,24,32,135,129,39,11
50,94,21,587,02,1,Nauda Khara,5,5,82,76,145,131,46,49,103,85,20,8
50,94,29,,,,Barui Para Union Total,50,54,742,797,1140,1138,341,342,817,904,229,98
50,94,29,032,,1,*Am Kanthalia,1,1,32,33,43,40,12,15,26,40,8,4
50,94,29,097,,1,*Baldi Para,3,5,81,98,128,124,36,39,95,110,31,12
50,94,29,138,,1,*Barui Para,9,6,143,138,226,208,35,41,160,171,36,13
50,94,29,138,01,1,Barui Para,4,3,47,49,91,68,10,11,51,55,19,6
50,94,29,138,02,1,Shatgaji,2,1,19,17,33,52,5,6,29,28,3,0
50,94,29,138,03,1,Kobarbari,3,2,77,72,102,88,20,24,80,88,14,7
50,94,29,163,,1,*Bibhag,2,1,20,21,19,26,22,28,28,23,19,8
50,94,29,277,,1,*Chunia Para,5,5,96,104,144,130,46,39,115,114,22,10
50,94,29,309,,1,*Dhepahati,1,1,24,27,35,40,11,13,24,31,11,2
50,94,29,334,,1,*Ektarpur Tantibanda,2,3,55,59,82,73,28,25,74,85,16,7
50,94,29,334,01,1,Ektarpur,2,3,27,26,43,39,8,10,33,47,10,4
50,94,29,334,02,1,Tantibanda,0,0,28,33,39,34,20,15,41,38,6,3
50,94,29,350,,1,*Gaurdaha,1,4,58,55,116,123,18,20,63,72,21,8
50,94,29,554,,1,*Keopur,3,12,71,82,112,124,39,28,68,83,17,7
50,94,29,554,01,1,Keopur,2,10,43,43,70,82,24,7,40,56,10,0
50,94,29,554,02,1,Fakirabad,1,2,28,39,42,42,15,21,28,27,7,7
50,94,29,685,,1,*Masan,9,5,43,43,74,74,30,34,47,54,15,11
50,94,29,725,,1,*Mirzanagar,12,11,105,122,141,161,59,53,103,105,32,15
50,94,29,725,01,1,Mirzanagar,10,10,48,59,83,108,16,7,48,60,19,6
50,94,29,725,02,1,Satragachha,2,1,39,43,34,40,36,31,36,32,10,9
50,94,29,725,03,1,Goda Para,0,0,18,20,24,13,7,15,19,13,3,0
50,94,29,872,,1,*Sarabari,2,0,14,15,20,15,5,7,14,16,1,1
50,94,36,,,,Chhatian Union Total,46,49,817,770,1098,1008,432,353,818,846,234,93
50,94,36,065,,1,*Atigram,12,14,150,157,188,202,91,92,145,179,47,17
50,94,36,154,,1,*Bharal,2,2,62,62,95,73,45,22,55,69,31,17
50,94,36,252,,1,*Chhatian,18,20,167,158,283,225,86,71,187,166,49,26
50,94,36,252,01,1,Chhatian,14,18,109,118,193,167,60,50,146,121,37,20
50,94,36,252,02,1,Kalinatpur(Part),2,2,43,31,65,45,19,15,32,34,11,4
50,94,36,252,03,1,Islampur,2,0,15,9,25,13,7,6,9,11,1,2
50,94,36,301,,1,*Dhalsa,3,2,38,36,47,48,29,14,42,45,13,4
50,94,36,326,,1,*Durgapur,0,0,19,16,28,25,15,11,17,30,9,3
50,94,36,611,,1,*Kursha (Part),2,4,74,78,105,95,14,11,79,63,9,1
50,94,36,611,01,1,Naoda Kursha,1,2,37,41,50,50,6,1,39,36,2,0
50,94,36,611,02,1,Baishinagar,1,2,37,37,55,45,8,10,40,27,7,1
50,94,36,782,,1,*Nischintapur,0,1,19,24,23,16,15,4,16,21,5,3
50,94,36,823,,1,*Payari,5,2,54,24,52,39,27,18,54,43,8,2
50,94,36,880,,1,*Sarotia Mohanpur,1,0,20,23,48,40,12,15,26,21,7,1
50,94,36,880,01,1,Sarotia,1,0,14,11,33,36,6,9,23,14,7,1
50,94,36,880,02,1,Mohanpur,0,0,6,12,15,4,6,6,3,7,0,0
50,94,36,913,,1,*Sondaha,3,4,214,192,229,245,98,95,197,209,56,19
50,94,36,913,01,1,Sondaha,0,3,49,45,45,61,19,29,47,55,12,3
50,94,36,913,02,1,Bhagaipur,0,0,3,7,7,19,5,4,5,7,2,1
50,94,36,913,03,1,Kalinathpur,3,0,58,69,81,75,28,22,60,71,12,5
50,94,36,913,04,1,Naforkandi,0,1,74,50,58,56,35,27,62,51,25,9
50,94,36,913,05,1,Gangatala,0,0,21,13,28,23,1,7,13,20,4,1
50,94,36,913,06,1,Bhurar Dair,0,0,9,8,10,11,10,6,10,5,1,0
50,94,43,,,,Chithulia Union Total,81,73,842,841,1437,1377,462,351,1005,1090,310,111
50,94,43,081,,1,*Azmatpur,0,0,37,21,49,67,13,6,39,42,10,1
50,94,43,130,,1,*Baria,3,1,19,22,63,47,12,11,36,29,6,4
50,94,43,260,,1,*Chithulia,23,11,140,155,239,209,93,88,153,162,70,38
50,94,43,318,,1,*Dhubail,17,18,153,153,226,214,100,78,171,171,50,22
50,94,43,318,01,1,Dhubali,16,14,116,129,174,176,65,54,145,131,28,16
50,94,43,318,02,1,Chak,1,4,37,24,52,38,35,24,26,40,22,6
50,94,43,367,,1,*Gobindagunia,6,7,73,72,123,132,48,31,91,111,34,4
50,94,43,367,01,1,Gobindagunia,5,6,68,58,108,111,39,27,77,101,28,4
50,94,43,367,02,1,Kaderpur,1,1,5,14,15,21,9,4,14,10,6,0
50,94,43,383,,1,*Gopalpur,2,2,51,48,55,79,28,21,51,54,16,5
50,94,43,627,,1,*Lakshmidhardia,14,12,74,73,215,159,56,24,130,141,45,15
50,94,43,627,01,1,Lakshmidhardia,9,7,47,52,125,103,38,19,77,74,32,10
50,94,43,627,02,1,Kazipur,5,4,14,12,51,42,8,1,32,49,8,2
50,94,43,627,03,1,Bithi Para,0,1,13,9,39,14,10,4,21,18,5,3
50,94,43,652,,1,*Mahishakhola,4,4,103,113,144,175,53,49,109,133,28,14
50,94,43,652,01,1,Mahishakhola,2,2,66,70,98,114,31,32,76,86,17,7
50,94,43,652,02,1,Baliashisha,2,2,37,43,46,61,22,17,33,47,11,7
50,94,43,668,,1,*Majlispur,0,1,36,42,58,60,20,13,37,44,12,3
50,94,43,668,01,1,Majlispur,0,1,15,26,41,34,7,9,23,29,7,3
50,94,43,668,02,1,Sreenathpur,0,0,21,16,17,26,13,4,14,15,5,0
50,94,43,774,,1,*Nilgram,1,0,30,25,50,35,8,14,31,45,13,1
50,94,43,791,,1,*Paharpur,9,13,94,85,175,154,17,9,123,138,16,2
50,94,43,897,,1,*Singpur,2,4,32,32,40,46,14,7,34,20,10,2
50,94,58,,,,Kursha Union Total,33,33,660,672,1133,1149,144,122,718,720,159,55
50,94,58,024,,1,*Ambaria Mirjapur (Part),1,8,90,74,164,144,4,3,98,84,27,9
50,94,58,024,01,1,Essalmari,0,4,73,63,119,111,1,1,77,56,22,7
50,94,58,024,02,1,Bara Bhedmari,1,4,17,11,45,33,3,2,21,28,5,2
50,94,58,114,,1,*Banshbaria,5,7,79,88,125,131,6,5,83,85,9,3
50,94,58,114,01,1,Banshbaria,4,6,25,39,42,45,2,1,29,30,0,2
50,94,58,114,02,1,Ramnagar,1,1,54,49,83,86,4,4,54,55,9,1
50,94,58,538,,1,*Katdaha Char,0,0,14,15,40,49,3,5,27,38,5,4
50,94,58,570,,1,*Khal Magura,2,1,55,61,103,85,8,12,64,58,10,3
50,94,58,570,01,1,Hauspur,0,1,26,22,32,46,4,2,31,26,6,1
50,94,58,570,02,1,Khal Magura,2,0,29,39,71,39,4,10,33,32,4,2
50,94,58,611,,1,*Kursha,16,13,167,154,294,319,36,28,165,175,44,18
50,94,58,611,01,1,Kursha,6,2,124,110,230,222,27,24,111,123,30,14
50,94,58,611,02,1,Mehernagar,0,0,0,1,0,1,0,1,3,1,0,0
50,94,58,611,03,1,Puthimari,1,1,30,23,34,59,8,3,28,27,9,4
50,94,58,611,04,1,Mallikpur,4,5,8,8,16,18,0,0,7,14,2,0
50,94,58,611,05,1,Eassalmari,5,5,5,12,14,19,1,0,16,10,3,0
50,94,58,660,,1,*Majihat,9,4,255,280,407,421,87,69,281,280,64,18
50,94,58,660,01,1,Majihat,6,4,185,205,278,306,76,57,211,204,44,14
50,94,58,660,02,1,Kuntir Char,3,0,70,75,129,115,11,12,70,76,20,4
50,94,65,,,,Malihad Union Total,40,38,865,812,1185,1111,372,314,786,787,178,77
50,94,65,008,,1,*Abari,8,10,146,145,205,187,46,27,118,119,30,17
50,94,65,008,01,1,Abari,5,5,97,91,132,120,29,10,72,77,16,12
50,94,65,008,02,1,Rajnagar,3,5,49,54,73,67,17,17,46,42,14,5
50,94,65,203,,1,*Char Bajitpur,0,0,2,3,3,4,5,2,4,3,0,1
50,94,65,212,,1,*Char Boalia,0,0,17,19,18,17,7,4,13,14,5,2
50,94,65,220,,1,*Char Kasobnagar,0,0,8,5,6,4,5,2,2,3,0,0
50,94,65,228,,1,*Char Naoda Para,4,3,40,36,51,50,31,28,42,36,11,11
50,94,65,236,,1,*Char Pragpur,4,0,32,43,65,65,16,10,25,17,9,2
50,94,65,342,,1,*Fulbari,9,3,21,26,52,45,3,1,34,32,2,0
50,94,65,399,,1,*Gopinathpur,1,3,89,95,149,129,53,48,109,106,14,6
50,94,65,399,01,1,Gopinathpur,0,2,76,83,134,117,32,25,98,88,8,4
50,94,65,399,02,1,Mallikpur,1,1,13,12,15,12,21,23,11,18,6,2
50,94,65,424,,1,*Hardir Chak,4,6,49,40,58,56,8,10,32,49,10,1
50,94,65,448,,1,*Jhutiadanga,9,10,175,144,257,232,55,51,171,172,24,13
50,94,65,448,01,1,Jhutiadanga,7,10,47,42,96,88,13,4,63,62,14,6
50,94,65,448,02,1,Asannagar,2,0,128,102,161,144,42,47,108,110,10,7
50,94,65,636,,1,*Magura,0,0,38,35,47,55,9,9,43,33,9,0
50,94,65,676,,1,*Malihad,0,1,165,143,147,142,92,97,124,128,39,19
50,94,65,840,,1,*Rajpur Rajnagar,0,0,14,14,11,12,20,14,21,10,1,1
50,94,65,921,,1,*Sreerampur(Part),0,0,19,7,19,28,7,1,11,13,3,1
50,94,65,954,,1,*Sura,1,2,50,57,97,85,15,10,37,52,21,3
50,94,73,,,,Fulbaria Union Total,29,38,359,385,566,541,225,185,431,450,81,42
50,94,73,277,,1,*Chuniapara(Part),1,0,29,30,49,50,19,16,38,38,8,2
50,94,73,446,,1,*Kachuabaria Mauza(Part),1,3,52,45,59,58,35,39,52,58,14,10
50,94,73,521,,1,*Kamirhat,5,10,64,83,96,95,52,22,91,86,20,5
50,94,73,521,01,1,Kamirhat,3,3,35,52,59,52,39,16,61,68,17,2
50,94,73,521,02,1,Kachuadaha,2,7,29,31,37,43,13,6,30,18,3,3
50,94,73,603,,1,*Bijnagar,3,8,25,29,45,41,5,7,26,28,5,1
50,94,73,758,,1,*Naopara Krishnapur,2,1,37,46,50,29,19,15,41,39,4,5
50,94,73,888,,1,*Shimulia/Fulbaria,17,15,138,140,248,240,88,82,164,185,29,19
50,94,73,888,01,1,Fulbaria,9,8,64,66,99,80,52,38,68,82,6,8
50,94,73,888,02,1,Shimulia,4,5,35,39,87,95,18,23,42,44,7,2
50,94,73,888,03,1,Madhabpur,0,0,5,4,8,14,11,6,15,12,3,2
50,94,73,888,04,1,Kamar Para,0,0,9,9,15,15,2,2,15,16,6,0
50,94,73,888,05,1,Gate Para,4,2,25,22,39,36,5,13,24,31,7,7
50,94,73,994,,1,*Tilkandara,0,1,14,12,19,28,7,4,19,16,1,0
50,94,80,,,,Poradaha Union Total,120,104,1054,996,1600,1677,522,496,1158,1261,387,168
50,94,80,,,1,Poradaha Union,102,82,930,839,1321,1435,462,441,969,1054,336,142
50,94,80,,,3,Poradaha Union,18,22,124,157,279,242,60,55,189,207,51,26
50,94,80,016,,1,*Ahammadpur,11,9,54,71,88,103,52,39,66,77,30,14
50,94,80,106,,1,*Baliashisha,1,2,58,56,80,84,28,26,58,62,18,2
50,94,80,146,,1,*Belgachhi,13,11,28,20,52,57,14,6,33,38,8,1
50,94,80,269,,1,*Chithalia Khayerchara,12,15,102,103,140,187,25,33,95,123,43,19
50,94,80,269,01,1,Chithalia,9,14,82,79,111,140,18,25,70,88,34,16
50,94,80,269,02,1,Khayer Chara,3,1,20,24,29,47,7,8,25,35,9,3
50,94,80,432,,1,*Hazrahati,1,1,71,54,70,96,42,59,59,82,28,12
50,94,80,489,,1,*Kalabari,7,12,47,43,77,71,21,15,52,52,21,9
50,94,80,513,,1,*Kamardanga,6,8,42,41,48,63,19,15,45,46,10,3
50,94,80,530,,3,*Katdaha,18,22,124,157,279,242,60,55,189,207,51,26
50,94,80,693,,1,*Masrafpur,2,1,11,13,12,12,7,6,10,9,3,1
50,94,80,831,,1,*Poradaha,7,2,78,50,126,140,21,30,87,93,28,2
50,94,80,831,01,1,Poradaha,6,2,42,22,76,75,14,12,51,63,17,1
50,94,80,831,02,1,Tatultala,1,0,36,28,50,65,7,18,36,30,11,1
50,94,80,929,,1,*Sudhirajpur,1,4,27,17,41,26,6,5,17,33,4,1
50,94,80,937,,1,*Sugandhi,0,2,35,25,27,33,17,14,19,22,6,7
50,94,80,970,,1,*Swarupdaha,27,7,261,214,400,378,127,137,279,267,106,55
50,94,80,970,01,1,Swarupdaha,15,4,221,166,310,282,87,104,230,220,70,38
50,94,80,970,02,1,Gobindapur,12,3,40,48,90,96,40,33,49,47,36,17
50,94,80,986,,1,*Tegharia,14,8,116,132,160,185,83,56,149,150,31,16
50,94,80,986,01,1,Tegharia,11,6,71,74,118,136,38,19,86,84,21,9
50,94,80,986,02,1,Danga Para,3,2,29,44,26,31,31,28,44,40,6,5
50,94,80,986,03,1,Doapara,0,0,16,14,16,18,14,9,19,26,4,2
50,94,87,,,,Sardarpur Union Total,50,60,877,795,1146,1151,485,457,820,935,187,74
50,94,87,040,,1,*Amla(Part),5,5,22,19,36,32,13,8,17,24,4,1
50,94,87,073,,1,*Azampur,11,11,280,275,382,353,163,183,262,291,54,20
50,94,87,073,01,1,Azampur,5,3,88,86,138,113,61,63,87,88,15,6
50,94,87,073,02,1,Nadda Azampur,6,7,117,111,172,168,45,49,110,130,24,6
50,94,87,073,03,1,Chowdhury Para,0,0,41,36,24,23,38,40,24,30,8,5
50,94,87,073,04,1,Radhanagar,0,0,7,11,1,6,12,16,11,3,4,3
50,94,87,073,05,1,Hidirampur,0,1,27,31,47,43,7,15,30,40,3,0
50,94,87,122,,1,*Barabaria,5,5,112,103,119,123,72,60,87,109,36,11
50,94,87,195,,1,*Chak,2,2,24,28,36,43,9,17,34,38,0,3
50,94,87,407,,1,*Guabari,4,5,22,31,38,59,19,15,45,43,3,3
50,94,87,481,,1,*Kakuliadaha,5,12,134,104,138,147,76,62,87,112,31,15
50,94,87,481,01,1,Kakuliadaha,4,11,94,60,88,94,61,54,55,75,25,13
50,94,87,481,02,1,Mehernagar,0,0,19,21,28,20,4,3,17,23,2,0
50,94,87,481,03,1,Mallikpur,1,1,21,23,22,33,11,5,15,14,4,2
50,94,87,546,,1,*Katlamari,6,4,86,69,134,117,41,32,81,102,12,5
50,94,87,856,,1,*Sadarpur,10,15,155,125,204,228,75,71,160,176,39,14
50,94,87,856,01,1,Sadarpur,3,4,112,93,130,152,66,65,110,120,27,14
50,94,87,856,02,1,Katlamari(Part),7,11,43,32,74,76,9,6,50,56,12,0
50,94,87,921,,1,*Sreerampur,2,1,42,41,59,49,17,9,47,40,8,2
50,94,94,,,,Talbaria Union Total,44,56,620,580,831,907,329,230,616,692,197,95
50,94,94,244,,1,*Charulia,7,10,90,86,152,165,38,34,84,111,30,15
50,94,94,358,,1,*Ghoramara,1,0,1,2,1,2,1,0,1,1,0,0
50,94,94,375,,1,*Gobindapur,3,13,113,101,140,136,67,35,109,125,41,13
50,94,94,375,01,1,Gobindapur,3,9,60,55,71,75,43,23,56,69,29,8
50,94,94,375,02,1,Noda Gobindapur,0,4,53,46,69,61,24,12,53,56,12,5
50,94,94,391,,1,*Gopalpur,7,6,80,67,113,144,41,21,83,86,25,18
50,94,94,391,01,1,Gopalpur,0,4,17,22,28,46,16,10,20,28,10,7
50,94,94,391,02,1,Noada Gopalpur,7,2,63,45,85,98,25,11,63,58,15,11
50,94,94,505,,1,*Kalyanpur,5,4,35,41,50,51,39,26,40,56,14,13
50,94,94,701,,1,*Matia Para,0,0,5,8,3,7,2,2,3,7,4,0
50,94,94,848,,1,*Ranakhari,6,3,108,101,159,158,42,35,117,115,25,11
50,94,94,848,01,1,Paschim Ranakhari,5,2,56,50,89,84,24,17,49,74,16,1
50,94,94,848,02,1,Ranakhaija Purba,1,1,52,51,70,74,18,18,68,41,9,10
50,94,94,864,,1,*Samukhia,2,8,95,109,117,122,61,48,95,102,32,13
50,94,94,864,01,1,Samukhia,1,6,43,54,77,73,32,18,50,57,19,9
50,94,94,864,02,1,Noada Samukhia,1,2,52,55,40,49,29,30,45,45,13,4
50,94,94,978,,1,*Talbaria,13,12,93,65,96,122,38,29,84,89,26,12
50,94,94,978,01,1,Talbaria,6,9,58,36,62,72,30,17,54,52,17,8
50,94,94,978,02,1,Noada Talbaria,7,3,35,29,34,50,8,12,30,37,9,4
