0,1,2,3,4,5,6,7,8,9,10,11,12,13,14,15
73,,,,,,Nilphamari Zila Total,674676,845911,362866,399590,311810,446321,44.4,47.6,41.1
73,,,,,1,Nilphamari Zila,529016,742769,284570,351355,244446,391414,41.6,44.7,38.4
73,,,,,2,Nilphamari Zila,121516,81886,65438,38346,56078,43540,59.7,63.1,56.3
73,,,,,3,Nilphamari Zila,24144,21256,12858,9889,11286,11367,53.2,56.5,49.8
73,12,,,,,Dimla Upazila Total,98370,134697,52183,64435,46187,70262,42.2,44.7,39.7
73,12,,,,1,Dimla Upazila,89171,127290,47225,60994,41946,66296,41.2,43.6,38.8
73,12,,,,3,Dimla Upazila,9199,7407,4958,3441,4241,3966,55.4,59.0,51.7
73,12,13,,,,'  Bala Para' Union Total,11725,15501,6142,7586,5583,7915,43.1,44.7,41.4
73,12,13,168,,1,*Chhatnai Bala Para,2764,3648,1447,1782,1317,1866,43.1,44.8,41.4
73,12,13,244,,1,*Dakshin Bala Para,1816,1701,924,824,892,877,51.6,52.9,50.4
73,12,13,337,,1,*Dakshin Sundarkhata,1497,2335,775,1125,722,1210,39.1,40.8,37.4
73,12,13,619,,1,*Madhyam Sundarkhata,589,796,310,395,279,401,42.5,44.0,41.0
73,12,13,675,,1,*Nij Sundarkhata,1648,2332,846,1140,802,1192,41.4,42.6,40.2
73,12,13,807,,1,*Rupahara,915,1110,511,513,404,597,45.2,49.9,40.4
73,12,13,882,,1,*Sobhanganja Bala Par,1115,1741,569,900,546,841,39.0,38.7,39.4
73,12,13,976,,1,*Uttar Sundarkhata,1381,1838,760,907,621,931,42.9,45.6,40.0
73,12,19,,,,Dimla Union Total,18710,19480,10097,9015,8613,10465,49.0,52.8,45.1
73,12,19,,,1,Dimla Union,9511,12073,5139,5574,4372,6499,44.1,48.0,40.2
73,12,19,,,3,Dimla Union,9199,7407,4958,3441,4241,3966,55.4,59.0,51.7
73,12,19,037,,3,*Baburhat,3559,2325,1983,1105,1576,1220,60.5,64.2,56.4
73,12,19,356,,3,*Dakshin Tita Para,4092,2790,2155,1263,1937,1527,59.5,63.0,55.9
73,12,19,394,,1,*Dimla,2430,2485,1300,1124,1130,1361,49.4,53.6,45.4
73,12,19,563,,1,*Kumar Para,1137,1491,637,642,500,849,43.3,49.8,37.1
73,12,19,581,,1,*Kutirdanga,345,685,173,331,172,354,33.5,34.3,32.7
73,12,19,638,,1,*Natabari,718,1104,383,524,335,580,39.4,42.2,36.6
73,12,19,694,,1,*Pacharhat,942,1349,526,596,416,753,41.1,46.9,35.6
73,12,19,788,,3,*Ramdanga,1548,2292,820,1073,728,1219,40.3,43.3,37.4
73,12,19,844,,1,*Sardarhat,1178,1718,665,808,513,910,40.7,45.1,36.1
73,12,19,994,,1,*Uttar Tita Para,2761,3241,1455,1549,1306,1692,46.0,48.4,43.6
73,12,28,,,,Gayabari Union Total,7949,11243,4237,5310,3712,5933,41.4,44.4,38.5
73,12,28,262,,1,*Dakshin Gayabari,1955,3463,1035,1682,920,1781,36.1,38.1,34.1
73,12,28,431,,1,*Gayabari,4069,5174,2187,2403,1882,2771,44.0,47.6,40.4
73,12,28,732,,1,*Paschim Kharibari,1925,2606,1015,1225,910,1381,42.5,45.3,39.7
73,12,38,,,,Jhunagachh Chapani Union Total,10701,17270,5539,8256,5162,9014,38.3,40.2,36.4
73,12,38,093,,1,*Bhendabari,248,474,127,234,121,240,34.3,35.2,33.5
73,12,38,206,,1,*Chhatunama,888,1999,487,984,401,1015,30.8,33.1,28.3
73,12,38,281,,1,*Dakshin Jhunagachh C,2790,4243,1443,1953,1347,2290,39.7,42.5,37.0
73,12,38,319,,1,*Dakshin Sonakhuli,1778,2753,907,1371,871,1382,39.2,39.8,38.7
73,12,38,919,,1,*Uttar Jhunagachh Cha,3187,5109,1631,2450,1556,2659,38.4,40.0,36.9
73,12,38,957,,1,*Uttar Sonakhuli,1810,2692,944,1264,866,1428,40.2,42.8,37.8
73,12,47,,,,Khalisa Chapani Union Total,11708,16170,6209,7866,5499,8304,42.0,44.1,39.8
73,12,47,056,,1,*Baish Pukur,934,2018,499,984,435,1034,31.6,33.6,29.6
73,12,47,112,,1,*Chapani Kakina,1079,1540,578,732,501,808,41.2,44.1,38.3
73,12,47,225,,1,*Chhota Khata,2578,4133,1365,2002,1213,2131,38.4,40.5,36.3
73,12,47,375,,1,*Dalia,2857,3007,1548,1490,1309,1517,48.7,51.0,46.3
73,12,47,506,,1,*Khalisa Chapani,4025,5232,2080,2551,1945,2681,43.5,44.9,42.0
73,12,47,544,,1,*Kismat Satighat,235,240,139,107,96,133,49.5,56.5,41.9
73,12,57,,,,Khoga Kharibari Union Total,8349,9332,4444,4411,3905,4921,47.2,50.2,44.2
73,12,57,075,,1,*Bandar Kharibari,2974,3467,1565,1687,1409,1780,46.2,48.1,44.2
73,12,57,187,,1,*Kismat Chhatnai,129,442,79,212,50,230,22.6,27.1,17.9
73,12,57,413,,1,*Dolpara,2738,3292,1501,1506,1237,1786,45.4,49.9,40.9
73,12,57,525,,1,*Khoga Kharibari,2508,2131,1299,1006,1209,1125,54.1,56.4,51.8
73,12,66,,,,Naotara Union Total,10692,18442,5666,8916,5026,9526,36.7,38.9,34.5
73,12,66,018,,1,*Akashkuri,2835,3525,1524,1724,1311,1801,44.6,46.9,42.1
73,12,66,469,,1,*Kakra,1471,3288,746,1611,725,1677,30.9,31.7,30.2
73,12,66,657,,1,*Naotara,3419,6002,1797,2900,1622,3102,36.3,38.3,34.3
73,12,66,826,,1,*Salhati,1564,2404,852,1126,712,1278,39.4,43.1,35.8
73,12,66,863,,1,*Satjan,1403,3223,747,1555,656,1668,30.3,32.5,28.2
73,12,76,,,,Paschim Chhatnai Union Total,8376,10693,4397,5219,3979,5474,43.9,45.7,42.1
73,12,76,488,,1,*Kaliganja,2683,3261,1445,1564,1238,1697,45.1,48.0,42.2
73,12,76,600,,1,*Madhya Chhatnai,2197,2575,1118,1272,1079,1303,46.0,46.8,45.3
73,12,76,713,,1,*Paschim Chhatnai,1514,2800,785,1387,729,1413,35.1,36.1,34.0
73,12,76,901,,1,*Thakurganj,1982,2057,1049,996,933,1061,49.1,51.3,46.8
73,12,85,,,,Purba Chhatnai Union Total,5129,6816,2710,3170,2419,3646,42.9,46.1,39.9
73,12,85,150,,1,*Chhatnai,2961,3926,1561,1831,1400,2095,43.0,46.0,40.1
73,12,85,450,,1,*Jhar Sinheshwar,365,822,205,389,160,433,30.7,34.5,27.0
73,12,85,750,,1,*Purba Chhatnai,1803,2068,944,950,859,1118,46.6,49.8,43.4
73,12,95,,,,Tepa Kharibari Union Total,5031,9750,2742,4686,2289,5064,34.0,36.9,31.1
73,12,95,131,,1,*Char Kharibari,705,2213,367,1078,338,1135,24.2,25.4,22.9
73,12,95,300,,1,*Dakshin Kharibari,2766,3750,1514,1753,1252,1997,42.4,46.3,38.5
73,12,95,769,,1,*Purba Kharibari,1295,3072,708,1510,587,1562,29.7,31.9,27.3
73,12,95,938,,1,*Uttar Kharibari,265,715,153,345,112,370,27.0,30.7,23.2
73,15,,,,,Domar Upazila Total,99191,106275,52807,50022,46384,56253,48.3,51.4,45.2
73,15,,,,1,Domar Upazila,80054,91686,42764,43267,37290,48419,46.6,49.7,43.5
73,15,,,,2,Domar Upazila,9341,5208,4909,2356,4432,2852,64.2,67.6,60.8
73,15,,,,3,Domar Upazila,9796,9381,5134,4399,4662,4982,51.1,53.9,48.3
73,15,,,,2,Domar  Paurashava,9341,5208,4909,2356,4432,2852,64.2,67.6,60.8
73,15,01,,,,Ward No-01 Total,1294,948,657,451,637,497,57.7,59.3,56.2
73,15,01,620,,2,*Paschim Beragari S/W,783,483,398,228,385,255,61.8,63.6,60.2
73,15,01,690,,2,*Bororouta East,511,465,259,223,252,242,52.4,53.7,51.0
73,15,02,,,,Ward No-02 Total,355,254,181,122,174,132,58.3,59.7,56.9
73,15,02,225,,2,*Chikanmati N/West,187,127,91,60,96,67,59.6,60.3,58.9
73,15,02,600,,2,*Chotta Routa West,168,127,90,62,78,65,56.9,59.2,54.5
73,15,03,,,,Ward No-03 Total,1114,185,576,57,538,128,85.8,91.0,80.8
73,15,03,260,,2,*Chotta Routa West,1114,185,576,57,538,128,85.8,91.0,80.8
73,15,04,,,,Ward No-04 Total,1764,907,941,382,823,525,66.0,71.1,61.1
73,15,04,275,,2,*Chotta Routa Middle,1764,907,941,382,823,525,66.0,71.1,61.1
73,15,05,,,,Ward No-05 Total,687,383,366,175,321,208,64.2,67.7,60.7
73,15,05,280,,2,*Chotta Routa Moddle,687,383,366,175,321,208,64.2,67.7,60.7
73,15,06,,,,Ward No-06 Total,1367,507,707,245,660,262,72.9,74.3,71.6
73,15,06,300,,2,*Chikanmati North Eas,1367,507,707,245,660,262,72.9,74.3,71.6
73,15,07,,,,Ward No-07 Total,813,752,432,366,381,386,51.9,54.1,49.7
73,15,07,310,,2,*Chikanmati Middle H/,813,752,432,366,381,386,51.9,54.1,49.7
73,15,08,,,,Ward No-08 Total,1092,622,585,261,507,361,63.7,69.1,58.4
73,15,08,290,,2,*Chikanmati Middle H/,1092,622,585,261,507,361,63.7,69.1,58.4
73,15,09,,,,Ward No-09 Total,855,650,464,297,391,353,56.8,61.0,52.6
73,15,09,250,,2,*Chikanmati N\E,496,419,268,204,228,215,54.2,56.8,51.5
73,15,09,260,,2,*Chotta Routa South,359,231,196,93,163,138,60.8,67.8,54.2
73,15,17,,,,Bamunia Union Total,6604,6886,3606,3202,2998,3684,49.0,53.0,44.9
73,15,17,063,,1,*Bamunia,2714,3209,1482,1526,1232,1683,45.8,49.3,42.3
73,15,17,105,,1,*Barabisa,1430,1129,781,505,649,624,55.9,60.7,51.0
73,15,17,571,,1,*Khamar Bamunia,2460,2548,1343,1171,1117,1377,49.1,53.4,44.8
73,15,19,,,,Bhogdabari Union Total,15514,14577,7880,6918,7634,7659,51.6,53.3,49.9
73,15,19,,,1,Bhogdabari Union,11642,11081,5923,5281,5719,5800,51.2,52.9,49.6
73,15,19,,,3,Bhogdabari Union,3872,3496,1957,1637,1915,1859,52.6,54.5,50.7
73,15,19,232,,3,*Chilahati,3872,3496,1957,1637,1915,1859,52.6,54.5,50.7
73,15,19,359,,1,*Danga Para,1276,1241,647,540,629,701,50.7,54.5,47.3
73,15,19,402,,1,*Gosaiganja,3234,2863,1668,1343,1566,1520,53.0,55.4,50.7
73,15,19,762,,1,*Nij Bhogdabari,5172,4573,2595,2250,2577,2323,53.1,53.6,52.6
73,15,19,846,,1,*Purba Bhogdabari,1960,2404,1013,1148,947,1256,44.9,46.9,43.0
73,15,28,,,,Boragari Union Total,10295,12464,5788,5688,4507,6776,45.2,50.4,39.9
73,15,28,,,1,Boragari Union,7423,10450,4266,4758,3157,5692,41.5,47.3,35.7
73,15,28,,,3,Boragari Union,2872,2014,1522,930,1350,1084,58.8,62.1,55.5
73,15,28,042,,1,*Baghdokra,1646,2300,925,1071,721,1229,41.7,46.3,37.0
73,15,28,719,,1,*Naodabas,1522,1585,886,698,636,887,49.0,55.9,41.8
73,15,28,740,,1,*Nayani Baghdokra,2173,4053,1270,1873,903,2180,34.9,40.4,29.3
73,15,28,804,,3,*Paschim Boragari,2872,2014,1522,930,1350,1084,58.8,62.1,55.5
73,15,28,867,,1,*Purba Boragari,2082,2512,1185,1116,897,1396,45.3,51.5,39.1
73,15,38,,,,Domar Union Total,7969,8073,4251,3819,3718,4254,49.7,52.7,46.6
73,15,38,,,1,Domar Union,4917,4202,2596,1987,2321,2215,53.9,56.6,51.2
73,15,38,,,3,Domar Union,3052,3871,1655,1832,1397,2039,44.1,47.5,40.7
73,15,38,084,,3,*Bara Rauta,1727,2324,957,1082,770,1242,42.6,46.9,38.3
73,15,38,190,,3,*Chhota Rauta,1325,1547,698,750,627,797,46.1,48.2,44.0
73,15,38,211,,1,*Chikanmati,4297,3540,2267,1655,2030,1885,54.8,57.8,51.9
73,15,38,254,,1,*Chilai,620,662,329,332,291,330,48.4,49.8,46.9
73,15,47,,,,Gomnati Union Total,9151,11622,4812,5618,4339,6004,44.1,46.1,42.0
73,15,47,275,,1,*Dakshin Ambari,1377,1557,725,758,652,799,46.9,48.9,44.9
73,15,47,296,,1,*Dakshin Gomati,2298,2561,1250,1212,1048,1349,47.3,50.8,43.7
73,15,47,381,,1,*Gomnati,1436,2669,723,1322,713,1347,35.0,35.4,34.6
73,15,47,825,,1,*Purba Ambari,1138,1143,578,538,560,605,49.9,51.8,48.1
73,15,47,952,,1,*Uttar Ambari,1724,1749,915,799,809,950,49.6,53.4,46.0
73,15,47,973,,1,*Uttar Gomnati,1178,1943,621,989,557,954,37.7,38.6,36.9
73,15,57,,,,Harinchara Union Total,6124,7983,3352,3773,2772,4210,43.4,47.0,39.7
73,15,57,021,,1,*Atiabari,819,1220,479,595,340,625,40.2,44.6,35.2
73,15,57,444,,1,*Hangsaraj,1157,1103,628,506,529,597,51.2,55.4,47.0
73,15,57,465,,1,*Harihara,183,357,105,174,78,183,33.9,37.6,29.9
73,15,57,486,,1,*Harinchara,2199,2963,1178,1429,1021,1534,42.6,45.2,40.0
73,15,57,592,,1,*Khanabari,224,369,120,189,104,180,37.8,38.8,36.6
73,15,57,889,,1,*Salmara,588,828,344,341,244,487,41.5,50.2,33.4
73,15,57,910,,1,*Seotgari,954,1143,498,539,456,604,45.5,48.0,43.0
73,15,66,,,,Jorabari Union Total,10058,9448,5431,4330,4627,5118,51.6,55.6,47.5
73,15,66,148,,1,*Betgara,2034,2016,1135,947,899,1069,50.2,54.5,45.7
73,15,66,423,,1,*Halhalia,2590,1919,1440,840,1150,1079,57.4,63.2,51.6
73,15,66,529,,1,*Jorabari,3135,3277,1668,1501,1467,1776,48.9,52.6,45.2
73,15,66,698,,1,*Mirzaganj,2299,2236,1188,1042,1111,1194,50.7,53.3,48.2
73,15,76,,,,Ketkibari Union Total,7355,7549,3788,3579,3567,3970,49.3,51.4,47.3
73,15,76,169,,1,*Chandkhana,3823,3936,2008,1863,1815,2073,49.3,51.9,46.7
73,15,76,317,,1,*Dakshin Ketakibari,1593,1933,802,937,791,996,45.2,46.1,44.3
73,15,76,994,,1,*Uttar Ketakibari,1939,1680,978,779,961,901,53.6,55.7,51.6
73,15,85,,,,Panga Matukpur Union Total,7807,10732,4197,5265,3610,5467,42.1,44.4,39.8
73,15,85,656,,1,*Matukpur,3058,4430,1683,2141,1375,2289,40.8,44.0,37.5
73,15,85,677,,1,*Melapanga,2237,2575,1151,1268,1086,1307,46.5,47.6,45.4
73,15,85,783,,1,*Panga,2512,3727,1363,1856,1149,1871,40.3,42.3,38.0
73,15,95,,,,Sonaroy Union Total,8973,11733,4793,5474,4180,6259,43.3,46.7,40.0
73,15,95,127,,1,*Baragachha,1921,2780,1031,1192,890,1588,40.9,46.4,35.9
73,15,95,338,,1,*Dalua,332,457,187,213,145,244,42.1,46.8,37.3
73,15,95,508,,1,*Jamirbari,1623,2307,872,1100,751,1207,41.3,44.2,38.4
73,15,95,550,,1,*Kaigila,336,227,189,112,147,115,59.7,62.8,56.1
73,15,95,613,,1,*Khaturia,2437,2813,1304,1336,1133,1477,46.4,49.4,43.4
73,15,95,635,,1,*Kismat Sonaroy,169,453,94,213,75,240,27.2,30.6,23.8
73,15,95,931,,1,*Sonaroy,2155,2696,1116,1308,1039,1388,44.4,46.0,42.8
73,36,,,,,Jaldhaka Upazila Total,105466,172880,57813,81924,47653,90956,37.9,41.4,34.4
73,36,,,,1,Jaldhaka Upazila,89632,150554,49181,71199,40451,79355,37.3,40.9,33.8
73,36,,,,2,Jaldhaka Upazila,15834,22326,8632,10725,7202,11601,41.5,44.6,38.3
73,36,,,,2,Jaldhaka Paurashava,15834,22326,8632,10725,7202,11601,41.5,44.6,38.3
73,36,01,,,,Ward No-01 Total,1455,2024,802,930,653,1094,41.8,46.3,37.4
73,36,01,314,,2,*Dundibari,1455,2024,802,930,653,1094,41.8,46.3,37.4
73,36,02,,,,Ward No-02 Total,3067,1647,1642,753,1425,894,65.1,68.6,61.4
73,36,02,418,,2,*Jaldhaka (Part),1227,750,673,352,554,398,62.1,65.7,58.2
73,36,02,602,,2,*Mathabhanga,1840,897,969,401,871,496,67.2,70.7,63.7
73,36,03,,,,Ward No-03 Total,1339,2322,719,1084,620,1238,36.6,39.9,33.4
73,36,03,091,,2,*Bagulagari (Part),1339,2322,719,1084,620,1238,36.6,39.9,33.4
73,36,04,,,,Ward No-04 Total,749,2056,359,1017,390,1039,26.7,26.1,27.3
73,36,04,091,,2,*Bagulagari (Part),749,2056,359,1017,390,1039,26.7,26.1,27.3
73,36,05,,,,Ward No-05 Total,2115,3426,1116,1694,999,1732,38.2,39.7,36.6
73,36,05,026,,2,*Amrulbari (Part),266,581,140,294,126,287,31.4,32.3,30.5
73,36,05,091,,2,*Bagulagari (Part),1594,2336,837,1144,757,1192,40.6,42.3,38.8
73,36,05,497,,2,*Kazirhat (Dakshin),255,509,139,256,116,253,33.4,35.2,31.4
73,36,06,,,,Ward No-06 Total,3801,3217,2118,1559,1683,1658,54.2,57.6,50.4
73,36,06,026,,2,*Amrulbari (Part),213,346,109,171,104,175,38.1,38.9,37.3
73,36,06,418,,2,*Jaldhaka (Part),2999,1959,1693,948,1306,1011,60.5,64.1,56.4
73,36,06,497,,2,*Kazirhat (North),589,912,316,440,273,472,39.2,41.8,36.6
73,36,07,,,,Ward No-07 Total,1620,4120,899,1998,721,2122,28.2,31.0,25.4
73,36,07,209,,2,*Cherenga (Part),1303,3590,718,1759,585,1831,26.6,29.0,24.2
73,36,07,877,,2,*Satighat,317,530,181,239,136,291,37.4,43.1,31.9
73,36,08,,,,Ward No-08 Total,694,1371,409,649,285,722,33.6,38.7,28.3
73,36,08,209,,2,*Cherenga (Part),694,1371,409,649,285,722,33.6,38.7,28.3
73,36,09,,,,Ward No-09 Total,994,2143,568,1041,426,1102,31.7,35.3,27.9
73,36,09,497,,2,*Kazirhat (Part),994,2143,568,1041,426,1102,31.7,35.3,27.9
73,36,13,,,,Balagram Union Total,9535,13856,5137,6504,4398,7352,40.8,44.1,37.4
73,36,13,039,,1,*Arazi Desibai,194,322,112,153,82,169,37.6,42.3,32.7
73,36,13,183,,1,*Chaoradangi,1040,1558,523,707,517,851,40.0,42.5,37.8
73,36,13,235,,1,*Chhit Mirganj,624,860,313,420,311,440,42.0,42.7,41.4
73,36,13,680,,1,*Paschim Balagram,2731,2994,1465,1383,1266,1611,47.7,51.4,44.0
73,36,13,759,,1,*Purba Balagram,3674,6264,2019,2973,1655,3291,37.0,40.4,33.5
73,36,13,864,,1,*Salangram,1272,1858,705,868,567,990,40.6,44.8,36.4
73,36,14,,,,Daoabari Union Total,3054,6902,1716,3331,1338,3571,30.7,34.0,27.3
73,36,14,628,,1,*Nekbakta,2427,4258,1318,2029,1109,2229,36.3,39.4,33.2
73,36,14,903,,1,*Siddheshwari,530,1844,328,896,202,948,22.3,26.8,17.6
73,36,14,968,,1,*Dawabari,97,800,70,406,27,394,10.8,14.7,6.4
73,36,21,,,,Dharmapal Union Total,7578,12034,4150,5840,3428,6194,38.6,41.5,35.6
73,36,21,327,,1,*Gar Dharmapal,1709,2615,953,1251,756,1364,39.5,43.2,35.7
73,36,21,510,,1,*Khachimada,956,1214,514,583,442,631,44.1,46.9,41.2
73,36,21,549,,1,*Kherkati,938,1566,497,762,441,804,37.5,39.5,35.4
73,36,21,667,,1,*Paitka Para Dharampa,2380,3678,1269,1779,1111,1899,39.3,41.6,36.9
73,36,21,837,,1,*Rasidpur,826,1638,495,805,331,833,33.5,38.1,28.4
73,36,21,994,,1,*Uttar Dharmapal,769,1323,422,660,347,663,36.8,39.0,34.4
73,36,29,,,,Golmunda Union Total,7154,14656,3976,7175,3178,7481,32.8,35.7,29.8
73,36,29,157,,1,*Bhabanchur,2381,4139,1348,2002,1033,2137,36.5,40.2,32.6
73,36,29,379,,1,*Haldibari,943,1782,548,905,395,877,34.6,37.7,31.1
73,36,29,693,,1,*Paschim Golmunda,2709,5413,1446,2624,1263,2789,33.4,35.5,31.2
73,36,29,772,,1,*Purba Golmunda,705,2573,394,1283,311,1290,21.5,23.5,19.4
73,36,29,968,,1,*Tilai,416,749,240,361,176,388,35.7,39.9,31.2
73,36,36,,,,Golna Union Total,8524,13125,4707,6276,3817,6849,39.4,42.9,35.8
73,36,36,248,,1,*Chirabhija Golna,3150,3947,1661,1862,1489,2085,44.4,47.1,41.7
73,36,36,353,,1,*Taluk Golna,1892,2960,1053,1421,839,1539,39.0,42.6,35.3
73,36,36,471,,1,*Kaliganj,1599,3114,935,1474,664,1640,33.9,38.8,28.8
73,36,36,536,,1,*Kharija Golna,1883,3104,1058,1519,825,1585,37.8,41.1,34.2
73,36,51,,,,'  Kaimari' Union Total,13771,19467,7623,8776,6148,10691,41.4,46.5,36.5
73,36,51,104,,1,*Bala Para,1251,1887,687,838,564,1049,39.9,45.0,35.0
73,36,51,170,,1,*Binyakuri,944,1190,473,552,471,638,44.2,46.1,42.5
73,36,51,196,,1,*Changmari,1620,2387,882,1097,738,1290,40.4,44.6,36.4
73,36,51,222,,1,*Chhirabadi,366,439,202,199,164,240,45.5,50.4,40.6
73,36,51,325,,1,*Gabrol,2506,2156,1380,927,1126,1229,53.8,59.8,47.8
73,36,51,445,,1,*Kaimari,4646,7188,2619,3227,2027,3961,39.3,44.8,33.9
73,36,51,890,,1,*Saulmari,2149,3813,1208,1762,941,2051,36.0,40.7,31.5
73,36,51,942,,1,*Talukbadi,289,407,172,174,117,233,41.5,49.7,33.4
73,36,58,,,,Kanthali Union Total,7953,12565,4269,5997,3684,6568,38.8,41.6,35.9
73,36,58,261,,1,*Dakshin Deshibai,2649,4237,1416,2059,1233,2178,38.5,40.7,36.1
73,36,58,706,,1,*Paschim Kanthali,1880,2599,1058,1155,822,1444,42.0,47.8,36.3
73,36,58,785,,1,*Purba Kanthali,1458,2246,784,1108,674,1138,39.4,41.4,37.2
73,36,58,981,,1,*Uttar Deshibai,1966,3483,1011,1675,955,1808,36.1,37.6,34.6
73,36,65,,,,Khutamara Union Total,9349,18753,5070,9019,4279,9734,33.3,36.0,30.5
73,36,65,052,,1,*Arazi Katali,390,1419,193,703,197,716,21.6,21.5,21.6
73,36,65,130,,1,*Baonabaoni,818,1251,436,598,382,653,39.5,42.2,36.9
73,36,65,392,,1,*Harischandra Pat,1153,2729,629,1335,524,1394,29.7,32.0,27.3
73,36,65,523,,1,*Khalisa Khutamara,1883,3316,978,1627,905,1689,36.2,37.5,34.9
73,36,65,562,,1,*Kismat Battala,601,1373,308,660,293,713,30.4,31.8,29.1
73,36,65,720,,1,*Paschim Khutamara,2606,4522,1412,2141,1194,2381,36.6,39.7,33.4
73,36,65,798,,1,*Purba Khutamara,1898,4143,1114,1955,784,2188,31.4,36.3,26.4
73,36,80,,,,Mirganj Union Total,7089,14346,3755,6902,3334,7444,33.1,35.2,30.9
73,36,80,065,,1,*Arazi Pathan Para,202,644,112,305,90,339,23.9,26.9,21.0
73,36,80,484,,1,*Kalkeot,1329,2547,680,1225,649,1322,34.3,35.7,32.9
73,36,80,615,,1,*Mirganj,464,1120,263,587,201,533,29.3,30.9,27.4
73,36,80,641,,1,*Nijpara,1000,1253,565,582,435,671,44.4,49.3,39.3
73,36,80,733,,1,*Paschim Shimulbari,1754,3118,920,1471,834,1647,36.0,38.5,33.6
73,36,80,746,,1,*Pathan Para,1486,2529,791,1178,695,1351,37.0,40.2,34.0
73,36,80,811,,1,*Purba Shimulbari,854,3135,424,1554,430,1581,21.4,21.4,21.4
73,36,87,,,,Shimulbari Union Total,8425,11711,4663,5469,3762,6242,41.8,46.0,37.6
73,36,87,078,,1,*Arazi Shimulbari,726,873,386,410,340,463,45.4,48.5,42.3
73,36,87,117,,1,*Banshdaha,874,1549,485,738,389,811,36.1,39.7,32.4
73,36,87,144,,1,*Beruband,2173,3111,1196,1481,977,1630,41.1,44.7,37.5
73,36,87,340,,1,*Ghugumari,1033,1366,566,647,467,719,43.1,46.7,39.4
73,36,87,405,,1,*Haroa Shimulbari,861,1265,462,594,399,671,40.5,43.8,37.3
73,36,87,589,,1,*Lakshmimarai,872,1139,516,497,356,642,43.4,50.9,35.7
73,36,87,824,,1,*Rajbari,969,1021,570,442,399,579,48.7,56.3,40.8
73,36,87,916,,1,*Shimulbari,917,1387,482,660,435,727,39.8,42.2,37.4
73,36,94,,,,'  Saulmari' Union Total,7200,13139,4115,5910,3085,7229,35.4,41.0,29.9
73,36,94,366,,1,*Gopaljhar,1108,2783,593,1326,515,1457,28.5,30.9,26.1
73,36,94,929,,1,*Singria,2401,3935,1419,1705,982,2230,37.9,45.4,30.6
73,36,94,955,,1,*Taluk Saulmari,3691,6421,2103,2879,1588,3542,36.5,42.2,31.0
73,45,,,,,Kishoreganj Upazila Total,83622,133706,45447,63191,38175,70515,38.5,41.8,35.1
73,45,,,,1,Kishoreganj Upazila,79958,130250,43473,61608,36485,68642,38.0,41.4,34.7
73,45,,,,3,Kishoreganj Upazila,3664,3456,1974,1583,1690,1873,51.5,55.5,47.4
73,45,17,,,,Bahagili Union Total,6478,13699,3411,6641,3067,7058,32.1,33.9,30.3
73,45,17,198,,1,*Dakshin Bahagili,1896,3649,992,1793,904,1856,34.2,35.6,32.8
73,45,17,241,,1,*Dakshin Durakuthi,576,1113,325,534,251,579,34.1,37.8,30.2
73,45,17,653,,1,*Nayankhal,1064,2367,555,1143,509,1224,31.0,32.7,29.4
73,45,17,923,,1,*Uttar Bahagili,730,1959,386,971,344,988,27.1,28.4,25.8
73,45,17,966,,1,*Uttar Durakuthi,2212,4611,1153,2200,1059,2411,32.4,34.4,30.5
73,45,25,,,,Barabhita Union Total,8496,12962,4791,6000,3705,6962,39.6,44.4,34.7
73,45,25,127,,1,*Bara Dumuria,1228,1944,678,887,550,1057,38.7,43.3,34.2
73,45,25,213,,1,*Dakshin Barabhita,1787,2463,1001,1178,786,1285,42.0,45.9,38.0
73,45,25,582,,1,*Melabar,2224,4150,1261,1890,963,2260,34.9,40.0,29.9
73,45,25,938,,1,*Uttar Barabhita,3257,4405,1851,2045,1406,2360,42.5,47.5,37.3
73,45,34,,,,Chandkhana Union Total,8215,13671,4496,6534,3719,7137,37.5,40.8,34.3
73,45,34,099,,1,*Bagulagari,1741,2132,938,1001,803,1131,45.0,48.4,41.5
73,45,34,227,,1,*Dakshin Chandkhana,2078,3353,1104,1651,974,1702,38.3,40.1,36.4
73,45,34,284,,1,*Donga,618,842,346,376,272,466,42.3,47.9,36.9
73,45,34,383,,1,*Katgari,560,867,319,418,241,449,39.2,43.3,34.9
73,45,34,881,,1,*Saranjabari,423,921,244,436,179,485,31.5,35.9,27.0
73,45,34,952,,1,*Uttar Chandkhana,2795,5556,1545,2652,1250,2904,33.5,36.8,30.1
73,45,43,,,,Garagram Union Total,11344,12390,6190,5763,5154,6627,47.8,51.8,43.7
73,45,43,028,,1,*Arazi Chandkhana,331,370,188,173,143,197,47.2,52.1,42.1
73,45,43,312,,1,*Ganesh,635,725,360,332,275,393,46.7,52.0,41.2
73,45,43,326,,1,*Garagram,4323,4711,2336,2182,1987,2529,47.9,51.7,44.0
73,45,43,326,01,1,Garagram,2567,2851,1380,1330,1187,1521,47.4,50.9,43.8
73,45,43,326,02,1,Khamar Garagram,1756,1860,956,852,800,1008,48.6,52.9,44.2
73,45,43,724,,1,*Paschim Daliram,2780,3531,1538,1628,1242,1903,44.1,48.6,39.5
73,45,43,767,,1,*Purba Daliram,2910,2604,1561,1227,1349,1377,52.8,56.0,49.5
73,45,43,852,,1,*Sairaganda,365,449,207,221,158,228,44.8,48.4,40.9
73,45,51,,,,Kishoreganj Union Total,12309,17737,6577,8262,5732,9475,41.0,44.3,37.7
73,45,51,,,1,Kishoreganj Union,8645,14281,4603,6679,4042,7602,37.7,40.8,34.7
73,45,51,,,3,Kishoreganj Union,3664,3456,1974,1583,1690,1873,51.5,55.5,47.4
73,45,51,113,,1,*Baje Dumuria,1229,2049,671,955,558,1094,37.5,41.3,33.8
73,45,51,298,,1,*Gada,984,1442,517,681,467,761,40.6,43.2,38.0
73,45,51,341,,1,*Ismail,470,540,262,250,208,290,46.5,51.2,41.8
73,45,51,397,,3,*Kesba,1887,2279,1002,1061,885,1218,45.3,48.6,42.1
73,45,51,440,,3,*Kishoreganj,1777,1177,972,522,805,655,60.2,65.1,55.1
73,45,51,611,,1,*Musha,1521,2372,778,1078,743,1294,39.1,41.9,36.5
73,45,51,795,,1,*Pushna,1631,2464,883,1180,748,1284,39.8,42.8,36.8
73,45,51,824,,1,*Rajib,2810,5414,1492,2535,1318,2879,34.2,37.0,31.4
73,45,51,824,01,1,Uttar Rajib,1199,2000,667,911,532,1089,37.5,42.3,32.8
73,45,51,824,02,1,Madhya Rajib,736,1804,392,870,344,934,29.0,31.1,26.9
73,45,51,824,03,1,Dakshin Rajib,875,1610,433,754,442,856,35.2,36.5,34.1
73,45,60,,,,Magura Union Total,10750,18405,5717,8669,5033,9736,36.9,39.7,34.1
73,45,60,255,,1,*Dakshin Singergari,1474,3144,738,1527,736,1617,31.9,32.6,31.3
73,45,60,540,,1,*Magura,6722,10915,3619,5058,3103,5857,38.1,41.7,34.6
73,45,60,994,,1,*Uttar Singergari,2554,4346,1360,2084,1194,2262,37.0,39.5,34.5
73,45,69,,,,Nitai Union Total,7689,14170,4144,6750,3545,7420,35.2,38.0,32.3
73,45,69,142,,1,*Bari Madhupur,816,1513,428,702,388,811,35.0,37.9,32.4
73,45,69,625,,1,*Musrut Panial Pukur,1287,2544,719,1226,568,1318,33.6,37.0,30.1
73,45,69,668,,1,*Nitai,2340,5255,1251,2545,1089,2710,30.8,33.0,28.7
73,45,69,710,,1,*Panial Pukur,3246,4858,1746,2277,1500,2581,40.1,43.4,36.8
73,45,86,,,,'  Putimari' Union Total,10572,17018,5809,8197,4763,8821,38.3,41.5,35.1
73,45,86,156,,1,*Bherbheri,2935,5436,1598,2603,1337,2833,35.1,38.0,32.1
73,45,86,270,,1,*Dhaijan,227,615,124,293,103,322,27.0,29.7,24.2
73,45,86,355,,1,*Kachukata,22,97,13,44,9,53,18.5,22.8,14.5
73,45,86,369,,1,*Kalikapur,4140,6681,2287,3276,1853,3405,38.3,41.1,35.2
73,45,86,454,,1,*Kismat Dhaijan,274,270,168,125,106,145,50.4,57.3,42.2
73,45,86,568,,1,*Manthana,313,590,158,277,155,313,34.7,36.3,33.1
73,45,86,753,,1,*Porakot,316,461,164,225,152,236,40.7,42.2,39.2
73,45,86,810,,1,*Putimari,2345,2868,1297,1354,1048,1514,45.0,48.9,40.9
73,45,94,,,,Ranachandi Union Total,7769,13654,4312,6375,3457,7279,36.3,40.3,32.2
73,45,94,056,,1,*Badi,1357,3032,758,1429,599,1603,30.9,34.7,27.2
73,45,94,071,,1,*Bafla,1166,1754,658,799,508,955,39.9,45.2,34.7
73,45,94,426,,1,*Kismat Bircharan,972,1364,570,626,402,738,41.6,47.7,35.3
73,45,94,497,,1,*Kuthi Para,615,1254,375,551,240,703,32.9,40.5,25.5
73,45,94,838,,1,*Ranachandi,2969,4963,1597,2356,1372,2607,37.4,40.4,34.5
73,45,94,895,,1,*Sonakuri,690,1287,354,614,336,673,34.9,36.6,33.3
73,64,,,,,Nilphamari Sadar Upazila Total,165233,196073,89399,91693,75834,104380,45.7,49.4,42.1
73,64,,,,1,Nilphamari Sadar Upazila,139865,181883,75648,85178,64217,96705,43.5,47.0,39.9
73,64,,,,2,Nilphamari Sadar Upazila,25368,14190,13751,6515,11617,7675,64.1,67.9,60.2
73,64,,,,2,Nilphamari  Paurashava,25368,14190,13751,6515,11617,7675,64.1,67.9,60.2
73,64,01,,,,Ward No-01 Total,3569,1794,1978,836,1591,958,66.5,70.3,62.4
73,64,01,829,,2,*Purba Nilphamari Bazar(Part A),3569,1794,1978,836,1591,958,66.5,70.3,62.4
73,64,02,,,,Ward No-02 Total,2277,598,1220,244,1057,354,79.2,83.3,74.9
73,64,02,829,,2,*Paschim Nilphamari Bazzar( Par,2277,598,1220,244,1057,354,79.2,83.3,74.9
73,64,03,,,,Ward No-03 Total,2972,2287,1581,1043,1391,1244,56.5,60.3,52.8
73,64,03,960,,2,*Uttar Harua (Part),2972,2287,1581,1043,1391,1244,56.5,60.3,52.8
73,64,04,,,,Ward No-04 Total,2599,2677,1566,1282,1033,1395,49.3,55.0,42.5
73,64,04,760,,2,*Madhya Harua(Part),2599,2677,1566,1282,1033,1395,49.3,55.0,42.5
73,64,05,,,,Ward No-05 Total,3488,1666,1903,722,1585,944,67.7,72.5,62.7
73,64,05,165,,2,*Arazi Kanialkhata,403,451,225,213,178,238,47.2,51.4,42.8
73,64,05,660,,2,*Paschim Nilphamari Town,438,199,239,97,199,102,68.8,71.1,66.1
73,64,05,930,,2,*Shit Itakhola,2647,1016,1439,412,1208,604,72.3,77.7,66.7
73,64,06,,,,Ward No-06 Total,1600,2069,829,999,771,1070,43.6,45.4,41.9
73,64,06,200,,2,*Dakshin Harua(Part),957,1201,500,565,457,636,44.3,46.9,41.8
73,64,06,663,,2,*Paschim Kukha Para,643,868,329,434,314,434,42.6,43.1,42.0
73,64,07,,,,Ward No-07 Total,2710,866,1355,342,1355,524,75.8,79.8,72.1
73,64,07,895,,2,*Madhaya Nilphamari Town(Part),2710,866,1355,342,1355,524,75.8,79.8,72.1
73,64,08,,,,Ward No-08 Total,2612,658,1321,260,1291,398,79.9,83.6,76.4
73,64,08,895,,2,*Purbo Nilphamari Town(Part),2612,658,1321,260,1291,398,79.9,83.6,76.4
73,64,09,,,,Ward No-09 Total,3541,1575,1998,787,1543,788,69.2,71.7,66.2
73,64,09,895,,2,*Dakshin Nilphamari Town(Part),354,40,176,6,178,34,89.8,96.7,84.0
73,64,09,900,,2,*Purba Khokapara(Part),3187,1535,1822,781,1365,754,67.5,70.0,64.4
73,64,11,,,,Chapra Saramjani Union Total,7905,13865,4259,6490,3646,7375,36.3,39.6,33.1
73,64,11,059,,1,*Arazi Kuchiamor,956,606,522,256,434,350,61.2,67.1,55.4
73,64,11,099,,1,*Babrijhar,320,538,172,262,148,276,37.3,39.6,34.9
73,64,11,149,,1,*Barua,651,1297,360,600,291,697,33.4,37.5,29.5
73,64,11,169,,1,*Beradanga,1474,3971,748,1912,726,2059,27.1,28.1,26.1
73,64,11,696,,1,*Natib Chapra,1817,2160,1032,982,785,1178,45.7,51.2,40.0
73,64,11,825,,1,*Saramjami Chapra,2687,5293,1425,2478,1262,2815,33.7,36.5,31.0
73,64,12,,,,Charaikhola Union Total,10730,14767,5663,7072,5067,7695,42.1,44.5,39.7
73,64,12,019,,1,*Arazi Charaikhola,751,679,401,315,350,364,52.5,56.0,49.0
73,64,12,159,,1,*Bengmari,1431,2294,769,1088,662,1206,38.4,41.4,35.4
73,64,12,218,,1,*Charaikhola,3488,5965,1797,2887,1691,3078,36.9,38.4,35.5
73,64,12,298,,1,*Darwani,893,1008,457,483,436,525,47.0,48.6,45.4
73,64,12,567,,1,*Kismat Charaikhola,761,1591,379,761,382,830,32.4,33.2,31.5
73,64,12,776,,1,*Paschim Kuchiamor,2173,2334,1160,1136,1013,1198,48.2,50.5,45.8
73,64,12,955,,1,*Uttar Arazi Charaikhola,1233,896,700,402,533,494,57.9,63.5,51.9
73,64,18,,,,Chaora Bargachha Union Total,8616,13064,4595,6066,4021,6998,39.7,43.1,36.5
73,64,18,029,,1,*Arazi Dalua,708,1436,370,693,338,743,33.0,34.8,31.3
73,64,18,278,,1,*Dakshin Chaora Barga,2650,3037,1443,1354,1207,1683,46.6,51.6,41.8
73,64,18,497,,1,*Kanchan Para,3026,5612,1566,2671,1460,2941,35.0,37.0,33.2
73,64,18,587,,1,*Kismat Dalua,776,1290,420,587,356,703,37.6,41.7,33.6
73,64,18,975,,1,*Uttar Chaora Bargach,1456,1689,796,761,660,928,46.3,51.1,41.6
73,64,25,,,,Gorgram Union Total,9149,13990,4954,6723,4195,7267,39.5,42.4,36.6
73,64,25,318,,1,*Dhobadanga,2551,4480,1418,2187,1133,2293,36.3,39.3,33.1
73,64,25,398,,1,*Gorgram,3000,4046,1573,1960,1427,2086,42.6,44.5,40.6
73,64,25,537,,1,*Kirtania Para,3494,5037,1905,2354,1589,2683,41.0,44.7,37.2
73,64,25,686,,1,*Nagar Bhabaniganja,104,427,58,222,46,205,19.6,20.7,18.3
73,64,31,,,,Itakhola Union Total,10855,12190,5783,5806,5072,6384,47.1,49.9,44.3
73,64,31,417,,1,*Hariballabh,430,285,248,117,182,168,60.1,67.9,52.0
73,64,31,437,,1,*Itakhola,4125,4021,2245,1974,1880,2047,50.6,53.2,47.9
73,64,31,507,,1,*Kanialkhata,3301,3966,1749,1830,1552,2136,45.4,48.9,42.1
73,64,31,835,,1,*Sindai,2684,3618,1388,1742,1296,1876,42.6,44.3,40.9
73,64,31,855,,1,*Sreenath,315,300,153,143,162,157,51.2,51.7,50.8
73,64,37,,,,Kachukata Union Total,9225,11592,5013,5394,4212,6198,44.3,48.2,40.5
73,64,37,358,,1,*Dondari,1979,1894,1073,858,906,1036,51.1,55.6,46.7
73,64,37,362,,1,*Duhuli,1606,1517,848,682,758,835,51.4,55.4,47.6
73,64,37,467,,1,*Kachukata,3651,5215,2014,2433,1637,2782,41.2,45.3,37.0
73,64,37,656,,1,*Mahabbat Bajit Para,1671,2152,916,1015,755,1137,43.7,47.4,39.9
73,64,37,895,,1,*Taluk Manushmara,318,814,162,406,156,408,28.1,28.5,27.7
73,64,44,,,,Khokshabari Union Total,8518,10588,4686,4817,3832,5771,44.6,49.3,39.9
73,64,44,288,,1,*Dakshinpara,151,150,92,65,59,85,50.2,58.6,41.0
73,64,44,368,,1,*Dukuri,527,461,301,196,226,265,53.3,60.6,46.0
73,64,44,388,,1,*Gobindapur,442,452,244,216,198,236,49.4,53.0,45.6
73,64,44,527,,1,*Khoksabari,3190,4038,1760,1834,1430,2204,44.1,49.0,39.4
73,64,44,547,,1,*Kismat Uttar Gorgram,320,464,173,212,147,252,40.8,44.9,36.8
73,64,44,577,,1,*Kismat Dakshin Gorgram,533,189,283,76,250,113,73.8,78.8,68.9
73,64,44,636,,1,*Kukradanga,211,344,116,153,95,191,38.0,43.1,33.2
73,64,44,676,,1,*Musurat Gorgram,1224,1463,674,666,550,797,45.6,50.3,40.8
73,64,44,796,,1,*Ramkala,1920,3027,1043,1399,877,1628,38.8,42.7,35.0
73,64,50,,,,Kunda Pukur Union Total,11887,14369,6382,6667,5505,7702,45.3,48.9,41.7
73,64,50,009,,1,*Angar Para,1422,1263,734,585,688,678,53.0,55.6,50.4
73,64,50,089,,1,*Arazi Ramkala,315,581,168,281,147,300,35.2,37.4,32.9
73,64,50,407,,1,*Gurguri,2429,2605,1327,1173,1102,1432,48.3,53.1,43.5
73,64,50,646,,1,*Kunda Pukur,1373,1657,710,746,663,911,45.3,48.8,42.1
73,64,50,646,01,1,Uttar Kunda Pukur,561,630,306,247,255,383,47.1,55.3,40.0
73,64,50,646,02,1,Dakshin Kunda Pukur,812,1027,404,499,408,528,44.2,44.7,43.6
73,64,50,663,,1,*Kukha Para (Part-B),433,304,234,125,199,179,58.8,65.2,52.6
73,64,50,786,,1,*Patkamuri,1093,1226,571,570,522,656,47.1,50.0,44.3
73,64,50,815,,1,*Salhati,689,925,350,436,339,489,42.7,44.5,40.9
73,64,50,885,,1,*Suti Para,3539,5167,1967,2468,1572,2699,40.7,44.4,36.8
73,64,50,965,,1,*Uttar Bala Para,594,641,321,283,273,358,48.1,53.1,43.3
73,64,63,,,,Panch Pukur Union Total,9182,9182,4989,4295,4193,4887,50.0,53.7,46.2
73,64,63,079,,1,*Arazi Manushmara,487,356,270,167,217,189,57.8,61.8,53.4
73,64,63,616,,1,*Kismat Pacha Pukur,324,588,175,291,149,297,35.5,37.6,33.4
73,64,63,746,,1,*Pacha Pukur,5275,5026,2846,2319,2429,2707,51.2,55.1,47.3
73,64,63,995,,1,*Uttar Rasosi,3096,3212,1698,1518,1398,1694,49.1,52.8,45.2
73,64,69,,,,'  Palashbari Union' Total,7236,10446,4052,4749,3184,5697,40.9,46.0,35.9
73,64,69,039,,1,*Arazi Itakhola,750,784,419,354,331,430,48.9,54.2,43.5
73,64,69,119,,1,*Bamandanga,435,356,271,142,164,214,55.0,65.6,43.4
73,64,69,189,,1,*Bhabankuri,164,287,97,119,67,168,36.4,44.9,28.5
73,64,69,487,,1,*Kanaikata Jnandas,616,776,319,364,297,412,44.3,46.7,41.9
73,64,69,517,,1,*Khalisapacha,895,1567,503,698,392,869,36.4,41.9,31.1
73,64,69,557,,1,*Kismat Bhutian,347,374,194,164,153,210,48.1,54.2,42.1
73,64,69,606,,1,*Kismat Kanaikata,194,285,115,134,79,151,40.5,46.2,34.3
73,64,69,706,,1,*Nilphamari,1585,1705,861,791,724,914,48.2,52.1,44.2
73,64,69,756,,1,*Palashbari,991,1531,561,707,430,824,39.3,44.2,34.3
73,64,69,905,,1,*Taranibari,1259,2781,712,1276,547,1505,31.2,35.8,26.7
73,64,73,,,,Lakshmi Chap Union Total,7152,9371,4053,4228,3099,5143,43.3,48.9,37.6
73,64,73,013,,1,*Akashkuri,384,521,217,231,167,290,42.4,48.4,36.5
73,64,73,274,,1,*Darihara,414,459,248,185,166,274,47.4,57.3,37.7
73,64,73,301,,1,*Dubachhuri,1749,2935,981,1344,768,1591,37.3,42.2,32.6
73,64,73,432,,1,*Kachua,850,854,477,378,373,476,49.9,55.8,43.9
73,64,73,458,,1,*Kakai Bargachha,157,268,84,120,73,148,36.9,41.2,33.0
73,64,73,576,,1,*Lakshmi Chap,2407,2775,1361,1256,1046,1519,46.4,52.0,40.8
73,64,73,654,,1,*Nrisinha,282,382,172,170,110,212,42.5,50.3,34.2
73,64,73,850,,1,*Sahadeb Bargachha,909,1177,513,544,396,633,43.6,48.5,38.5
73,64,75,,,,Ramnagar Union Total,8122,12046,4419,5666,3703,6380,40.3,43.8,36.7
73,64,75,109,,1,*Bahali Para,2075,3640,1127,1696,948,1944,36.3,39.9,32.8
73,64,75,199,,1,*Bishmuri,2081,2790,1104,1346,977,1444,42.7,45.1,40.4
73,64,75,228,,1,*Char Charabari,1105,1665,588,812,517,853,39.9,42.0,37.7
73,64,75,805,,1,*Ramnagar,2861,3951,1600,1812,1261,2139,42.0,46.9,37.1
73,64,75,805,01,1,Purba Ramnagar,890,1171,485,536,405,635,43.2,47.5,38.9
73,64,75,805,02,1,Paschim Ramnagar,1573,2194,902,991,671,1203,41.8,47.6,35.8
73,64,75,805,03,1,Dakshin Ramnagar,398,586,213,285,185,301,40.4,42.8,38.1
73,64,82,,,,Sangalshi Union Total,8814,10033,4752,4779,4062,5254,46.8,49.9,43.6
73,64,82,129,,1,*Bara Elangamari,121,289,73,137,48,152,29.5,34.8,24.0
73,64,82,139,,1,*Bara Sangalshi,3886,3176,2105,1507,1781,1669,55.0,58.3,51.6
73,64,82,248,,1,*Chhota Elangamari,287,644,153,302,134,342,30.8,33.6,28.2
73,64,82,258,,1,*Chhota Sangalshi,1482,1249,744,604,738,645,54.3,55.2,53.4
73,64,82,268,,1,*Dakshin Bala Para,492,625,283,303,209,322,44.0,48.3,39.4
73,64,82,328,,1,*Dighaldangi,1065,1499,596,709,469,790,41.5,45.7,37.3
73,64,82,477,,1,*Kadikul,413,627,217,301,196,326,39.7,41.9,37.5
73,64,82,666,,1,*Musrat Kukha Para,182,441,97,203,85,238,29.2,32.3,26.3
73,64,82,865,,1,*Subarnakhuli,886,1483,484,713,402,770,37.4,40.4,34.3
73,64,88,,,,Sonaroy Union Total,11307,12981,6028,6000,5279,6981,46.6,50.1,43.1
73,64,88,065,,1,*Arazi Kukha Para,256,188,149,83,107,105,57.7,64.2,50.5
73,64,88,179,,1,*Berakuthi,2359,2500,1249,1188,1110,1312,48.5,51.3,45.8
73,64,88,208,,1,*Chak Dublia,1114,1942,604,928,510,1014,36.5,39.4,33.5
73,64,88,378,,1,*Gerdda Joychandi,255,298,149,128,106,170,46.1,53.8,38.4
73,64,88,447,,1,*Joychandi,1185,1009,618,443,567,566,54.0,58.2,50.0
73,64,88,457,,1,*Joychandi Swarup Para,803,839,450,363,353,476,48.9,55.4,42.6
73,64,88,766,,1,*Paschim Arazi Charaikhola,285,415,156,182,129,233,40.7,46.2,35.6
73,64,88,845,,1,*Sonaroy,3689,4065,1911,1894,1778,2171,47.6,50.2,45.0
73,64,88,925,,1,*Tilai Joychandi,223,551,127,261,96,290,28.8,32.7,24.9
73,64,88,945,,1,*Ulat Para,341,574,189,270,152,304,37.3,41.2,33.3
73,64,88,985,,1,*Uttar Musrat Kukha Para,797,600,426,260,371,340,57.1,62.1,52.2
73,64,94,,,,Tupamari Union Total,11167,13399,6020,6426,5147,6973,45.5,48.4,42.5
73,64,94,308,,1,*Daud,708,1177,389,557,319,620,37.6,41.1,34.0
73,64,94,338,,1,*Dogachhi,425,359,207,166,218,193,54.2,55.5,53.0
73,64,94,348,,1,*Dolua Dogachhi,831,1051,431,509,400,542,44.2,45.9,42.5
73,64,94,597,,1,*Kismat Dogachhi,1272,1654,699,790,573,864,43.5,46.9,39.9
73,64,94,736,,1,*Nityanandi,734,900,399,420,335,480,44.9,48.7,41.1
73,64,94,829,,1,*Nilphamari Bazar (Part)B,2210,2065,1230,951,980,1114,51.7,56.4,46.8
73,64,94,875,,1,*Sukhdhan,1164,1547,628,736,536,811,42.9,46.0,39.8
73,64,94,915,,1,*Tennargar,619,620,341,310,278,310,50.0,52.4,47.3
73,64,94,935,,1,*Tupamari,3204,4026,1696,1987,1508,2039,44.3,46.0,42.5
73,85,,,,,Saidpur Upazila Total,122794,102280,65217,48325,57577,53955,54.6,57.4,51.6
73,85,,,,1,Saidpur Upazila,50336,61106,26279,29109,24057,31997,45.2,47.4,42.9
73,85,,,,2,Saidpur Upazila,70973,40162,38146,18750,32827,21412,63.9,67.0,60.5
73,85,,,,3,Saidpur Upazila,1485,1012,792,466,693,546,59.5,63.0,55.9
73,85,,,,2,Saidpur  Paurashava,70973,40162,38146,18750,32827,21412,63.9,67.0,60.5
73,85,01,,,,Ward No-01 Total,4523,4521,2332,2198,2191,2323,50.0,51.5,48.5
73,85,01,211,,2,*Bothlagari,2996,3093,1561,1478,1435,1615,49.2,51.4,47.0
73,85,01,361,,2,*Kaya Golahat Uttar,1527,1428,771,720,756,708,51.7,51.7,51.6
73,85,02,,,,Ward No-02 Total,4508,4364,2409,2110,2099,2254,50.8,53.3,48.2
73,85,02,295,,2,*Kaya Golahat Dakshin,4141,4035,2209,1959,1932,2076,50.6,53.0,48.2
73,85,02,422,,2,*Islambagh Uttar,367,329,200,151,167,178,52.7,57.0,48.4
73,85,03,,,,Ward No-03 Total,3113,2683,1636,1234,1477,1449,53.7,57.0,50.5
73,85,03,285,,2,*Islambagh Dakshin,1833,1330,952,590,881,740,58.0,61.7,54.3
73,85,03,934,,2,*Rasulpur,1280,1353,684,644,596,709,48.6,51.5,45.7
73,85,04,,,,Ward No-04 Total,5726,2228,3031,978,2695,1250,72.0,75.6,68.3
73,85,04,030,,2,*Atiar Colony,295,219,155,103,140,116,57.4,60.1,54.7
73,85,04,452,,2,*Kangali Para Uttar,3240,1244,1718,562,1522,682,72.3,75.4,69.1
73,85,04,723,,2,*Nayatola,2191,765,1158,313,1033,452,74.1,78.7,69.6
73,85,05,,,,Ward No-05 Total,4159,1806,2121,794,2038,1012,69.7,72.8,66.8
73,85,05,270,,2,*Koyaniz Para Dakshin,421,138,215,67,206,71,75.3,76.2,74.4
73,85,05,633,,2,*Munshi Para Paschim,3738,1668,1906,727,1832,941,69.1,72.4,66.1
73,85,06,,,,Ward No-06 Total,5905,3086,3104,1467,2801,1619,65.7,67.9,63.4
73,85,06,690,,2,*Munshipara Purba,2379,1097,1243,495,1136,602,68.4,71.5,65.4
73,85,06,753,,2,*Niamatpur,3526,1989,1861,972,1665,1017,63.9,65.7,62.1
73,85,07,,,,Ward No-07 Total,3141,1649,1649,760,1492,889,65.6,68.5,62.7
73,85,07,813,,2,*Officer's Colony,1259,1021,697,501,562,520,55.2,58.2,51.9
73,85,07,874,,2,*Puratan Babu Para,1882,628,952,259,930,369,75.0,78.6,71.6
73,85,08,,,,Ward No-08 Total,7781,2920,4139,1283,3642,1637,72.7,76.3,69.0
73,85,08,100,,2,*Bangalipur Dakshin(N,3994,1050,2193,409,1801,641,79.2,84.3,73.8
73,85,08,165,,2,*Bangalipur Nichu Col,1042,307,501,153,541,154,77.2,76.6,77.8
73,85,08,220,,2,*Cantt. Area (Bangali,2151,720,1144,289,1007,431,74.9,79.8,70.0
73,85,08,365,,2,*Hatikhana Camp(Purba,594,843,301,432,293,411,41.3,41.1,41.6
73,85,09,,,,Ward No-09 Total,2718,1949,1416,935,1302,1014,58.2,60.2,56.2
73,85,09,060,,2,*Bania Para,581,347,302,164,279,183,62.6,64.8,60.4
73,85,09,391,,2,*Hatikhana Paschim,2137,1602,1114,771,1023,831,57.2,59.1,55.2
73,85,10,,,,Ward No-10 Total,6401,3476,3493,1663,2908,1813,64.8,67.7,61.6
73,85,10,124,,2,*Chaul Bazar (Rice Mil),56,27,31,12,25,15,67.5,72.1,62.5
73,85,10,331,,2,*Goal Para,802,170,424,80,378,90,82.5,84.1,80.8
73,85,10,360,,2,*Hawladar Para,1275,642,841,320,434,322,66.5,72.4,57.4
73,85,10,482,,2,*Kazi Para,2370,1147,1215,518,1155,629,67.4,70.1,64.7
73,85,10,512,,2,*Kazirhat,1369,857,714,412,655,445,61.5,63.4,59.5
73,85,10,844,,2,*Patwari Para,529,633,268,321,261,312,45.5,45.5,45.5
73,85,11,,,,Ward No-11 Total,6352,2413,3437,1069,2915,1344,72.5,76.3,68.4
73,85,11,542,,2,*Kundal,1644,760,926,352,718,408,68.4,72.5,63.8
73,85,11,650,,2,*Natun Babu Para Daks,2967,928,1601,393,1366,535,76.2,80.3,71.9
73,85,11,693,,2,*Natun Bazar,1184,548,621,256,563,292,68.4,70.8,65.8
73,85,11,904,,2,*Rail Bazar Dakshin,557,177,289,68,268,109,75.9,81.0,71.1
73,85,12,,,,Ward No-12 Total,3627,1799,1940,841,1687,958,66.8,69.8,63.8
73,85,12,260,,2,*Sahebpara Dakshin,702,579,348,301,354,278,54.8,53.6,56.0
73,85,12,581,,2,*Christan Para,415,162,218,82,197,80,71.9,72.7,71.1
73,85,12,663,,2,*Natun Babu Para Utta,2343,943,1275,404,1068,539,71.3,75.9,66.5
73,85,12,720,,2,*Rail Bazar Uttar,167,115,99,54,68,61,59.2,64.7,52.7
73,85,13,,,,Ward No-13 Total,3977,2864,2067,1344,1910,1520,58.1,60.6,55.7
73,85,13,090,,2,*Banshbari Dakshin,1374,1008,711,464,663,544,57.7,60.5,54.9
73,85,13,786,,2,*Settlement Para,788,223,421,85,367,138,77.9,83.2,72.7
73,85,13,964,,2,*Saheb Para Uttar,1815,1633,935,795,880,838,52.6,54.0,51.2
73,85,14,,,,Ward No-14 Total,3079,2235,1663,1039,1416,1196,57.9,61.5,54.2
73,85,14,572,,2,*Banshbari Maddhaya,3079,2235,1663,1039,1416,1196,57.9,61.5,54.2
73,85,15,,,,Ward No-15 Total,3038,2065,1597,994,1441,1071,59.5,61.6,57.4
73,85,15,112,,2,*Banshbari Uttar,442,211,254,92,188,119,67.7,73.4,61.2
73,85,15,599,,2,*Kaya Mistry Para,322,229,161,100,161,129,58.4,61.7,55.5
73,85,15,603,,2,*Mistry Para,2274,1625,1182,802,1092,823,58.3,59.6,57.0
73,85,23,,,,Bangalipur Union Total,9236,7563,4786,3471,4450,4092,55.0,58.0,52.1
73,85,23,,,1,Bangalipur Union,7751,6551,3994,3005,3757,3546,54.2,57.1,51.4
73,85,23,,,3,Bangalipur Union,1485,1012,792,466,693,546,59.5,63.0,55.9
73,85,23,181,,1,*Bara Sail Para (Part,1944,1795,1004,816,940,979,52.0,55.2,49.0
73,85,23,220,,3,*Bangalipur (Part),1485,1012,792,466,693,546,59.5,63.0,55.9
73,85,23,758,,1,*Lakshmanpur Charak Para,2762,1818,1394,875,1368,943,60.3,61.4,59.2
73,85,23,781,,1,*Lakshmanpur Bala Para,2305,2246,1192,1009,1113,1237,50.6,54.2,47.4
73,85,23,805,,1,*Lakshmanpur Paschim,740,692,404,305,336,387,51.7,57.0,46.5
73,85,27,,,,Bothlagari Union Total,13099,18357,6819,8840,6280,9517,41.6,43.5,39.8
73,85,27,189,,1,*Bara Daha,638,607,339,284,299,323,51.2,54.4,48.1
73,85,27,211,,1,*Bothlagari (Part),2577,3887,1356,1886,1221,2001,39.9,41.8,37.9
73,85,27,549,,1,*Khurda Bothlagari (P,1441,2073,768,1019,673,1054,41.0,43.0,39.0
73,85,27,639,,1,*Kismat Kadikhol,620,945,315,467,305,478,39.6,40.3,39.0
73,85,27,971,,1,*Sashkandar,2727,3379,1354,1657,1373,1722,44.7,45.0,44.4
73,85,27,994,,1,*Sonakhuli,5096,7466,2687,3527,2409,3939,40.6,43.2,37.9
73,85,40,,,,Kamar Pukur Union Total,11171,10566,5779,5052,5392,5514,51.4,53.4,49.4
73,85,40,023,,1,*Aisdhal,1904,1655,1000,759,904,896,53.5,56.9,50.2
73,85,40,118,,1,*Asurkhai,1165,1491,616,723,549,768,43.9,46.0,41.7
73,85,40,142,,1,*Baghdokra,455,337,231,148,224,189,57.4,60.9,54.2
73,85,40,260,,1,*Brahmuttar,1524,1061,798,472,726,589,59.0,62.8,55.2
73,85,40,331,,1,*Dalua,865,909,458,461,407,448,48.8,49.8,47.6
73,85,40,355,,1,*Dhalgachh,1154,1087,582,549,572,538,51.5,51.5,51.5
73,85,40,426,,1,*Kamar Pukur,1475,1351,742,666,733,685,52.2,52.7,51.7
73,85,40,663,,1,*Kismat Kamar Pukur,644,521,323,243,321,278,55.3,57.1,53.6
73,85,40,734,,1,*Kuzi Pukur,618,565,307,277,311,288,52.2,52.6,51.9
73,85,40,753,,1,*Niamatpur (Part),273,356,139,173,134,183,43.4,44.6,42.3
73,85,40,876,,1,*Nijbari,1094,1233,583,581,511,652,47.0,50.1,43.9
73,85,54,,,,Khata Madhupur Union Total,7740,10500,4073,4981,3667,5519,42.4,45.0,39.9
73,85,54,071,,1,*Arazi Khata Madhupur,123,172,74,81,49,91,41.7,47.7,35.0
73,85,54,307,,1,*Chhail,637,931,342,428,295,503,40.6,44.4,37.0
73,85,54,497,,1,*Khalisa Belpukur,947,1146,497,520,450,626,45.2,48.9,41.8
73,85,54,521,,1,*Khalisa Dhulia,1302,2161,673,1024,629,1137,37.6,39.7,35.6
73,85,54,544,,1,*Khata Madhupur,3009,4525,1569,2172,1440,2353,39.9,41.9,38.0
73,85,54,829,,1,*Musarat Dhulia,1722,1565,918,756,804,809,52.4,54.8,49.8
73,85,67,,,,Kushiram Belpukur Union Total,10575,15132,5614,7231,4961,7901,41.1,43.7,38.6
73,85,67,047,,1,*Arazi Khalisa Dhulia,353,736,174,375,179,361,32.4,31.7,33.1
73,85,67,094,,1,*Arazi Kismat Chaora,574,652,299,313,275,339,46.8,48.9,44.8
73,85,67,284,,1,*Chaora,773,1709,392,781,381,928,31.1,33.4,29.1
73,85,67,379,,1,*Dhopghat,75,243,40,114,35,129,23.6,26.0,21.3
73,85,67,402,,1,*Digso,312,309,161,151,151,158,50.2,51.6,48.9
73,85,67,450,,1,*Kashiram Belpukur,1394,1469,808,683,586,786,48.7,54.2,42.7
73,85,67,592,,1,*Kismat Chaora,88,256,42,128,46,128,25.6,24.7,26.4
73,85,67,615,,1,*Kismat Dangi,984,1808,509,901,475,907,35.2,36.1,34.4
73,85,67,687,,1,*Kumargari,322,316,167,138,155,178,50.5,54.8,46.5
73,85,67,900,,1,*Paschim Belpukur,3418,4881,1834,2391,1584,2490,41.2,43.4,38.9
73,85,67,923,,1,*Purba Belpukur,2282,2753,1188,1256,1094,1497,45.3,48.6,42.2
73,85,98,,,,Cantonment Total,2925,104,2112,41,813,63,96.6,98.1,92.8
73,85,98,998,,2,*Cantonment,2925,104,2112,41,813,63,96.6,98.1,92.8
