0,1,2,3,4,5,6,7,8,9,10,11,12,13,14,15,16
78,,,,,,Patuakhali Zila Total,345113,3.2,10.8,18.4,24.6,19.9,11.4,5.8,6.0,4.4
78,,,,,1,Patuakhali Zila,300605,3.1,10.8,18.2,24.4,20.1,11.6,5.8,6.0,4.4
78,,,,,2,Patuakhali Zila,27258,4.0,10.9,20.7,25.9,17.5,9.6,5.0,6.4,4.3
78,,,,,3,Patuakhali Zila,17250,2.8,9.7,18.4,26.2,19.9,11.4,5.8,5.7,4.4
78,38,,,,,Bauphal Upazila Total,67663,3.3,10.3,17.3,24.0,20.2,12.1,6.3,6.6,4.5
78,38,,,,1,Bauphal Upazila,63988,3.4,10.4,17.3,23.8,20.3,12.1,6.3,6.5,4.5
78,38,,,,2,Bauphal Upazila,2509,3.3,8.8,19.7,26.5,16.7,12.0,5.9,7.2,4.5
78,38,,,,3,Bauphal Upazila,1166,1.5,8.1,13.8,26.8,23.0,13.6,6.0,7.3,4.7
78,38,,,,2,Bauphal Paurashava,2509,3.3,8.8,19.7,26.5,16.7,12.0,5.9,7.2,4.5
78,38,01,,,,Ward No-01 Total,140,4.3,12.9,15.7,27.9,12.1,17.9,4.3,5.0,4.3
78,38,01,201,,2,*Bil Bilas (Part),140,4.3,12.9,15.7,27.9,12.1,17.9,4.3,5.0,4.3
78,38,02,,,,Ward No-02 Total,200,3.5,10.5,21.5,25.5,18.5,11.5,4.0,5.0,4.3
78,38,02,166,,2,*Bauphal (Part),82,6.1,9.8,19.5,24.4,19.5,11.0,4.9,4.9,4.3
78,38,02,229,,2,*Chandapara (Part),118,1.7,11.0,22.9,26.3,17.8,11.9,3.4,5.1,4.3
78,38,03,,,,Ward No-03 Total,395,3.3,8.9,20.3,26.1,14.2,13.4,5.1,8.9,4.6
78,38,03,166,,2,*Bauphal (Part),395,3.3,8.9,20.3,26.1,14.2,13.4,5.1,8.9,4.6
78,38,04,,,,Ward No-04 Total,362,1.7,9.1,19.9,27.9,13.5,12.2,5.5,10.2,4.7
78,38,04,166,,2,*Bauphal (Part),362,1.7,9.1,19.9,27.9,13.5,12.2,5.5,10.2,4.7
78,38,05,,,,Ward No-05 Total,189,4.2,6.9,23.3,22.2,18.0,8.5,8.5,8.5,4.5
78,38,05,166,,2,*Bauphal (Part),189,4.2,6.9,23.3,22.2,18.0,8.5,8.5,8.5,4.5
78,38,06,,,,Ward No-06 Total,178,3.4,9.0,18.0,25.8,19.7,14.6,5.6,3.9,4.4
78,38,06,445,,2,*Daspara (Part),178,3.4,9.0,18.0,25.8,19.7,14.6,5.6,3.9,4.4
78,38,07,,,,Ward No-07 Total,497,3.0,8.0,22.5,26.4,18.3,9.5,6.2,6.0,4.5
78,38,07,445,,2,*Daspara (Part),497,3.0,8.0,22.5,26.4,18.3,9.5,6.2,6.0,4.5
78,38,08,,,,Ward No-08 Total,183,5.5,5.5,18.6,30.1,18.6,9.8,6.0,6.0,4.4
78,38,08,772,,2,*Nazirpur (Part),183,5.5,5.5,18.6,30.1,18.6,9.8,6.0,6.0,4.4
78,38,09,,,,Ward No-09 Total,365,3.0,9.6,15.3,26.3,17.8,13.7,6.8,7.4,4.6
78,38,09,445,,2,*Daspara (Part),365,3.0,9.6,15.3,26.3,17.8,13.7,6.8,7.4,4.6
78,38,10,,,,Adabaria Union Total,3779,3.4,9.1,16.2,23.0,19.8,13.0,6.9,8.8,4.7
78,38,10,006,,1,*Adabaria,1182,3.2,9.6,14.6,22.7,20.8,12.9,6.0,10.2,4.7
78,38,10,006,01,1,Adabaria,335,4.8,10.4,14.6,21.2,20.0,13.1,4.5,11.3,4.7
78,38,10,006,02,1,Gulithamouj,150,4.7,13.3,18.7,30.0,14.7,12.0,1.3,5.3,4.1
78,38,10,006,03,1,Dakshin Madhabpur,406,2.7,6.9,11.1,20.7,23.6,16.0,8.4,10.6,5.0
78,38,10,006,04,1,Uttar Madhabpur,291,1.4,10.3,17.5,23.4,21.0,8.9,6.9,10.7,4.7
78,38,10,062,,1,*Atashkhali,567,4.8,7.2,15.9,22.0,21.0,13.6,7.6,7.9,4.7
78,38,10,438,,1,*Dakshin Lakshmipasha,406,1.7,7.6,20.0,22.7,15.3,14.5,9.6,8.6,4.7
78,38,10,633,,1,*Kashipur,276,1.1,5.1,14.1,23.2,22.1,16.7,8.7,9.1,5.0
78,38,10,695,,1,*Madhabpur (Part),334,5.7,10.8,13.8,24.3,20.4,11.1,7.2,6.9,4.5
78,38,10,702,,1,*Mahasradhi,695,2.4,9.8,16.7,24.0,19.4,11.4,6.8,9.5,4.7
78,38,10,890,,1,*Sabupur (Part),120,8.3,11.7,14.2,25.0,18.3,12.5,4.2,5.8,4.2
78,38,10,918,,1,*Sapleza,82,3.7,15.9,41.5,28.0,6.1,3.7,1.2,0.0,3.3
78,38,10,988,,1,*Uttar Lakshmipasha,117,2.6,10.3,14.5,15.4,24.8,19.7,4.3,8.5,4.8
78,38,11,,,,Baga Union Total,4853,3.1,9.4,16.7,23.6,19.3,12.5,6.8,8.5,4.6
78,38,11,076,,1,*Baga,458,3.3,9.2,16.6,22.7,17.0,12.4,7.6,11.1,4.8
78,38,11,111,,1,*Bamnikati,315,3.8,5.4,14.9,23.2,19.4,13.3,9.5,10.5,4.9
78,38,11,118,,1,*Banajora,306,1.6,7.5,16.0,26.8,22.9,13.4,3.6,8.2,4.6
78,38,11,215,,1,*Chabua,88,4.5,8.0,13.6,17.0,19.3,17.0,5.7,14.8,5.1
78,38,11,222,,1,*Chandpal,163,4.3,6.7,20.9,22.1,19.6,12.9,5.5,8.0,4.6
78,38,11,473,,1,*Dhaurabhanga,265,2.6,9.8,15.5,23.4,17.4,13.6,7.5,10.2,4.8
78,38,11,647,,1,*Kaukhali,413,1.7,10.7,17.2,26.4,19.9,10.2,6.8,7.3,4.5
78,38,11,693,,1,*Madhabpur (Part),321,5.0,7.8,14.3,26.8,22.4,10.6,6.9,6.2,4.5
78,38,11,693,01,1,Balia,166,6.6,7.8,16.9,27.1,20.5,9.6,3.6,7.8,4.4
78,38,11,693,02,1,Chandan Baria,155,3.2,7.7,11.6,26.5,24.5,11.6,10.3,4.5,4.6
78,38,11,821,,1,*Paschim Kayna,205,3.4,17.1,19.5,18.5,21.5,7.8,6.3,5.9,4.4
78,38,11,848,,1,*Rajnagar,1139,2.8,9.3,15.7,22.9,18.7,13.3,7.8,9.4,4.7
78,38,11,890,,1,*Sabupur,754,3.7,10.6,17.5,21.6,18.2,13.9,6.2,8.2,4.6
78,38,11,890,01,1,Sabupur (Part),653,3.4,10.1,17.5,20.4,19.4,14.7,5.8,8.7,4.6
78,38,11,890,02,1,Dasher Haowla,101,5.9,13.9,17.8,29.7,9.9,8.9,8.9,5.0,4.2
78,38,11,904,,1,*Sannyasikanda,186,4.3,7.0,19.9,24.7,21.0,10.2,5.9,7.0,4.5
78,38,11,911,,1,*Saplakhali,240,1.7,11.7,20.0,29.2,18.3,10.8,5.0,3.3,4.2
78,38,29,,,,Bauphal Union Total,4709,2.6,10.1,17.1,25.1,20.8,12.2,6.0,6.0,4.5
78,38,29,,,1,Bauphal Union,4452,2.7,10.1,17.3,24.9,20.7,12.2,6.1,6.1,4.5
78,38,29,,,3,Bauphal Union,257,1.2,9.7,14.8,30.0,23.0,12.8,4.3,4.3,4.4
78,38,29,027,,1,*Alipura,531,2.4,8.5,19.4,23.5,20.5,12.2,7.2,6.2,4.5
78,38,29,166,,3,*Bauphal (Part),257,1.2,9.7,14.8,30.0,23.0,12.8,4.3,4.3,4.4
78,38,29,201,,1,*Bil Bilas (Part),1741,3.1,9.8,17.9,24.8,20.2,13.2,4.6,6.4,4.4
78,38,29,424,,1,*Dakshin Hosnabad,176,2.8,10.2,13.1,14.2,21.6,11.4,16.5,10.2,5.0
78,38,29,535,,1,*Gosinga,988,2.1,10.7,17.2,28.6,20.6,10.6,5.3,4.8,4.4
78,38,29,556,,1,*Jauta,853,2.7,10.7,14.8,22.7,22.3,12.8,7.2,6.9,4.6
78,38,29,654,,1,*Kayna,163,1.2,11.7,22.1,29.4,17.2,8.6,6.7,3.1,4.2
78,38,35,,,,Daspara Union Total,4032,2.1,8.3,14.4,24.6,21.6,14.2,7.0,7.8,4.7
78,38,35,,,1,Daspara Union,3123,2.3,8.5,14.6,24.2,21.2,14.3,7.2,7.7,4.7
78,38,35,,,3,Daspara Union,909,1.5,7.7,13.5,25.9,23.0,13.8,6.5,8.1,4.8
78,38,35,090,,1,*Bahir Daspara,698,2.3,11.0,15.5,24.4,19.1,12.8,7.3,7.7,4.6
78,38,35,243,,1,*Char Algi,456,1.3,8.6,13.2,26.3,21.3,15.1,6.6,7.7,4.7
78,38,35,445,,3,*Daspara (Part),909,1.5,7.7,13.5,25.9,23.0,13.8,6.5,8.1,4.8
78,38,35,667,,1,*Khajurbaria,1969,2.5,7.6,14.6,23.6,22.0,14.7,7.3,7.6,4.7
78,38,41,,,,Dhulia Union Total,3987,3.0,11.7,19.8,26.4,19.7,11.4,4.5,3.4,4.2
78,38,41,013,,1,*Adhbaral,9,0.0,0.0,22.2,33.3,22.2,11.1,0.0,11.1,4.9
78,38,41,034,,1,*Aloki Chandkati,464,2.2,20.0,22.0,22.2,15.1,11.9,3.4,3.2,3.9
78,38,41,230,,1,*Chandkati,940,1.0,12.8,21.3,25.1,20.5,11.3,4.7,3.4,4.2
78,38,41,246,,1,*Basudebpasha,36,0.0,0.0,25.0,72.2,2.8,0.0,0.0,0.0,3.8
78,38,41,257,,1,*Char Basudebpasha,180,0.0,3.3,27.8,42.8,15.0,8.3,2.8,0.0,4.1
78,38,41,278,,1,*Char Chandkati,240,1.7,12.5,18.8,32.5,19.2,8.3,2.9,4.2,4.2
78,38,41,480,,1,*Dhulia,374,0.5,8.8,17.1,26.5,20.6,15.2,7.2,4.0,4.6
78,38,41,521,,1,*Ghurchakati,1219,5.4,11.5,18.3,23.6,21.5,11.2,4.8,3.7,4.2
78,38,41,521,01,1,Ghurchakati,780,5.6,11.5,17.2,24.7,22.4,11.3,4.2,2.9,4.2
78,38,41,521,02,1,Jamolkati,439,5.0,11.4,20.3,21.6,19.8,10.9,5.9,5.0,4.3
78,38,41,737,,1,*Mathbaria,270,3.3,7.0,20.0,31.1,18.9,13.7,3.0,3.0,4.3
78,38,41,960,,1,*Tentulia,19,5.3,0.0,21.1,26.3,15.8,21.1,5.3,5.3,4.6
78,38,41,974,,1,*Uttar Hosnabad,236,8.1,11.0,16.1,22.5,22.5,10.2,5.5,4.2,4.2
78,38,47,,,,Kanchi Para Union Total,3944,4.3,13.5,18.5,24.8,19.2,10.3,5.1,4.2,4.2
78,38,47,041,,1,*Amarkhali,240,2.5,10.8,21.7,22.9,22.5,8.3,6.3,5.0,4.3
78,38,47,055,,1,*Anarasia,149,2.7,11.4,16.1,21.5,20.8,13.4,9.4,4.7,4.5
78,38,47,354,,1,*Char Raghunathdi,116,2.6,6.0,17.2,27.6,19.0,17.2,6.0,4.3,4.5
78,38,47,382,,1,*Chhatrakanda,355,5.6,21.4,23.1,21.1,17.2,7.0,2.5,2.0,3.7
78,38,47,452,,1,*Deopaskia,111,6.3,9.0,18.0,26.1,18.0,7.2,6.3,9.0,4.5
78,38,47,570,,1,*Kanchi Para,1205,5.5,12.6,17.7,25.6,19.4,9.7,4.7,4.7,4.2
78,38,47,619,,1,*Karkhana,841,5.7,18.2,18.8,24.6,15.7,9.2,4.3,3.6,3.9
78,38,47,619,01,1,Karkhana,390,1.3,10.3,17.4,28.2,19.2,12.3,6.4,4.9,4.4
78,38,47,619,02,1,Suradi,116,27.6,32.8,13.8,15.5,6.0,2.6,1.7,0.0,2.5
78,38,47,619,03,1,Dariabad,115,2.6,8.7,19.1,23.5,17.4,12.2,7.8,8.7,4.6
78,38,47,619,04,1,Arazi Baultala,100,2.0,42.0,26.0,22.0,7.0,1.0,0.0,0.0,2.9
78,38,47,619,05,1,Bazar Khola,120,5.0,19.2,21.7,25.0,19.2,9.2,0.0,0.8,3.7
78,38,47,730,,1,*Mandarban,267,0.7,9.7,16.1,25.5,23.2,15.4,6.4,3.0,4.5
78,38,47,807,,1,*Pakdal,660,2.3,10.0,18.0,26.2,21.4,11.7,5.9,4.5,4.4
78,38,53,,,,Kalaiya Union Total,5515,2.8,9.6,16.8,23.2,22.0,12.2,7.1,6.3,4.5
78,38,53,180,,1,*Baze Sandwip,92,3.3,16.3,19.6,19.6,20.7,12.0,4.3,4.3,4.2
78,38,53,487,,1,*Diarakachua,316,0.9,4.4,15.5,22.2,20.3,15.8,10.4,10.4,5.0
78,38,53,584,,1,*Kalalya,3032,2.7,9.7,17.2,22.8,21.9,12.3,6.9,6.5,4.6
78,38,53,626,,1,*Karpurkati,1176,3.7,10.6,16.8,23.4,22.4,9.9,7.2,6.0,4.5
78,38,53,925,,1,*Saula,899,2.3,9.1,16.0,24.9,22.7,13.6,6.5,4.9,4.5
78,38,59,,,,Kalisuri Union Total,5252,3.3,12.7,19.5,25.5,18.7,10.7,5.0,4.7,4.2
78,38,59,132,,1,*Bara Arainaw,265,2.6,10.9,17.0,25.7,17.0,10.9,6.4,9.4,4.6
78,38,59,396,,1,*Chhitka,524,5.5,14.9,16.0,23.1,18.9,11.8,5.2,4.6,4.2
78,38,59,431,,1,*Dakshin Kabirkati,217,2.8,11.1,20.3,30.4,15.7,11.1,3.2,5.5,4.2
78,38,59,459,,1,*Dhala Para,99,1.0,19.2,29.3,28.3,16.2,3.0,3.0,0.0,3.6
78,38,59,598,,1,*Kalisuri,1030,3.8,12.6,24.8,29.7,17.0,6.8,2.4,2.9,3.9
78,38,59,828,,1,*Patila Para,131,3.8,9.9,19.1,21.4,16.0,12.2,11.5,6.1,4.5
78,38,59,834,,1,*Ponahura,714,2.0,9.9,19.0,24.5,21.3,11.8,5.2,6.3,4.5
78,38,59,841,,1,*Rajapur,1008,2.7,14.7,17.7,21.7,17.8,14.0,6.3,5.2,4.3
78,38,59,876,,1,*Ranbhairab,190,1.1,12.1,15.8,20.0,23.7,14.2,8.9,4.2,4.5
78,38,59,932,,1,*Shibpur,373,1.6,12.3,20.1,27.9,18.0,9.7,6.4,4.0,4.3
78,38,59,939,,1,*Singrakati,496,4.2,10.9,16.7,25.8,21.4,10.7,5.2,5.0,4.3
78,38,59,981,,1,*Uttar Kabirkati,205,7.8,15.6,18.5,28.8,20.0,7.3,1.5,0.5,3.7
78,38,65,,,,Kanakdia Union Total,4464,3.6,11.0,19.2,24.5,19.4,10.9,5.6,5.8,4.4
78,38,65,048,,1,*Amirabad,200,4.5,15.5,17.5,25.0,19.5,11.5,5.0,1.5,4.1
78,38,65,069,,1,*Ayla,112,5.4,9.8,18.8,20.5,16.1,13.4,4.5,11.6,4.7
78,38,65,160,,1,*Baultali,256,3.9,12.5,23.8,26.2,14.8,9.0,5.9,3.9,4.1
78,38,65,160,01,1,Ruzna,132,3.0,10.6,27.3,28.0,14.4,12.1,3.8,0.8,4.0
78,38,65,160,02,1,Baultali,124,4.8,14.5,20.2,24.2,15.3,5.6,8.1,7.3,4.3
78,38,65,208,,1,*Birpasha,943,3.9,12.8,21.1,23.8,19.5,9.5,5.1,4.2,4.2
78,38,65,208,01,1,Birpasha,495,4.2,15.4,21.4,22.8,18.4,9.1,4.6,4.0,4.0
78,38,65,208,02,1,Joyghara,448,3.6,10.0,20.8,24.8,20.8,10.0,5.6,4.5,4.3
78,38,65,542,,1,*Hogla,287,5.9,11.8,19.5,20.2,17.8,11.1,7.3,6.3,4.3
78,38,65,563,,1,*Jhilna,367,1.4,11.2,16.1,27.8,19.3,11.4,7.4,5.4,4.5
78,38,65,605,,1,*Kalta,204,3.9,8.3,24.0,29.9,19.1,7.8,3.4,3.4,4.1
78,38,65,612,,1,*Kanakdia,1326,3.1,9.3,18.2,24.6,19.9,11.9,5.4,7.6,4.5
78,38,65,640,,1,*Katikul,118,2.5,10.2,20.3,22.9,19.5,9.3,9.3,5.9,4.5
78,38,65,681,,1,*Kumbhakhali,222,2.3,5.4,12.2,24.3,27.0,10.4,7.2,11.3,5.0
78,38,65,758,,1,*Narayanpasha,429,4.7,13.3,19.3,23.3,18.4,12.4,4.7,4.0,4.1
78,38,71,,,,Keshabpur Union Total,5913,3.0,8.6,15.2,22.0,22.1,14.4,7.4,7.4,4.7
78,38,71,173,,1,*Bazemahal,683,2.2,11.0,19.8,24.7,21.8,10.8,4.8,4.8,4.3
78,38,71,194,,1,*Bharipasha,1749,3.7,8.5,16.0,22.0,20.9,15.0,6.7,7.3,4.6
78,38,71,500,,1,*Fazilpur,97,0.0,8.2,19.6,29.9,26.8,7.2,5.2,3.1,4.4
78,38,71,661,,1,*Keshabpur,1366,3.9,11.6,15.4,21.1,21.4,13.2,7.2,6.4,4.5
78,38,71,723,,1,*Mallikdoba,161,2.5,5.6,14.3,16.1,24.8,19.3,9.3,8.1,5.0
78,38,71,751,,1,*Mominpur,1636,2.1,6.4,12.9,22.1,22.6,16.0,8.9,9.2,5.0
78,38,71,994,,1,*Zafrabad,221,1.4,3.6,9.0,18.6,30.3,16.7,10.4,10.0,5.2
78,38,77,,,,Madanpura Union Total,3759,3.6,10.2,17.4,24.0,21.2,11.8,5.6,6.2,4.4
78,38,77,229,,1,*Chandapara (Part),1089,2.3,9.6,16.9,26.9,18.5,12.9,6.2,6.7,4.6
78,38,77,494,,1,*Dwipasha,692,4.9,10.4,16.3,22.8,24.3,11.1,5.5,4.6,4.3
78,38,77,688,,1,*Madanpura,780,3.7,10.5,16.0,23.2,23.2,12.2,4.7,6.4,4.5
78,38,77,716,,1,*Majpara,683,3.8,10.4,20.6,21.1,19.9,12.2,6.4,5.6,4.4
78,38,77,855,,1,*Ram Lakshman Hawla,515,4.5,10.5,17.7,24.5,21.2,9.5,4.7,7.6,4.4
78,38,83,,,,Noamala Union Total,4102,3.9,9.8,16.6,22.9,20.5,13.0,6.9,6.6,4.5
78,38,83,153,,1,*Batkajal,1398,3.3,12.1,18.5,23.5,20.5,11.1,6.0,5.2,4.3
78,38,83,187,,1,*Bhangora,406,5.4,9.9,14.8,21.7,20.7,15.5,6.2,5.9,4.5
78,38,83,709,,1,*Maishadi,254,6.7,9.1,15.7,25.2,19.3,11.4,5.1,7.5,4.4
78,38,83,779,,1,*Nijbat Kajal,687,4.8,8.3,15.9,21.0,21.0,13.8,7.3,8.0,4.6
78,38,83,800,,1,*Noamala,1357,2.9,8.2,15.7,23.1,20.3,14.0,8.3,7.4,4.7
78,38,89,,,,Nazirpur Union Total,6334,3.9,10.6,16.7,22.4,19.8,11.5,7.0,8.2,4.6
78,38,89,020,,1,*Algi,86,16.3,16.3,18.6,11.6,17.4,7.0,7.0,5.8,3.8
78,38,89,104,,1,*Bakla Taterkati,318,4.4,16.7,17.9,24.2,16.4,10.7,5.0,4.7,4.1
78,38,89,139,,1,*Bara Dalima,1028,3.4,12.1,17.5,22.7,18.9,11.3,5.9,8.3,4.5
78,38,89,250,,1,*Char Barret,111,10.8,16.2,27.9,29.7,10.8,4.5,0.0,0.0,3.3
78,38,89,320,,1,*Char Kachua,81,2.5,9.9,11.1,23.5,18.5,12.3,11.1,11.1,4.9
78,38,89,327,,1,*Char Miajan,281,0.7,3.9,12.8,17.4,15.3,19.9,14.9,14.9,5.5
78,38,89,340,,1,*Char Nimdi,80,40.0,37.5,11.3,1.3,2.5,3.8,1.3,2.5,2.2
78,38,89,361,,1,*Char Roy Saheb,175,11.4,17.1,24.6,21.1,9.7,7.4,4.6,4.0,3.6
78,38,89,375,,1,*Char Wadel,358,0.8,4.5,10.6,16.8,17.0,16.5,9.8,24.0,5.8
78,38,89,389,,1,*Chhayhisya Taterkati,234,3.0,8.1,18.4,26.9,22.2,5.6,9.8,6.0,4.5
78,38,89,403,,1,*Chhota Dalima,479,3.8,8.4,18.2,24.0,20.7,11.9,6.3,6.9,4.5
78,38,89,466,,1,*Dhandi,576,2.1,10.1,17.7,24.7,22.4,9.9,6.3,6.9,4.5
78,38,89,577,,1,*Kachua,191,6.3,11.0,19.9,21.5,17.8,9.9,5.8,7.9,4.4
78,38,89,674,,1,*Kismat Panch Khazuria,62,1.6,3.2,21.0,14.5,25.8,16.1,9.7,8.1,4.9
78,38,89,772,,1,*Nazirpur Taterkati (Part),864,2.0,9.3,14.7,24.3,24.5,11.1,7.2,6.9,4.6
78,38,89,786,,1,*Nij Taterkati,236,4.7,8.9,14.8,25.8,19.1,10.6,8.1,8.1,4.6
78,38,89,793,,1,*Nimdi,227,5.7,18.5,20.3,19.8,19.8,6.2,5.7,4.0,3.9
78,38,89,869,,1,*Ramnagar Taterkati,351,1.7,9.4,19.4,25.4,21.1,11.7,4.8,6.6,4.5
78,38,89,883,,1,*Roy Taterkati,228,4.4,7.9,14.9,18.4,25.9,14.5,7.5,6.6,4.6
78,38,89,946,,1,*Sultanabad Taterkati,368,1.4,8.7,12.8,22.3,20.4,17.1,8.2,9.2,4.9
78,38,95,,,,Surjyamani Union Total,4511,4.2,10.4,17.3,23.5,20.0,11.7,5.9,7.0,4.5
78,38,95,514,,1,*Gazimajhi,72,8.3,11.1,15.3,20.8,22.2,11.1,4.2,6.9,4.3
78,38,95,528,,1,*Goaliabagha,537,3.5,10.6,14.9,23.6,21.8,14.0,5.2,6.3,4.5
78,38,95,549,,1,*Indrakul,1183,4.5,9.8,17.5,23.9,16.7,12.8,6.4,8.4,4.6
78,38,95,591,,1,*Kalikapur,171,7.6,15.8,17.0,24.6,22.2,7.6,3.5,1.8,3.8
78,38,95,744,,1,*Mitha Pukuria,99,3.0,9.1,12.1,27.3,22.2,13.1,6.1,7.1,4.7
78,38,95,765,,1,*Narayanpur,766,4.2,8.7,17.9,24.8,20.1,10.4,6.4,7.4,4.5
78,38,95,814,,1,*Pangasia,128,7.0,12.5,12.5,24.2,19.5,12.5,3.9,7.8,4.4
78,38,95,862,,1,*Ramnagar,971,3.9,11.0,19.9,21.9,20.5,10.2,6.0,6.6,4.4
78,38,95,897,,1,*Saneshwar,336,3.6,10.4,18.8,21.1,23.5,11.6,5.7,5.4,4.4
78,38,95,953,,1,*Surjyamani,248,2.4,10.1,12.9,24.2,22.2,12.9,6.9,8.5,4.7
78,52,,,,,Dashmina Upazila Total,28443,2.9,11.5,18.9,24.8,20.2,11.3,5.5,5.0,4.3
78,52,,,,1,Dashmina Upazila,24224,2.9,12.0,19.2,24.8,20.1,11.0,5.4,4.7,4.3
78,52,,,,3,Dashmina Upazila,4219,2.8,8.6,17.0,25.1,20.8,13.1,6.5,6.2,4.5
78,52,10,,,,Alipur Union Total,4974,1.3,13.9,22.2,25.4,19.8,10.2,4.4,2.8,4.1
78,52,10,210,,1,*Chandpur,1518,1.9,17.4,23.1,26.6,17.7,8.8,2.5,2.0,3.9
78,52,10,210,01,1,Chandpur,824,1.0,16.5,19.1,28.0,20.5,9.5,2.7,2.8,4.1
78,52,10,210,02,1,Mowbaria,240,0.0,18.3,25.8,27.5,15.0,7.9,3.3,2.1,3.9
78,52,10,210,03,1,Madhupur,367,4.6,15.0,27.8,24.8,16.1,8.7,2.2,0.8,3.7
78,52,10,210,04,1,Ruhitpur,87,4.6,33.3,33.3,18.4,5.7,4.6,0.0,0.0,3.0
78,52,10,688,,1,*Khalishakhali,1332,1.6,15.1,22.6,26.4,20.3,9.2,3.2,1.7,4.0
78,52,10,803,,1,*Mirmadan,116,0.0,4.3,19.0,29.3,20.7,9.5,9.5,7.8,4.8
78,52,10,841,,1,*Paschim Alipur,669,1.2,18.5,24.7,21.2,18.7,9.7,3.7,2.2,3.9
78,52,10,880,,1,*Purba Alipur,1339,0.4,7.2,19.8,24.9,22.2,13.2,7.7,4.6,4.6
78,52,21,,,,Bahrampur Union Total,3671,4.5,12.1,18.1,23.0,19.5,11.1,5.8,5.9,4.3
78,52,21,057,,1,*Bagura,667,3.6,10.3,16.8,22.6,22.3,13.6,5.8,4.8,4.4
78,52,21,076,,1,*Bahrampur,865,5.5,13.4,17.9,24.0,20.5,8.8,4.3,5.5,4.2
78,52,21,440,,1,*Dakshin Adampur,1588,4.1,11.6,17.8,22.9,19.1,11.6,7.0,5.9,4.4
78,52,21,975,,1,*Uttar Adampur,551,5.3,13.2,20.9,22.0,15.8,10.5,4.7,7.6,4.3
78,52,31,,,,Banshbaria Union Total,4166,3.9,10.3,16.8,26.0,20.6,11.0,6.0,5.4,4.4
78,52,31,,,1,Banshbaria Union,3242,4.3,10.7,17.0,25.5,20.4,10.9,5.8,5.4,4.3
78,52,31,,,3,Banshbaria Union,924,2.5,8.8,16.2,27.8,21.1,11.3,6.8,5.5,4.5
78,52,31,095,,1,*Banshbaria,1570,3.9,8.3,15.9,26.8,21.5,12.0,6.2,5.4,4.5
78,52,31,219,,1,*Char Banshbaria,163,6.1,19.0,17.8,17.8,20.9,8.6,3.7,6.1,4.1
78,52,31,306,,1,*Char Dhandania,120,1.7,6.7,15.0,23.3,26.7,15.0,7.5,4.2,4.6
78,52,31,363,,3,*Char Hosnabad,924,2.5,8.8,16.2,27.8,21.1,11.3,6.8,5.5,4.5
78,52,31,459,,1,*Dakshin Daspara,473,3.2,11.4,19.2,24.7,18.0,11.0,6.8,5.7,4.4
78,52,31,516,,1,*Gachhani,916,5.6,13.5,17.7,25.2,19.0,8.8,4.7,5.5,4.2
78,52,42,,,,Betagi Sankipura Union Total,4545,2.0,10.8,19.7,25.9,20.6,11.1,5.5,4.4,4.3
78,52,42,114,,1,*Betagi,673,1.9,8.3,17.1,25.1,20.1,14.1,5.8,7.6,4.6
78,52,42,133,,1,*Betagi Ramballabh,254,4.3,7.1,13.0,25.2,28.3,12.6,7.1,2.4,4.5
78,52,42,153,,1,*Betagi Sankipura,678,3.1,9.4,15.3,25.1,22.1,11.2,7.8,5.9,4.5
78,52,42,401,,1,*Chinguria,120,0.0,15.0,18.3,20.0,26.7,10.8,5.0,4.2,4.3
78,52,42,420,,1,*Dabari Betagi,129,0.0,10.9,15.5,29.5,24.8,10.9,7.0,1.6,4.4
78,52,42,535,,1,*Garamali,117,0.0,27.4,30.8,27.4,11.1,3.4,0.0,0.0,3.3
78,52,42,554,,1,*Gopaldi,786,0.6,9.5,20.0,27.6,21.4,11.1,5.1,4.7,4.4
78,52,42,612,,1,*Jafrabad,112,0.9,11.6,17.9,34.8,21.4,8.0,3.6,1.8,4.1
78,52,42,631,,1,*Jafrabad Betagi,111,0.9,18.0,63.1,12.6,2.7,1.8,0.9,0.0,3.1
78,52,42,707,,1,*Kharija Betagi,536,2.8,13.2,23.7,25.6,19.2,10.4,3.2,1.9,4.0
78,52,42,746,,1,*Machuakhali,390,1.0,11.5,21.5,26.7,21.8,9.5,4.6,3.3,4.2
78,52,42,765,,1,*Machuakhalichar,130,3.1,9.2,16.2,20.8,16.9,17.7,5.4,10.8,4.7
78,52,42,784,,1,*Shamermardana,269,2.6,10.8,16.0,30.9,17.5,11.5,7.8,3.0,4.3
78,52,42,937,,1,*Shertaluk Betagi,120,0.0,16.7,22.5,27.5,15.8,6.7,8.3,2.5,4.1
78,52,42,956,,1,*Tafalbaria,120,5.8,4.2,13.3,23.3,27.5,15.0,4.2,6.7,4.6
78,52,52,,,,Dashmina Union Total,5984,3.1,8.9,16.7,24.3,20.6,12.8,6.5,7.1,4.6
78,52,52,,,1,Dashmina Union,2689,3.5,9.4,16.1,24.1,20.5,11.9,6.6,7.9,4.6
78,52,52,,,3,Dashmina Union,3295,2.9,8.5,17.2,24.4,20.7,13.6,6.5,6.4,4.6
78,52,52,019,,1,*Arajbegi,748,3.1,7.9,13.9,27.9,20.2,12.8,5.7,8.4,4.7
78,52,52,306,,1,*Char Dashmina,13,30.8,0.0,0.0,46.2,15.4,7.7,0.0,0.0,3.4
78,52,52,331,,1,*Char Hadi,363,5.8,13.5,15.7,22.0,19.0,9.1,5.5,9.4,4.4
78,52,52,497,,3,*Dashmina,2082,3.0,8.7,16.4,24.7,21.1,12.7,6.8,6.6,4.6
78,52,52,574,,1,*Gopaldi-Nijabad,339,2.7,8.0,19.2,22.1,19.8,12.4,7.7,8.3,4.7
78,52,52,669,,1,*Kantakhali,779,2.4,7.3,15.1,21.7,21.8,12.8,8.7,10.0,4.9
78,52,52,727,,3,*Lakshmipur,1213,2.6,8.2,18.5,23.9,20.0,15.1,5.9,5.9,4.5
78,52,52,727,01,3,Paschim Lakshmipur,921,2.7,8.4,19.1,23.2,20.0,14.9,6.0,5.8,4.5
78,52,52,727,02,3,Purba Lakshmipur,292,2.1,7.5,16.4,26.0,19.9,15.8,5.8,6.5,4.6
78,52,52,918,,1,*Saidjafar,447,4.0,13.4,19.9,24.6,20.8,10.5,4.7,2.0,4.1
78,52,84,,,,Rangopaldi Union Total,5103,2.9,13.2,19.6,24.2,19.7,11.3,5.0,4.1,4.2
78,52,84,038,,1,*Auliapur,520,0.4,14.6,25.0,26.0,20.8,9.6,2.5,1.2,4.0
78,52,84,258,,1,*Char Borhan,677,0.7,9.9,13.7,21.1,23.2,14.6,7.2,9.5,4.8
78,52,84,352,,1,*Char Ghun,405,1.2,10.6,20.0,27.2,20.0,12.1,5.2,3.7,4.4
78,52,84,380,,1,*Char Shaha Jalal,311,4.5,11.9,17.7,19.0,20.6,15.1,6.1,5.1,4.4
78,52,84,478,,1,*Dakshin Rangopaldi,1205,1.7,9.5,15.2,26.5,22.3,12.9,6.8,5.1,4.6
78,52,84,593,,1,*Guli,346,5.5,17.1,25.1,26.3,15.9,7.8,1.2,1.2,3.6
78,52,84,650,,1,*Jautha,676,2.2,7.4,15.5,25.7,22.2,13.5,8.0,5.5,4.6
78,52,84,861,,1,*Patar Char,200,8.5,19.5,15.5,22.0,18.0,12.5,4.0,0.0,3.8
78,52,84,994,,1,*Uttar Rangopaldi,763,6.8,24.5,30.9,21.1,10.9,4.6,0.7,0.5,3.2
78,55,,,,,Dumki Upazila Total,15491,3.2,10.4,17.5,24.1,20.4,12.0,6.1,6.5,4.5
78,55,,,,1,Dumki Upazila,12972,3.3,10.6,17.3,23.6,20.5,12.2,6.2,6.3,4.5
78,55,,,,3,Dumki Upazila,2519,2.2,9.4,18.7,26.6,19.6,10.8,5.7,7.1,4.5
78,55,19,,,,Angaria Union Total,2834,3.1,11.2,18.2,23.7,19.3,11.9,5.9,6.6,4.5
78,55,19,019,,1,*Angaria,659,3.3,13.5,21.7,23.8,17.1,10.8,5.2,4.6,4.2
78,55,19,019,01,1,Purba Angaria,390,3.6,11.3,21.3,24.1,16.9,12.3,5.6,4.9,4.3
78,55,19,019,02,1,Paschim Angaria,269,3.0,16.7,22.3,23.4,17.5,8.6,4.5,4.1,4.0
78,55,19,057,,1,*Baher Char,79,3.8,10.1,25.3,15.2,22.8,8.9,8.9,5.1,4.4
78,55,19,385,,1,*Dumki Satani,579,2.8,11.9,19.9,25.0,16.9,12.3,5.2,6.0,4.4
78,55,19,481,,1,*Jalisha,1098,3.3,10.4,14.4,23.7,20.3,12.8,6.6,8.5,4.6
78,55,19,481,01,1,Purba Jalisha,391,2.8,12.5,16.1,24.0,19.9,12.3,6.1,6.1,4.4
78,55,19,481,02,1,Paschim Jalisha,707,3.5,9.2,13.4,23.5,20.5,13.2,6.9,9.8,4.8
78,55,19,494,,1,*Jatra,419,2.9,8.8,19.3,23.6,22.4,11.0,5.7,6.2,4.5
78,55,47,,,,Lebukhali Union Total,2597,2.7,9.8,15.9,24.5,21.7,12.4,6.6,6.5,4.5
78,55,47,045,,1,*Atharagachhia,494,3.8,9.5,15.2,23.5,21.1,12.6,8.1,6.3,4.5
78,55,47,538,,1,*Kartikpasha,1059,3.1,11.3,15.6,24.7,20.0,12.8,6.7,5.7,4.5
78,55,47,602,,1,*Lebukhali,1044,1.6,8.4,16.5,24.6,23.7,12.0,5.8,7.4,4.6
78,55,81,,,,Muradia Union Total,3394,3.4,10.3,18.1,23.0,21.2,11.4,6.1,6.3,4.5
78,55,81,301,,1,*Dakshin Muradia,1267,4.3,10.7,21.2,21.1,20.4,10.7,6.0,5.7,4.3
78,55,81,492,,1,*Joar Garabdi Char,1170,2.6,8.6,14.8,24.8,22.5,11.3,7.1,8.3,4.7
78,55,81,858,,1,*Santoshdi,199,3.5,11.1,16.1,23.1,20.6,13.6,7.5,4.5,4.5
78,55,81,985,,1,*Uttar Muradia,758,3.2,12.3,18.7,23.6,20.8,12.0,4.5,4.9,4.3
78,55,88,,,,Pangashia Union Total,2828,4.1,11.3,17.9,22.6,19.5,13.2,5.8,5.8,4.4
78,55,88,018,,1,*Algi,388,2.8,11.6,17.8,24.7,22.4,11.9,4.9,3.9,4.3
78,55,88,019,,1,*Banshbunia,92,5.4,7.6,29.3,19.6,23.9,12.0,1.1,1.1,4.0
78,55,88,310,,1,*Dakshin Pangasia,1494,4.8,13.1,15.9,21.3,19.0,13.5,6.4,6.1,4.4
78,55,88,675,,1,*Naldoani,208,4.8,8.2,20.7,20.7,14.4,16.8,7.2,7.2,4.6
78,55,88,958,,1,*Uttar Chandkhali,39,2.6,5.1,20.5,15.4,25.6,12.8,10.3,7.7,4.8
78,55,88,994,,1,*Uttar Pangashia,607,3.0,8.6,19.9,26.0,19.4,12.2,4.6,6.3,4.4
78,55,93,,,,Sreerampur Union Total,3838,2.6,9.5,17.4,26.1,20.1,11.4,6.0,6.9,4.5
78,55,93,,,1,Sreerampur Union,1319,3.3,9.6,14.8,25.2,21.2,12.6,6.6,6.7,4.6
78,55,93,,,3,Sreerampur Union,2519,2.2,9.4,18.7,26.6,19.6,10.8,5.7,7.1,4.5
78,55,93,356,,3,*Dumki,1090,2.6,10.0,21.2,27.9,19.0,9.1,5.2,5.0,4.3
78,55,93,839,,1,*Rajakhali,1319,3.3,9.6,14.8,25.2,21.2,12.6,6.6,6.7,4.6
78,55,93,839,01,1,Rajakhali,720,3.1,8.6,14.2,26.9,19.3,14.9,7.2,5.8,4.6
78,55,93,839,02,1,Char Boyra,599,3.5,10.9,15.5,23.2,23.5,9.8,5.8,7.7,4.5
78,55,93,894,,3,*Sreerampur,1429,2.0,9.0,16.9,25.5,20.0,12.0,6.0,8.6,4.6
78,57,,,,,Galachipa Upazila Total,79884,2.6,9.5,17.6,25.2,20.6,12.1,6.0,6.4,4.5
78,57,,,,1,Galachipa Upazila,73797,2.4,9.4,17.3,25.0,21.0,12.3,6.2,6.5,4.5
78,57,,,,2,Galachipa Upazila,4928,5.1,10.5,20.7,26.4,16.7,10.4,4.3,6.0,4.3
78,57,,,,3,Galachipa Upazila,1159,5.5,9.6,22.3,30.5,15.9,8.5,4.0,3.8,4.1
78,57,,,,2,Galachipa  Paurashava,4928,5.1,10.5,20.7,26.4,16.7,10.4,4.3,6.0,4.3
78,57,01,,,,Ward No-01 Total,589,8.5,9.8,19.4,24.4,17.1,11.4,4.2,5.1,4.1
78,57,01,720,,2,*Natun Bazar,589,8.5,9.8,19.4,24.4,17.1,11.4,4.2,5.1,4.1
78,57,02,,,,Ward No-02 Total,498,3.4,10.2,21.3,28.7,16.5,12.2,3.4,4.2,4.2
78,57,02,720,,2,*Shyamolibagh,498,3.4,10.2,21.3,28.7,16.5,12.2,3.4,4.2,4.2
78,57,03,,,,Ward No-03 Total,325,2.8,9.2,18.2,25.8,22.5,12.0,4.9,4.6,4.4
78,57,03,750,,2,*Shantibagh (Galachipa),325,2.8,9.2,18.2,25.8,22.5,12.0,4.9,4.6,4.4
78,57,04,,,,Ward No-04 Total,557,6.1,14.9,25.3,23.5,11.3,7.0,5.6,6.3,4.1
78,57,04,715,,2,*Sadar Road (Ratandi),557,6.1,14.9,25.3,23.5,11.3,7.0,5.6,6.3,4.1
78,57,05,,,,Ward No-05 Total,446,8.1,13.7,24.4,21.1,14.3,9.6,4.7,4.0,3.9
78,57,05,060,,2,*Arambagh,446,8.1,13.7,24.4,21.1,14.3,9.6,4.7,4.0,3.9
78,57,06,,,,Ward No-06 Total,717,2.9,8.1,18.4,27.9,18.8,11.9,3.5,8.5,4.6
78,57,06,870,,2,*Ratanpur (Ratandi),717,2.9,8.1,18.4,27.9,18.8,11.9,3.5,8.5,4.6
78,57,07,,,,Ward No-07 Total,734,3.7,11.7,21.3,28.1,16.2,9.4,3.3,6.4,4.2
78,57,07,860,,2,*Rupnagar (Ratandi),734,3.7,11.7,21.3,28.1,16.2,9.4,3.3,6.4,4.2
78,57,08,,,,Ward No-08 Total,524,6.1,7.8,19.3,26.9,15.8,11.5,5.9,6.7,4.4
78,57,08,520,,2,*Gulbagh (Ratandi),524,6.1,7.8,19.3,26.9,15.8,11.5,5.9,6.7,4.4
78,57,09,,,,Ward No-09 Total,538,4.3,9.3,18.6,29.4,19.1,8.9,3.7,6.7,4.3
78,57,09,290,,2,*College Para (Ratandi),538,4.3,9.3,18.6,29.4,19.1,8.9,3.7,6.7,4.3
78,57,11,,,,Amkhola Union Total,6025,2.2,9.6,17.2,25.5,21.2,11.9,5.8,6.6,4.5
78,57,11,005,,1,*Algi Tafalbaria,333,0.0,6.6,21.3,23.1,22.5,13.2,6.0,7.2,4.7
78,57,11,010,,1,*Amkhola,1008,1.4,7.1,16.3,25.3,23.2,12.6,6.1,8.0,4.7
78,57,11,010,01,1,Amkhola,359,1.7,9.2,17.0,27.0,19.2,12.0,6.1,7.8,4.6
78,57,11,010,02,1,Dakshin Amkhola,649,1.2,6.0,15.9,24.3,25.4,12.9,6.0,8.2,4.8
78,57,11,086,,1,*Banshbunia,1093,3.0,10.9,16.0,24.5,20.7,12.5,5.9,6.5,4.5
78,57,11,086,01,1,Banshbunia,390,3.3,11.0,13.3,28.2,20.3,13.1,5.9,4.9,4.4
78,57,11,086,02,1,Ramdula,257,1.2,8.9,15.6,21.0,24.5,11.3,7.0,10.5,4.8
78,57,11,086,03,1,Kuralbhanga,21,0.0,0.0,14.3,28.6,23.8,9.5,4.8,19.0,5.2
78,57,11,086,04,1,Kalai Kishore,387,4.4,12.9,19.4,22.0,19.1,11.6,5.4,5.2,4.2
78,57,11,086,05,1,Dhaki Bunia,38,0.0,7.9,13.2,34.2,13.2,26.3,2.6,2.6,4.6
78,57,11,129,,1,*Bauria Chariani,364,3.0,13.7,21.2,27.5,21.2,8.5,2.2,2.7,4.0
78,57,11,135,,1,*Bauria Kismat,420,1.7,10.2,15.7,24.3,18.1,11.2,8.1,10.7,4.8
78,57,11,162,,1,*Bhangra,491,4.5,8.1,17.1,26.9,20.4,13.0,4.5,5.5,4.4
78,57,11,216,,1,*Char Amkhola,97,0.0,0.0,21.6,28.9,27.8,13.4,5.2,3.1,4.6
78,57,11,351,,1,*Chhailabunia,663,1.4,11.2,17.2,24.7,21.6,10.6,6.5,6.9,4.5
78,57,11,405,,1,*Chingaria,115,0.9,11.3,16.5,31.3,14.8,7.0,9.6,8.7,4.6
78,57,11,421,,1,*Dakshin Balaikati,186,2.2,8.6,15.6,22.0,21.5,16.7,7.0,6.5,4.7
78,57,11,465,,1,*Dari Baherchar,542,1.8,6.6,15.3,27.9,23.4,12.5,6.6,5.7,4.6
78,57,11,627,,1,*Kanchanbaria,120,1.7,4.2,13.3,31.7,19.2,18.3,4.2,7.5,4.7
78,57,11,665,,1,*Khantakhali,90,4.4,17.8,18.9,21.1,27.8,10.0,0.0,0.0,3.8
78,57,11,767,,1,*Musurikathi,216,3.2,11.6,20.8,28.7,16.7,7.4,6.0,5.6,4.2
78,57,11,784,,1,*Nijsuhati,90,3.3,18.9,20.0,13.3,18.9,13.3,6.7,5.6,4.2
78,57,11,859,,1,*Ramananda,197,2.0,14.7,18.3,24.9,17.8,10.2,5.6,6.6,4.3
78,57,22,,,,Bakulbaria Union Total,3219,2.7,9.7,17.1,23.1,20.9,12.8,6.4,7.3,4.6
78,57,22,070,,1,*Bakulbaria,255,2.0,14.5,23.1,23.5,21.2,10.6,2.4,2.7,4.1
78,57,22,356,,1,*Chankhola,452,1.5,6.4,12.4,21.5,21.7,13.5,7.3,15.7,5.2
78,57,22,475,,1,*Doani Patuakhali,171,5.3,14.0,24.6,24.6,17.5,8.2,1.8,4.1,3.9
78,57,22,535,,1,*Guabaria,540,3.9,11.5,16.5,23.1,22.6,11.9,5.7,4.8,4.3
78,57,22,702,,1,*Lamna,755,2.3,9.0,15.0,24.2,20.4,15.2,7.4,6.5,4.6
78,57,22,821,,1,*Patabunia,841,2.1,8.7,17.6,22.8,20.9,12.5,7.5,7.8,4.7
78,57,22,897,,1,*Saidkati,205,4.4,9.8,21.0,21.5,18.5,12.7,7.3,4.9,4.4
78,57,27,,,,Bara Baisdia Union Total,5650,2.0,8.1,16.3,24.9,22.5,12.1,6.5,7.5,4.6
78,57,27,027,,1,*Ashabaria,209,0.0,3.3,15.8,39.7,27.8,6.7,3.8,2.9,4.4
78,57,27,027,01,1,Madbar Kanda,80,0.0,2.5,15.0,51.3,27.5,1.3,2.5,0.0,4.2
78,57,27,027,02,1,Kalachanpara,91,0.0,5.5,17.6,29.7,28.6,7.7,4.4,6.6,4.5
78,57,27,027,03,1,Ashabaria,38,0.0,0.0,13.2,39.5,26.3,15.8,5.3,0.0,4.6
78,57,27,102,,1,*Bara Baishdia,198,1.0,8.6,22.7,25.3,26.3,9.1,4.0,3.0,4.3
78,57,27,102,01,1,Felabunia,15,0.0,0.0,53.3,20.0,20.0,6.7,0.0,0.0,3.8
78,57,27,102,02,1,Dighari,100,1.0,10.0,21.0,20.0,27.0,12.0,4.0,5.0,4.4
78,57,27,102,03,1,Mollar Char,83,1.2,8.4,19.3,32.5,26.5,6.0,4.8,1.2,4.2
78,57,27,262,,1,*Char Halim,185,1.6,10.3,14.1,23.2,16.8,13.5,8.6,11.9,4.8
78,57,27,264,,1,*Char Hare Aliaschar Kalagachh,37,2.7,18.9,32.4,10.8,21.6,10.8,0.0,2.7,3.8
78,57,27,329,,1,*Char Ganga,789,2.4,10.3,14.2,25.2,21.3,14.7,6.2,5.7,4.6
78,57,27,362,,1,*Chhatian Para,319,3.4,12.5,21.3,25.7,15.7,8.8,7.5,5.0,4.2
78,57,27,362,01,1,Charkhali,84,4.8,19.0,19.0,28.6,10.7,8.3,6.0,3.6,3.9
78,57,27,362,02,1,Chhatian Para,157,1.9,6.4,22.9,28.0,16.6,8.9,9.6,5.7,4.5
78,57,27,362,03,1,Makrum Para,78,5.1,17.9,20.5,17.9,19.2,9.0,5.1,5.1,4.0
78,57,27,454,,1,*Dakshin Tulatali,673,4.5,10.5,17.1,28.8,21.4,9.2,5.6,2.8,4.2
78,57,27,454,01,1,Dakshin Tulatali,80,6.3,10.0,13.8,33.8,20.0,7.5,3.8,5.0,4.2
78,57,27,454,02,1,Katakhali,270,3.3,11.5,17.0,30.7,21.5,7.4,5.2,3.3,4.2
78,57,27,454,03,1,Modukhali,175,5.1,11.4,11.4,29.1,20.6,10.3,9.1,2.9,4.3
78,57,27,454,04,1,Monipara,148,4.7,8.1,25.7,22.3,23.0,12.2,3.4,0.7,4.0
78,57,27,481,,1,*Gabbunia,530,3.4,9.2,15.8,19.6,25.8,9.4,7.2,9.4,4.8
78,57,27,632,,1,*Kankani Para,247,1.6,6.9,10.1,28.3,23.1,15.8,5.7,8.5,4.8
78,57,27,632,01,1,Kankani Para,119,1.7,8.4,10.9,31.1,19.3,13.4,5.9,9.2,4.7
78,57,27,632,02,1,Teli Para,128,1.6,5.5,9.4,25.8,26.6,18.0,5.5,7.8,4.9
78,57,27,654,,1,*Kazikanda,621,0.2,5.3,12.2,19.0,21.1,14.0,8.5,19.6,5.5
78,57,27,751,,1,*Maudubi,766,0.9,6.3,18.9,26.2,24.0,13.2,5.9,4.6,4.5
78,57,27,751,01,1,Nichkatha,88,0.0,3.4,19.3,23.9,28.4,14.8,6.8,3.4,4.7
78,57,27,751,02,1,Mirkanda,77,1.3,10.4,18.2,20.8,35.1,6.5,1.3,6.5,4.4
78,57,27,751,03,1,Hafejkanda,66,0.0,12.1,28.8,31.8,16.7,4.5,3.0,3.0,4.0
78,57,27,751,04,1,Mridhakanda,166,0.0,4.8,22.9,27.7,23.5,12.0,4.8,4.2,4.5
78,57,27,751,05,1,Khash Mahal,369,1.6,5.7,15.4,26.3,22.2,16.3,7.6,4.9,4.7
78,57,27,762,,1,*Mukharbanda,544,0.4,6.1,18.0,23.7,21.5,13.4,7.7,9.2,4.8
78,57,27,762,01,1,Mukharbanda,81,0.0,1.2,22.2,30.9,14.8,17.3,4.9,8.6,4.8
78,57,27,762,02,1,Bailabunia,105,0.0,4.8,20.0,20.0,20.0,16.2,9.5,9.5,5.0
78,57,27,762,03,1,Bhuiyankanda,195,1.0,4.6,12.3,20.5,26.7,13.3,10.3,11.3,5.2
78,57,27,762,04,1,Khara Deor,163,0.0,11.0,21.5,26.4,19.6,9.8,4.9,6.7,4.4
78,57,27,957,,1,*Tungibaria,532,3.2,6.8,15.4,24.4,25.2,13.0,6.4,5.6,4.6
78,57,27,957,01,1,Tungibaria,384,3.1,7.0,17.7,21.9,26.6,12.8,6.0,4.9,4.5
78,57,27,957,02,1,Shamchand,62,3.2,11.3,9.7,32.3,16.1,11.3,8.1,8.1,4.6
78,57,27,957,03,1,Kalachand Para,86,3.5,2.3,9.3,30.2,25.6,15.1,7.0,7.0,4.9
78,57,32,,,,Chalitabunia Union Total,1642,2.7,10.8,15.8,24.4,21.2,12.2,6.3,6.5,4.5
78,57,32,178,,1,*Bibir Haola,166,5.4,12.7,12.7,22.3,20.5,11.4,7.2,7.8,4.5
78,57,32,189,,1,*Chalitabunia,676,1.9,6.5,13.6,24.3,21.6,15.2,7.8,9.0,4.9
78,57,32,189,01,1,Chalitabunia,384,3.1,8.6,15.1,23.7,21.1,13.0,6.0,9.4,4.7
78,57,32,189,02,1,Chinabunia,292,0.3,3.8,11.6,25.0,22.3,18.2,10.3,8.6,5.1
78,57,32,210,,1,*Char Agunmukha,69,11.6,15.9,21.7,26.1,13.0,2.9,5.8,2.9,3.6
78,57,32,283,,1,*Char Lata,480,1.9,14.0,16.9,26.3,23.3,9.6,4.4,3.8,4.2
78,57,32,513,,1,*Golbunia,123,2.4,10.6,15.4,22.0,18.7,15.4,5.7,9.8,4.7
78,57,32,735,,1,*Marajangi,128,2.3,17.2,24.2,22.7,18.8,9.4,5.5,0.0,3.9
78,57,34,,,,Char Montaz Union Total,3922,1.0,5.5,14.2,24.7,21.4,14.7,8.4,10.1,5.0
78,57,34,227,,1,*Char Bastin,270,0.0,3.0,8.9,18.5,17.4,18.9,11.9,21.5,5.8
78,57,34,281,,1,*Char Lakshmi Aliaschar Rustam,953,1.0,5.1,17.0,21.6,19.6,15.5,8.9,11.1,5.0
78,57,34,297,,1,*Char Margaret,489,0.2,3.3,11.5,27.4,21.9,17.2,9.0,9.6,5.1
78,57,34,302,,1,*Char Momtaj,1744,1.3,5.9,13.9,25.9,22.9,13.7,7.5,8.9,4.9
78,57,34,302,01,1,Char Momtaj,936,2.5,6.7,13.9,26.5,22.3,13.8,5.9,8.4,4.8
78,57,34,302,02,1,Mondalkanda,808,0.0,5.0,13.9,25.2,23.5,13.6,9.4,9.4,5.0
78,57,34,313,,1,*Undar Char,466,0.9,8.4,15.7,27.3,21.7,11.6,8.2,6.4,4.7
78,57,34,313,01,1,Undar Char,348,0.3,8.6,16.4,28.7,19.3,12.6,7.5,6.6,4.6
78,57,34,313,02,1,Kabiraj Para,118,2.5,7.6,13.6,22.9,28.8,8.5,10.2,5.9,4.8
78,57,37,,,,Char Biswas Union Total,4183,2.0,7.9,15.7,22.5,21.5,14.0,7.2,9.2,4.8
78,57,37,205,,1,*Char Agasti,1096,1.2,5.6,14.2,23.4,22.1,15.1,7.7,10.8,5.0
78,57,37,259,,1,*Char Bangla,322,4.0,11.2,12.4,16.8,18.3,18.0,7.5,11.8,4.9
78,57,37,286,,1,*Char Mahiuddin,148,1.4,8.8,16.2,15.5,23.6,19.6,6.1,8.8,4.9
78,57,37,432,,1,*Dakshin Char Biswas,996,2.3,8.7,18.0,22.5,21.5,11.7,7.2,8.0,4.6
78,57,37,432,01,1,Char Biswas,233,0.4,8.6,18.9,21.9,24.0,8.6,8.6,9.0,4.7
78,57,37,432,02,1,Uttar Paschim Char Biswas,297,1.0,6.4,14.5,21.5,19.2,12.8,9.4,15.2,5.2
78,57,37,432,03,1,Madhya Char Biswas,215,3.3,8.4,17.7,22.8,25.6,13.5,4.7,4.2,4.5
78,57,37,432,04,1,Uttar Purba Char Biswas,251,4.8,12.0,21.5,23.9,18.3,12.0,5.6,2.0,4.1
78,57,37,978,,1,*Uttar Char Biswas,1621,2.0,8.1,15.8,23.8,21.7,13.3,7.0,8.3,4.7
78,57,39,,,,Char Kajal Union Total,5357,2.1,8.2,17.1,22.5,20.6,14.4,7.4,7.8,4.7
78,57,39,108,,1,*Bara Char Kajal,1346,2.2,8.5,17.2,24.9,18.6,13.6,7.1,8.0,4.7
78,57,39,124,,1,*Bara Shibar Char,1248,1.9,7.1,15.3,20.8,20.7,14.9,9.5,9.9,4.9
78,57,39,275,,1,*Char Kapalbera,884,1.6,8.4,16.5,20.5,21.5,16.0,7.7,7.9,4.8
78,57,39,383,,1,*Chhota Char Kajal,677,3.2,10.2,16.4,22.6,19.6,15.2,6.9,5.8,4.5
78,57,39,394,,1,*Chhota Shibar Char,1202,1.7,7.7,19.6,22.9,22.7,13.0,5.8,6.6,4.6
78,57,44,,,,Chhota Baisdia Union Total,4516,2.3,10.0,17.8,24.7,21.3,12.5,6.5,4.8,4.4
78,57,44,248,,1,*Char Emarson,79,0.0,10.1,12.7,32.9,16.5,8.9,11.4,7.6,4.7
78,57,44,308,,1,*Char Nazir,90,4.4,12.2,18.9,21.1,23.3,10.0,4.4,5.6,4.3
78,57,44,324,,1,*Char Tozammel,84,2.4,6.0,14.3,29.8,19.0,16.7,9.5,2.4,4.6
78,57,44,346,,1,*Chatlakhali,503,2.6,11.3,19.9,21.3,22.1,14.9,5.4,2.6,4.3
78,57,44,373,,1,*Chhota Baisdia,786,2.9,10.3,19.2,24.3,19.1,14.0,6.0,4.2,4.4
78,57,44,443,,1,*Dakshin Phulkhali,408,3.2,11.3,12.5,23.8,25.0,13.0,7.4,3.9,4.5
78,57,44,556,,1,*Haridrakhali,520,2.3,7.7,17.1,28.5,20.8,11.2,6.5,6.0,4.5
78,57,44,556,01,1,Haridrakhali,211,1.9,9.5,19.0,31.3,18.5,11.8,4.3,3.8,4.3
78,57,44,556,02,1,Gouhinkhali,309,2.6,6.5,15.9,26.5,22.3,10.7,8.1,7.4,4.7
78,57,44,643,,1,*Kaukhali,669,1.3,11.8,18.7,25.0,20.3,13.3,4.5,5.1,4.4
78,57,44,643,01,1,Kaukhali,468,1.1,11.1,19.4,26.3,21.6,13.7,4.9,1.9,4.3
78,57,44,643,02,1,Bhuiyar Howla,201,2.0,13.4,16.9,21.9,17.4,12.4,3.5,12.4,4.6
78,57,44,778,,1,*Naya Bhanguni,519,1.2,8.7,21.2,25.6,19.7,10.2,7.3,6.2,4.5
78,57,44,946,,1,*Tilla,858,2.7,9.4,16.0,23.8,23.8,11.4,7.6,5.4,4.5
78,57,44,946,01,1,Tilla,370,2.7,10.8,15.1,23.2,23.8,11.9,7.3,5.1,4.5
78,57,44,946,02,1,Koralia,313,1.6,7.7,17.9,23.0,24.0,9.3,9.9,6.7,4.6
78,57,44,946,03,1,Shajir Haola,175,4.6,9.7,14.3,26.3,23.4,14.3,4.0,3.4,4.3
78,57,50,,,,Chiknikandi Union Total,3589,3.7,10.6,18.7,26.2,19.0,11.3,5.2,5.3,4.3
78,57,50,,,1,Chiknikandi Union,3225,3.8,9.9,18.0,25.6,19.6,11.9,5.6,5.6,4.4
78,57,50,,,3,Chiknikandi Union,364,3.6,16.2,24.2,31.6,13.5,5.8,2.5,2.7,3.8
78,57,50,400,,3,*Chiknikandi,364,3.6,16.2,24.2,31.6,13.5,5.8,2.5,2.7,3.8
78,57,50,600,,1,*Kachua,409,3.9,9.8,23.2,24.2,17.8,11.7,6.4,2.9,4.2
78,57,50,611,,1,*Kalaraja,416,3.4,8.7,17.8,26.0,19.7,13.9,6.0,4.6,4.4
78,57,50,686,,1,*Kotkhali,311,5.5,10.3,12.9,22.8,20.3,13.2,5.1,10.0,4.7
78,57,50,724,,1,*Majhgram,599,5.2,8.3,15.9,25.7,22.9,10.5,6.0,5.5,4.4
78,57,50,805,,1,*Pankhali,815,1.8,9.3,18.3,25.8,20.0,12.4,5.9,6.5,4.5
78,57,50,935,,1,*Sutabaria,675,4.1,12.7,19.1,27.0,17.0,11.0,4.1,4.9,4.2
78,57,55,,,,Dakua Union Total,4298,2.7,8.4,17.5,25.2,22.5,11.2,5.8,6.6,4.5
78,57,55,032,,1,*Atkhali,1224,3.3,9.2,17.4,22.9,23.2,11.6,6.2,6.2,4.5
78,57,55,032,01,1,Paschim Atkhali,623,3.0,9.8,17.5,23.1,21.8,11.2,6.7,6.7,4.5
78,57,55,032,02,1,Purba Atkhali,601,3.7,8.5,17.3,22.6,24.6,12.0,5.7,5.7,4.5
78,57,55,113,,1,*Bara Chatra,334,4.8,7.5,19.8,23.4,19.2,11.4,6.3,7.8,4.5
78,57,55,378,,1,*Chhota Chatra,228,3.9,8.3,18.9,27.6,16.7,8.3,8.3,7.9,4.5
78,57,55,459,,1,*Dakua,207,1.0,9.2,16.9,27.1,22.7,11.6,3.9,7.7,4.6
78,57,55,562,,1,*Hoglabunia,513,2.9,9.4,16.2,27.1,19.9,14.0,4.5,6.0,4.5
78,57,55,692,,1,*Krishnapur,130,1.5,5.4,20.0,24.6,26.9,10.0,5.4,6.2,4.5
78,57,55,811,,1,*Pardakua,1347,2.0,8.0,16.9,27.5,24.4,10.2,4.7,6.3,4.5
78,57,55,811,01,1,Purba Pardakua,649,1.7,7.1,16.9,25.6,25.6,11.9,5.1,6.2,4.6
78,57,55,811,02,1,Paschim Pardakua,698,2.3,8.9,16.9,29.2,23.2,8.7,4.3,6.4,4.5
78,57,55,832,,1,*Phulkhali,315,1.9,7.3,18.7,21.0,21.6,11.7,9.8,7.9,4.8
78,57,67,,,,Galachipa Union Total,4256,3.0,9.2,18.0,26.8,20.3,11.1,5.8,5.9,4.4
78,57,67,,,1,Galachipa Union,3461,2.2,9.8,17.2,26.0,21.1,11.4,6.0,6.2,4.5
78,57,67,,,3,Galachipa Union,795,6.4,6.5,21.4,30.1,17.0,9.7,4.7,4.3,4.2
78,57,67,183,,1,*Boalia,1091,2.1,10.1,16.9,25.5,20.7,10.6,8.1,6.0,4.5
78,57,67,275,,1,*Char Karfarma,81,0.0,19.8,12.3,25.9,18.5,13.6,3.7,6.2,4.3
78,57,67,427,,1,*Dakshin Charkhali,687,1.9,8.6,18.8,26.3,20.4,10.5,5.5,8.0,4.6
78,57,67,708,,1,*Londa,128,0.8,12.5,13.3,24.2,17.2,17.2,7.0,7.8,4.7
78,57,67,746,,1,*Matibhanga,191,5.8,8.4,19.4,26.2,23.6,7.9,3.1,5.8,4.3
78,57,67,794,,1,*Pakshia,802,2.2,9.9,15.0,27.4,21.4,13.7,5.5,4.9,4.5
78,57,67,870,,3,*Ratandi,795,6.4,6.5,21.4,30.1,17.0,9.7,4.7,4.3,4.2
78,57,67,870,01,3,Purba Ratandi,171,8.2,5.8,23.4,31.0,20.5,7.6,2.9,0.6,3.9
78,57,67,870,02,3,Paschim Ratandi,182,3.3,5.5,22.5,36.8,14.3,8.8,5.5,3.3,4.2
78,57,67,870,03,3,Muradnagar,340,7.1,6.5,19.4,27.4,15.9,12.1,4.7,7.1,4.4
78,57,67,870,04,3,Gorabala,102,6.9,9.8,22.5,25.5,19.6,6.9,5.9,2.9,4.0
78,57,67,876,,1,*Ratandi Kalikapur,481,2.1,8.9,20.2,24.9,23.1,10.4,4.2,6.2,4.4
78,57,69,,,,Gazalia Union Total,2856,3.0,10.7,19.2,23.8,20.8,11.9,4.8,5.9,4.4
78,57,69,064,,1,*Bahir Gazalia,305,3.6,11.5,20.0,21.0,20.0,11.1,6.6,6.2,4.4
78,57,69,200,,1,*Char Chandrailer,506,3.2,9.3,16.0,26.1,20.8,14.2,4.5,5.9,4.5
78,57,69,340,,1,*Charkhali,15,6.7,26.7,13.3,13.3,13.3,13.3,0.0,13.3,4.5
78,57,69,502,,1,*Gazalia,669,2.8,14.1,22.9,24.2,18.8,10.9,3.1,3.1,4.1
78,57,69,546,,1,*Haridebpur,723,3.0,9.4,18.7,22.5,23.1,12.3,5.8,5.1,4.5
78,57,69,567,,1,*Ichadi Char,201,3.5,10.9,17.4,28.4,17.4,10.4,4.5,7.5,4.4
78,57,69,573,,1,*Ichadi Joar,437,2.5,8.0,18.3,22.7,22.4,11.0,5.0,10.1,4.7
78,57,72,,,,Golkhali Union Total,7155,2.0,8.6,17.7,26.7,21.3,12.3,5.9,5.6,4.5
78,57,72,043,,1,*Badarpur,265,1.5,7.9,18.9,27.5,21.1,11.3,7.9,3.8,4.5
78,57,72,048,,1,*Badura,665,2.4,8.9,15.3,24.8,22.1,12.5,6.9,7.1,4.6
78,57,72,054,,1,*Badura Natunchar,235,3.0,9.4,14.0,31.5,22.1,13.2,3.8,3.0,4.3
78,57,72,075,,1,*Balaibunia,693,1.7,8.8,17.9,25.0,19.9,15.2,5.5,6.1,4.5
78,57,72,118,,1,*Bara Gabua,857,2.3,9.6,19.0,28.6,22.6,9.3,5.6,2.9,4.3
78,57,72,156,,1,*Bhadachar,91,1.1,9.9,29.7,33.0,18.7,7.7,0.0,0.0,3.8
78,57,72,389,,1,*Chhota Gabua,456,1.3,8.6,21.1,25.4,21.1,11.0,5.5,6.1,4.5
78,57,72,519,,1,*Golkhali,912,1.2,7.7,13.9,26.2,21.4,14.5,7.7,7.5,4.8
78,57,72,551,,1,*Haridevpur Char,352,0.6,6.5,17.9,29.5,19.0,14.2,6.0,6.3,4.6
78,57,72,616,,1,*Kalir Char,415,4.1,9.4,20.2,24.8,19.0,14.0,2.4,6.0,4.3
78,57,72,681,,1,*Kismat Haridevpur,232,4.3,8.6,15.5,25.9,25.0,8.2,6.0,6.5,4.4
78,57,72,773,,1,*Naluabagi,585,1.2,7.9,16.9,25.1,22.2,12.1,7.9,6.7,4.7
78,57,72,848,,1,*Purba Golkhali,856,1.5,9.1,18.3,27.3,21.7,11.4,4.9,5.6,4.5
78,57,72,919,,1,*Suhari (1st Part I),103,1.0,10.7,16.5,31.1,15.5,12.6,6.8,5.8,4.5
78,57,72,924,,1,*Suhari (2nd Part),226,4.0,8.0,16.4,26.1,21.7,11.5,5.8,6.6,4.5
78,57,72,930,,1,*Suhari Nijchar,212,1.9,8.0,23.1,26.9,20.3,12.3,5.2,2.4,4.3
78,57,75,,,,Kalagachhia Union Total,3543,3.1,11.9,15.8,23.2,20.0,12.7,6.4,6.9,4.5
78,57,75,091,,1,*Banshbaria Dariabad,1135,2.5,11.5,16.5,22.6,20.1,13.1,6.4,7.3,4.6
78,57,75,605,,1,*Kalagachhia,1086,3.3,12.5,16.8,24.2,19.3,11.7,5.3,6.8,4.4
78,57,75,621,,1,*Kalyankalas,950,3.6,12.3,14.7,23.6,20.8,11.8,7.1,6.1,4.5
78,57,75,670,,1,*Kharijjama,372,3.0,9.9,14.0,21.2,19.4,16.9,7.5,8.1,4.9
78,57,78,,,,Panpatty Union Total,3399,4.5,10.5,19.4,25.0,18.0,10.4,5.8,6.3,4.4
78,57,78,438,,1,*Dakshin Panpatty,1028,2.9,8.9,17.6,26.1,17.2,12.5,7.1,7.7,4.6
78,57,78,438,01,1,Bibirhaola,179,2.8,8.9,19.0,28.5,14.0,12.8,8.4,5.6,4.5
78,57,78,438,02,1,Gupterhaola,265,4.5,7.2,18.1,23.4,17.0,13.2,6.8,9.8,4.8
78,57,78,438,03,1,Bashtala,147,3.4,14.3,16.3,25.2,15.0,10.2,7.5,8.2,4.4
78,57,78,438,04,1,Hularam,200,1.5,7.5,19.0,26.5,19.0,12.5,6.5,7.5,4.7
78,57,78,438,05,1,Khurida,144,2.8,4.9,18.1,28.5,20.8,13.9,6.3,4.9,4.5
78,57,78,438,06,1,Senerhowla,93,1.1,14.0,11.8,25.8,18.3,11.8,7.5,9.7,4.7
78,57,78,508,,1,*Geramarddan,769,6.0,13.1,20.3,23.3,17.8,10.4,5.1,4.0,4.1
78,57,78,508,01,1,Geramarddan,253,3.6,16.6,18.2,25.7,15.8,12.3,4.7,3.2,4.1
78,57,78,508,02,1,Jugirhaola,142,12.0,12.0,23.2,23.2,11.3,9.2,4.2,4.9,3.8
78,57,78,508,03,1,Nijhaola,374,5.3,11.2,20.6,21.7,21.7,9.6,5.6,4.3,4.2
78,57,78,951,,1,*Tulatali,388,4.4,10.6,22.2,22.2,18.0,10.1,5.9,6.7,4.3
78,57,78,951,01,1,Taltali,119,7.6,13.4,21.0,23.5,19.3,6.7,5.0,3.4,4.0
78,57,78,951,02,1,Tulatali,269,3.0,9.3,22.7,21.6,17.5,11.5,6.3,8.2,4.5
78,57,78,984,,1,*Uttar Panpatty,1214,5.0,10.1,19.5,26.0,18.8,8.8,5.2,6.5,4.3
78,57,78,984,01,1,Satiram,208,4.3,9.6,21.2,18.8,19.2,10.1,7.7,9.1,4.6
78,57,78,984,02,1,Joymanik,159,2.5,8.2,13.8,35.2,18.9,8.8,5.7,6.9,4.5
78,57,78,984,03,1,Ratneshwar,248,5.6,11.3,21.4,25.4,18.5,8.1,4.4,5.2,4.2
78,57,78,984,04,1,Kawkaitabak,286,5.9,10.5,22.4,23.4,19.9,7.3,4.2,6.3,4.2
78,57,78,984,05,1,Uttar Panpatty,313,5.4,10.2,17.3,29.1,17.6,9.9,4.8,5.8,4.3
78,57,83,,,,Rangabali Union Total,6807,2.3,12.1,18.9,26.5,21.0,10.9,4.9,3.3,4.2
78,57,83,016,,1,*Amlibaria,1186,2.4,10.8,19.4,26.5,22.0,11.7,4.8,2.4,4.2
78,57,83,016,01,1,Purba Neta,346,2.6,9.8,21.1,30.3,20.8,11.3,2.9,1.2,4.1
78,57,83,016,02,1,Paschim Neta,172,3.5,13.4,23.8,26.7,20.9,7.0,4.1,0.6,3.9
78,57,83,016,03,1,Gandadula,82,2.4,9.8,15.9,32.9,19.5,8.5,3.7,7.3,4.4
78,57,83,016,04,1,Amlibaria,388,2.1,9.8,17.5,24.5,22.2,13.9,7.2,2.8,4.4
78,57,83,016,05,1,Mazmeta,118,0.8,8.5,13.6,20.3,28.0,17.8,6.8,4.2,4.7
78,57,83,016,06,1,Chowdhury Mutabad,80,3.8,18.8,23.8,21.3,22.5,7.5,1.3,1.3,3.7
78,57,83,059,,1,*Bhar Char,973,1.3,10.8,16.0,27.4,20.3,11.4,7.0,5.7,4.5
78,57,83,270,,1,*Char Jamuna,162,0.6,12.3,17.9,35.2,21.0,8.6,1.9,2.5,4.1
78,57,83,294,,1,*Char Mamdarbunia,342,1.8,9.9,14.9,24.9,27.2,8.8,5.8,6.7,4.5
78,57,83,337,,1,*Char Kashem,87,2.3,27.6,14.9,18.4,18.4,10.3,4.6,3.4,3.9
78,57,83,343,,1,*Char Khankoni Para,161,5.6,10.6,12.4,27.3,20.5,13.7,5.6,4.3,4.4
78,57,83,383,,1,*Char Tofazzal,23,0.0,52.2,21.7,8.7,8.7,8.7,0.0,0.0,3.0
78,57,83,492,,1,*Gangi Para,249,3.6,13.3,18.9,28.1,18.1,11.2,3.6,3.2,4.1
78,57,83,594,,1,*Jogir Haola,737,2.7,14.0,22.0,27.0,19.5,9.8,3.3,1.8,4.0
78,57,83,594,01,1,Jogir Haola,632,3.0,14.2,21.0,26.9,19.1,10.3,3.6,1.7,4.0
78,57,83,594,02,1,Hapuakhali,105,1.0,12.4,27.6,27.6,21.9,6.7,1.0,1.9,3.9
78,57,83,648,,1,*Kazir Haola,597,2.3,10.9,17.9,24.8,20.6,12.9,6.4,4.2,4.4
78,57,83,648,01,1,Uttar Kazir Haola,392,2.8,10.5,18.9,24.0,22.4,11.7,5.1,4.6,4.4
78,57,83,648,02,1,Dakshin Kazir Haola,205,1.5,11.7,16.1,26.3,17.1,15.1,8.8,3.4,4.5
78,57,83,865,,1,*Rangabali,778,2.1,10.7,19.4,26.2,20.6,10.7,6.2,4.2,4.3
78,57,83,865,01,1,Kachiyabunia,320,0.3,8.8,20.3,27.2,22.5,11.6,5.6,3.8,4.4
78,57,83,865,02,1,Pashuribunia,292,1.4,11.3,14.0,26.4,20.9,11.6,7.5,6.8,4.6
78,57,83,865,03,1,19 No Rangabali,166,6.6,13.3,27.1,24.1,16.3,7.2,4.8,0.6,3.7
78,57,83,903,,1,*Samudafat,565,2.3,12.4,20.4,26.9,20.5,13.1,3.4,1.1,4.1
78,57,83,903,01,1,Samudafad,268,2.6,12.7,18.3,27.6,20.9,13.8,3.4,0.7,4.1
78,57,83,903,02,1,Deorkanda,210,2.9,12.9,21.4,23.8,21.0,12.4,4.3,1.4,4.1
78,57,83,903,03,1,Kaonia,87,0.0,10.3,24.1,32.2,18.4,12.6,1.1,1.1,4.1
78,57,83,908,,1,*Sener Haola,785,2.7,13.9,21.5,26.2,21.5,9.2,3.3,1.7,4.0
78,57,83,908,01,1,Sener Haola,191,1.6,18.8,20.9,24.6,22.0,9.9,1.6,0.5,3.9
78,57,83,908,02,1,Gorakhali,167,3.6,12.6,24.0,25.1,24.0,7.2,1.2,2.4,3.9
78,57,83,908,03,1,Charkanda,165,4.8,15.8,18.2,26.7,20.6,7.3,6.7,0.0,3.9
78,57,83,908,04,1,Kataban,167,1.8,10.2,24.6,26.9,20.4,9.6,4.8,1.8,4.1
78,57,83,908,05,1,Choukha,95,1.1,9.5,18.9,29.5,20.0,13.7,2.1,5.3,4.4
78,57,83,994,,1,*Uttari Para,162,3.1,11.7,20.4,26.5,22.8,7.4,4.3,3.7,4.1
78,57,94,,,,Ratandi Taltali Union Total,4539,2.3,9.4,18.7,27.5,19.8,11.2,5.6,5.5,4.4
78,57,94,730,,1,*Manikchand,948,3.1,9.8,19.0,28.4,16.9,11.7,4.7,6.4,4.4
78,57,94,730,01,1,Bishnuram,215,1.9,7.9,21.4,26.5,20.0,11.6,4.2,6.5,4.5
78,57,94,730,02,1,Kamar Haola,145,2.8,9.0,13.8,33.1,18.6,9.0,6.2,7.6,4.5
78,57,94,730,03,1,Chander Haola,92,9.8,12.0,20.7,23.9,13.0,12.0,4.3,4.3,3.9
78,57,94,730,04,1,Balir Haola,146,2.1,10.3,19.2,28.1,8.2,13.7,8.2,10.3,4.6
78,57,94,730,05,1,Memsaheb,146,0.7,8.9,21.9,28.8,16.4,15.8,3.4,4.1,4.3
78,57,94,730,06,1,Chhayani,98,1.0,9.2,16.3,27.6,28.6,8.2,3.1,6.1,4.5
78,57,94,730,07,1,Jangla,106,6.6,14.2,17.9,30.2,13.2,10.4,2.8,4.7,4.1
78,57,94,881,,1,*Ratandi Taltali,1208,2.6,9.8,18.1,26.7,20.6,10.9,5.6,5.5,4.4
78,57,94,881,01,1,Gramarodon,251,3.2,7.2,17.9,23.1,20.7,10.4,8.4,9.2,4.7
78,57,94,881,02,1,Nij Haola,204,2.0,5.4,12.3,26.0,24.5,11.8,8.3,9.8,5.0
78,57,94,881,03,1,Talukder Haola,147,0.7,11.6,19.0,32.0,25.2,6.8,2.0,2.7,4.1
78,57,94,881,04,1,Labubunia,113,0.0,15.0,24.8,27.4,18.6,8.8,2.7,2.7,4.0
78,57,94,881,05,1,Gubbunia,71,2.8,12.7,12.7,38.0,16.9,14.1,0.0,2.8,4.1
78,57,94,881,06,1,Bhiar Haola,150,3.3,10.7,19.3,27.3,20.0,10.0,7.3,2.0,4.2
78,57,94,881,07,1,Chhota Manik Chand,66,1.5,16.7,33.3,22.7,4.5,15.2,1.5,4.5,3.9
78,57,94,881,08,1,Bara Manik Chand,206,5.3,9.2,16.0,24.8,21.4,13.1,5.8,4.4,4.3
78,57,94,962,,1,*Ulania,407,0.5,8.1,19.7,31.4,20.6,10.1,6.4,3.2,4.4
78,57,94,962,01,1,Ulania Bandar,266,0.4,7.1,19.2,33.5,21.4,8.3,6.0,4.1,4.4
78,57,94,962,02,1,Chhaykani,141,0.7,9.9,20.6,27.7,19.1,13.5,7.1,1.4,4.3
78,57,94,967,,1,*Ulania Ratandi,1976,2.1,9.2,18.7,26.7,20.6,11.4,5.9,5.5,4.4
78,57,94,967,01,1,Tattibunia,115,4.3,7.8,18.3,24.3,23.5,10.4,6.1,5.2,4.4
78,57,94,967,02,1,Patabunia,308,2.9,11.7,18.5,24.4,23.1,9.4,5.5,4.5,4.3
78,57,94,967,03,1,Nim Haola,193,2.6,10.4,14.0,30.1,19.7,15.0,5.7,2.6,4.4
78,57,94,967,04,1,Mamuntakti,137,0.7,10.9,15.3,31.4,18.2,13.9,2.9,6.6,4.5
78,57,94,967,05,1,Bara Chouddakani,135,1.5,8.9,13.3,27.4,20.0,12.6,8.9,7.4,4.7
78,57,94,967,06,1,Chhota Chouddakani,434,1.2,7.1,19.8,27.2,21.4,12.0,5.1,6.2,4.5
78,57,94,967,07,1,Satghar,121,2.5,8.3,18.2,24.0,24.0,9.9,5.8,7.4,4.6
78,57,94,967,08,1,Kazikanda,139,2.2,7.9,21.6,27.3,18.7,10.8,8.6,2.9,4.4
78,57,94,967,09,1,Kacharikanda,394,2.3,9.4,22.1,25.9,18.0,10.2,6.1,6.1,4.4
78,66,,,,,Kala Para Upazila Total,57233,3.1,13.7,22.1,26.0,18.3,9.0,4.1,3.6,4.1
78,66,,,,1,Kala Para Upazila,48772,3.0,13.7,21.8,26.0,18.5,9.2,4.2,3.6,4.1
78,66,,,,2,Kala Para Upazila,6319,3.8,13.9,24.2,25.5,16.8,8.0,3.7,4.1,4.0
78,66,,,,3,Kala Para Upazila,2142,2.6,13.5,21.6,28.0,18.5,8.4,3.9,3.5,4.1
78,66,,,,2,Kalapara  Paurashava,4274,4.5,14.0,24.7,26.0,16.2,7.8,3.1,3.6,3.9
78,66,01,,,,Ward No-01 Total,703,2.0,8.7,25.3,25.2,20.5,10.1,3.8,4.4,4.3
78,66,01,720,,2,*Nachna Para,703,2.0,8.7,25.3,25.2,20.5,10.1,3.8,4.4,4.3
78,66,02,,,,Ward No-02 Total,497,17.3,20.5,26.0,22.9,9.3,2.8,0.2,1.0,3.0
78,66,02,508,,2,*Khepupara Office Mahallah,164,11.0,18.3,28.7,21.3,14.0,3.7,0.6,2.4,3.4
78,66,02,705,,2,*Natun Bazar,248,21.0,21.4,25.4,25.0,4.8,2.0,0.0,0.4,2.8
78,66,02,760,,2,*Puran Bazar,85,18.8,22.4,22.4,20.0,12.9,3.5,0.0,0.0,3.0
78,66,03,,,,Ward No-03 Total,414,2.7,15.2,22.7,27.5,14.3,9.4,5.1,3.1,4.0
78,66,03,820,,2,*Rahmatpur,414,2.7,15.2,22.7,27.5,14.3,9.4,5.1,3.1,4.0
78,66,04,,,,Ward No-04 Total,283,2.8,9.5,20.8,27.2,15.5,9.5,5.7,8.8,4.5
78,66,04,350,,2,*Etimkhana,283,2.8,9.5,20.8,27.2,15.5,9.5,5.7,8.8,4.5
78,66,05,,,,Ward No-05 Total,272,2.2,8.1,22.8,29.8,16.9,8.8,4.8,6.6,4.4
78,66,05,280,,2,*Chinguria,272,2.2,8.1,22.8,29.8,16.9,8.8,4.8,6.6,4.4
78,66,06,,,,Ward No-06 Total,421,3.3,15.0,25.7,24.7,17.6,8.1,2.4,3.3,3.9
78,66,06,060,,2,*Akhrabari,113,0.0,19.5,30.1,30.1,12.4,5.3,0.9,1.8,3.6
78,66,06,510,,2,*Kat Patty,25,0.0,8.0,24.0,16.0,40.0,4.0,0.0,8.0,4.5
78,66,06,530,,2,*Kumar Patty,60,5.0,18.3,25.0,15.0,13.3,13.3,3.3,6.7,4.0
78,66,06,720,,2,*Naia Patty,89,1.1,10.1,14.6,27.0,22.5,14.6,5.6,4.5,4.6
78,66,06,750,,2,*Pashu Hospital Road,120,6.7,13.3,32.5,24.2,16.7,4.2,0.8,1.7,3.6
78,66,06,775,,2,*Puran Stemer  Ghat,14,14.3,21.4,7.1,28.6,14.3,7.1,7.1,0.0,3.6
78,66,07,,,,Ward No-07 Total,314,5.4,9.6,25.8,24.2,17.8,7.0,4.8,5.4,4.1
78,66,07,650,,2,*Islampur,95,4.2,14.7,22.1,16.8,16.8,7.4,8.4,9.5,4.5
78,66,07,680,,2,*Madrasa Road,190,4.2,6.8,28.4,26.8,19.5,6.8,3.2,4.2,4.1
78,66,07,795,,2,*Upazila Office,29,17.2,10.3,20.7,31.0,10.3,6.9,3.4,0.0,3.4
78,66,08,,,,Ward No-08 Total,420,3.1,11.0,19.0,27.9,19.0,11.4,2.6,6.0,4.3
78,66,08,290,,2,*College Road (Kalapara) (Part,195,3.1,7.2,20.0,29.7,19.5,11.3,3.1,6.2,4.4
78,66,08,610,,2,*Mongalsok Road,30,0.0,13.3,16.7,30.0,13.3,16.7,6.7,3.3,4.4
78,66,08,650,,2,*Muslim Para,78,6.4,15.4,16.7,33.3,17.9,5.1,2.6,2.6,3.8
78,66,08,790,,2,*Sabujbagh (Kalapara),117,1.7,13.7,19.7,20.5,20.5,14.5,0.9,8.5,4.4
78,66,09,,,,Ward No-09 Total,950,2.6,19.5,27.7,26.4,15.3,5.7,2.0,0.8,3.6
78,66,09,042,,2,*Badurtali,426,3.1,19.0,22.8,27.5,16.7,7.7,1.9,1.4,3.7
78,66,09,220,,2,*Bara Sikder Bari,159,1.3,24.5,31.4,27.0,11.3,2.5,1.3,0.6,3.4
78,66,09,300,,2,*College Road,202,1.5,11.4,31.7,27.2,18.8,5.9,3.5,0.0,3.8
78,66,09,710,,2,*Santi Bagh,163,4.3,25.8,31.9,22.1,11.0,3.1,1.2,0.6,3.3
78,66,10,,,,Baliatali Union Total,4021,3.5,14.6,21.9,26.7,17.6,8.8,3.9,3.1,4.0
78,66,10,084,,1,*Bara Baliatali,946,2.9,14.4,24.2,28.1,16.7,9.0,3.0,1.8,3.9
78,66,10,084,01,1,Bara Baliatali,671,2.8,15.6,23.7,26.7,17.1,9.4,2.5,2.1,3.9
78,66,10,084,02,1,Digar Baliatali,174,4.0,10.9,24.7,33.9,16.1,6.9,2.3,1.1,3.8
78,66,10,084,03,1,Amtali Para,101,1.0,11.9,26.7,27.7,14.9,9.9,6.9,1.0,4.1
78,66,10,169,,1,*Char Baliatali,371,3.0,14.8,19.1,26.4,21.8,8.9,3.8,2.2,4.0
78,66,10,211,,1,*Char Ershad,12,0.0,25.0,25.0,16.7,16.7,16.7,0.0,0.0,3.8
78,66,10,232,,1,*Char Habib,9,11.1,22.2,11.1,22.2,22.2,0.0,0.0,11.1,3.8
78,66,10,254,,1,*Char Nazib,166,8.4,18.1,16.3,25.3,15.7,11.4,3.6,1.2,3.9
78,66,10,296,,1,*Chhota Baliatali,944,2.3,11.3,22.0,27.3,18.4,8.2,5.2,5.2,4.3
78,66,10,296,01,1,Chhota Baliatali,208,3.4,12.5,20.7,29.8,16.3,7.2,6.7,3.4,4.1
78,66,10,296,02,1,Hari Para,170,2.9,7.1,25.9,25.9,14.1,9.4,5.9,8.8,4.6
78,66,10,296,03,1,Ayum Para,111,0.9,9.9,14.4,28.8,23.4,9.0,9.0,4.5,4.6
78,66,10,296,04,1,Kangkani Para,88,2.3,13.6,18.2,25.0,25.0,10.2,2.3,3.4,4.2
78,66,10,296,05,1,Compani Para,107,0.9,10.3,18.7,31.8,18.7,9.3,4.7,5.6,4.4
78,66,10,296,06,1,Bali Para,180,2.8,11.1,23.9,25.6,19.4,6.7,3.3,7.2,4.2
78,66,10,296,07,1,Abashan,80,1.3,18.8,32.5,22.5,16.3,6.3,2.5,0.0,3.6
78,66,10,571,,1,*Lemu Para,986,4.6,15.1,19.7,26.5,18.5,8.8,4.0,2.9,4.0
78,66,10,571,01,1,Lemu Para,163,5.5,28.8,22.7,23.9,10.4,4.9,3.1,0.6,3.3
78,66,10,571,02,1,Baiddyapara,344,3.8,10.8,16.6,30.5,21.2,9.0,3.8,4.4,4.3
78,66,10,571,03,1,Tulatali,363,3.9,11.6,20.4,24.2,20.9,11.0,4.7,3.3,4.2
78,66,10,571,04,1,Karamja Para,33,3.0,9.1,21.2,24.2,18.2,15.2,9.1,0.0,4.3
78,66,10,571,05,1,Rifujeepara,83,9.6,24.1,22.9,25.3,12.0,3.6,1.2,1.2,3.3
78,66,10,867,,1,*Sona Para,587,3.2,17.9,24.9,24.7,14.3,8.7,3.4,2.9,3.8
78,66,10,867,01,1,Sona Para,175,1.1,22.9,24.0,26.9,9.7,9.1,4.0,2.3,3.8
78,66,10,867,02,1,Naya Para,122,2.5,12.3,23.8,25.4,19.7,8.2,4.1,4.1,4.1
78,66,10,867,03,1,Majerpara,84,1.2,21.4,31.0,22.6,13.1,6.0,3.6,1.2,3.6
78,66,10,867,04,1,Pakhia Para,206,6.3,15.5,23.8,23.3,15.5,9.7,2.4,3.4,3.8
78,66,11,,,,Chakamaiya Union Total,4968,9.3,22.7,25.3,23.6,12.6,4.1,1.4,0.9,3.3
78,66,11,021,,1,*Anipara,1198,7.2,26.5,26.3,22.9,11.7,3.8,1.2,0.6,3.2
78,66,11,021,01,1,Anipara,332,9.3,32.2,25.3,21.4,8.4,2.7,0.3,0.3,3.0
78,66,11,021,02,1,Kamra Para,81,9.9,18.5,33.3,22.2,11.1,2.5,1.2,1.2,3.2
78,66,11,021,03,1,Naya Para,161,9.9,21.7,29.2,21.1,9.3,6.2,2.5,0.0,3.3
78,66,11,021,04,1,Katal Para,251,2.4,36.3,21.5,23.9,12.4,3.6,0.0,0.0,3.2
78,66,11,021,05,1,Kashimkhali,286,8.7,20.3,25.2,24.8,12.9,4.5,1.7,1.7,3.4
78,66,11,021,06,1,Abashan,87,0.0,12.6,35.6,23.0,23.0,2.3,3.4,0.0,3.8
78,66,11,127,,1,*Chakamaiya,1211,7.8,21.7,26.6,24.1,13.0,4.6,1.3,0.8,3.4
78,66,11,127,01,1,Chakamaiya (Shantipur),262,8.0,21.0,26.3,22.1,14.5,4.2,1.9,1.9,3.5
78,66,11,127,02,1,Paschim Chakamaiya,327,9.8,26.0,31.8,21.4,8.9,2.1,0.0,0.0,3.0
78,66,11,127,03,1,Uttar Chakamaiya,536,6.5,20.0,22.6,28.0,14.6,6.2,1.7,0.6,3.5
78,66,11,127,05,1,Daroga Tabog,86,7.0,18.6,32.6,16.3,15.1,5.8,2.3,2.3,3.5
78,66,11,359,,1,*Gamurbunia,1058,16.5,23.3,21.3,22.0,12.4,2.6,1.1,0.8,3.1
78,66,11,359,01,1,Gamurbunia,483,27.1,26.1,19.3,16.4,9.5,1.2,0.2,0.2,2.6
78,66,11,359,02,1,Hosnabad,161,9.9,22.4,24.2,24.8,13.7,3.1,1.2,0.6,3.3
78,66,11,359,03,1,Islampur,91,12.1,9.9,17.6,19.8,24.2,7.7,4.4,4.4,4.0
78,66,11,359,04,1,Purba Chakamaya,243,7.0,23.5,24.7,28.8,11.9,2.5,1.2,0.4,3.3
78,66,11,359,05,1,New Abasan,80,0.0,23.8,21.3,32.5,15.0,3.8,2.5,1.3,3.7
78,66,11,762,,1,*Chakamaya Nishanbaria,1501,7.1,20.1,26.4,24.9,13.1,5.1,2.0,1.3,3.5
78,66,11,762,01,1,Chakamaya Nishanbaria,564,4.6,20.7,26.6,26.4,11.9,5.3,2.7,1.8,3.6
78,66,11,762,02,1,Moulvi Tabog,81,11.1,16.0,28.4,27.2,11.1,6.2,0.0,0.0,3.3
78,66,11,762,03,1,Betmour,253,7.9,21.3,21.3,23.7,14.2,5.9,3.2,2.4,3.6
78,66,11,762,04,1,Bainbunia,241,3.7,23.7,34.9,21.6,11.2,4.1,0.8,0.0,3.3
78,66,11,762,05,1,Chounga Pasha,265,14.7,16.6,24.9,20.8,15.8,4.2,1.9,1.1,3.3
78,66,11,762,06,1,Abasan,97,4.1,17.5,20.6,36.1,15.5,6.2,0.0,0.0,3.6
78,66,15,,,,Dalbuganj Union Total,3019,4.8,19.0,26.6,25.7,14.4,5.7,2.3,1.6,3.6
78,66,15,317,,1,*Dalbuganj,1779,6.8,22.5,26.9,22.9,12.7,4.8,1.9,1.5,3.4
78,66,15,317,01,1,Payerpur,224,1.8,13.4,26.8,33.5,16.1,5.4,1.3,1.8,3.8
78,66,15,317,02,1,Jamalpur,86,3.5,25.6,27.9,26.7,10.5,3.5,1.2,1.2,3.4
78,66,15,317,03,1,Meherpur,297,6.7,29.0,29.3,21.5,8.4,3.4,1.0,0.7,3.2
78,66,15,317,04,1,Rasulpur,96,5.2,17.7,26.0,30.2,15.6,1.0,1.0,3.1,3.6
78,66,15,317,05,1,Fulbunia,201,2.0,13.4,26.4,21.4,19.4,9.5,5.5,2.5,4.1
78,66,15,317,06,1,Nurpur,81,0.0,24.7,34.6,19.8,17.3,2.5,1.2,0.0,3.4
78,66,15,317,07,1,Dalbuganj,295,16.9,29.2,26.8,14.9,9.2,2.0,1.0,0.0,2.8
78,66,15,317,08,1,Ramjanpur,101,0.0,22.8,28.7,25.7,14.9,6.9,0.0,1.0,3.6
78,66,15,317,09,1,Mirpur,189,14.3,27.5,24.3,17.5,7.9,2.1,2.6,3.7,3.2
78,66,15,317,10,1,Purbo Dalbuganj,209,3.8,17.7,23.0,25.8,14.8,10.0,2.9,1.9,3.9
78,66,15,486,,1,*Harendrapur,541,3.0,17.9,31.6,28.5,12.9,4.3,1.3,0.6,3.5
78,66,15,486,01,1,Harendrapur,429,3.0,20.0,33.3,28.2,11.9,2.6,0.7,0.2,3.4
78,66,15,486,02,1,Surdugi,112,2.7,9.8,25.0,29.5,17.0,10.7,3.6,1.8,4.0
78,66,15,656,,1,*Manasatali,699,1.1,10.9,21.7,30.9,19.7,9.2,4.0,2.4,4.1
78,66,15,656,01,1,Manasatali,480,1.0,10.6,21.9,31.9,19.2,9.0,4.2,2.3,4.1
78,66,15,656,02,1,Barkatia,219,1.4,11.4,21.5,28.8,21.0,9.6,3.7,2.7,4.2
78,66,23,,,,Mohipur Union Total,4295,1.7,10.0,20.5,25.9,19.3,10.9,5.9,5.8,4.4
78,66,23,804,,1,*Nizampur,898,2.0,10.8,22.0,26.4,21.5,7.9,4.7,4.7,4.2
78,66,23,804,01,1,Nizampur,351,2.0,6.0,19.1,23.1,25.6,10.3,7.1,6.8,4.6
78,66,23,804,02,1,Manoharpur,250,2.4,14.0,16.4,29.2,19.6,9.6,4.8,4.0,4.2
78,66,23,804,03,1,Puran Mohipur,297,1.7,13.8,30.3,27.9,18.2,3.7,1.7,2.7,3.8
78,66,23,846,,1,*Shibbaria,2470,1.3,8.3,18.5,25.1,19.4,13.2,6.7,7.5,4.6
78,66,23,846,01,1,Bipinpur,465,1.1,7.7,21.5,24.3,16.8,14.6,6.9,7.1,4.6
78,66,23,846,02,1,Serajpur,361,1.4,10.0,19.4,31.3,18.6,9.7,5.0,4.7,4.3
78,66,23,846,03,1,Mohipur,373,0.8,8.3,19.8,24.7,20.1,11.3,6.4,8.6,4.7
78,66,23,846,04,1,Nazirpur,636,2.7,10.2,16.8,24.1,19.3,13.4,6.8,6.8,4.5
78,66,23,846,05,1,Kamalpur,283,0.7,7.1,17.7,24.0,20.5,16.3,4.9,8.8,4.7
78,66,23,846,06,1,Sudirpur,352,0.3,4.5,15.6,23.3,21.9,14.2,9.9,10.2,5.0
78,66,23,994,,1,*Yousef Pur,927,2.4,13.9,24.5,27.5,16.8,7.6,4.9,2.5,4.0
78,66,23,994,01,1,Moazzempur,251,3.6,15.1,22.7,27.9,15.9,10.0,4.0,0.8,3.9
78,66,23,994,02,1,Latifpur,183,1.1,14.2,27.9,27.3,14.8,5.5,4.9,4.4,4.1
78,66,23,994,03,1,Nij Shibbaria,291,1.7,14.1,26.1,28.9,16.5,7.2,4.1,1.4,3.9
78,66,23,994,04,1,Yousufpur,202,3.0,11.9,21.3,25.2,20.3,6.9,6.9,4.5,4.2
78,66,29,,,,Dhulasar Union Total,3966,1.3,8.4,18.2,25.4,21.5,12.4,6.6,6.3,4.6
78,66,29,105,,1,*Baultali,761,1.1,8.0,19.4,23.4,19.8,13.3,7.6,7.4,4.7
78,66,29,105,01,1,Nayakata,177,0.0,4.5,19.2,24.9,22.0,15.3,7.3,6.8,4.8
78,66,29,105,02,1,Tarikata,163,1.2,8.6,21.5,23.3,16.6,9.8,9.2,9.8,4.7
78,66,29,105,03,1,Betkata Char,104,0.0,6.7,13.5,20.2,20.2,19.2,8.7,11.5,5.2
78,66,29,105,04,1,Betkata Para,147,1.4,10.9,18.4,22.4,20.4,15.0,6.1,5.4,4.5
78,66,29,105,05,1,Betkata Muslum Para,23,8.7,13.0,30.4,13.0,21.7,4.3,4.3,4.3,3.8
78,66,29,105,06,1,Baoltali Para,97,1.0,12.4,16.5,29.9,17.5,7.2,9.3,6.2,4.4
78,66,29,105,07,1,Baultali Muslim Para,50,2.0,2.0,30.0,20.0,24.0,16.0,4.0,2.0,4.4
78,66,29,190,,1,*Char Chapli,1084,0.6,7.7,19.1,26.8,22.2,11.2,6.8,5.5,4.6
78,66,29,190,01,1,Char Chapli,417,0.0,8.4,18.5,26.1,22.3,11.0,8.2,5.5,4.6
78,66,29,190,02,1,Paschim Char Chapli,273,2.2,8.1,19.4,28.9,19.8,11.7,4.4,5.5,4.5
78,66,29,190,03,1,Nutan Para,294,0.0,5.8,20.1,27.9,22.8,9.2,7.1,7.1,4.7
78,66,29,190,04,1,Dakshin Chapli,100,0.0,10.0,18.0,21.0,27.0,16.0,7.0,1.0,4.5
78,66,29,338,,1,*Dhulasar,1151,1.7,9.2,16.9,26.2,20.7,12.4,6.3,6.6,4.6
78,66,29,338,01,1,Ananta Para,250,4.0,10.0,18.0,29.2,19.2,10.0,6.4,3.2,4.2
78,66,29,338,02,1,Purba Dhulasar,257,0.4,7.0,19.8,26.8,20.2,12.5,5.8,7.4,4.6
78,66,29,338,03,1,Paschim Dhulasar,321,1.2,9.7,15.9,24.6,19.9,13.7,5.9,9.0,4.7
78,66,29,338,04,1,Char Dhulasar,323,1.2,9.9,14.9,24.8,22.9,13.0,7.1,6.2,4.6
78,66,29,381,,1,*Gangamati,556,1.4,9.0,19.4,25.2,23.6,11.5,5.2,4.7,4.4
78,66,29,381,01,1,Gangamati,290,1.0,10.3,20.7,26.9,21.7,10.3,6.2,2.8,4.3
78,66,29,381,02,1,Barahar Para,83,6.0,9.6,20.5,21.7,20.5,8.4,2.4,10.8,4.4
78,66,29,381,03,1,Char Gangamati,183,0.0,6.6,16.9,24.0,27.9,14.8,4.9,4.9,4.7
78,66,29,465,,1,*Kawar Char,414,2.2,7.5,15.5,23.2,22.2,15.2,6.5,7.7,4.7
78,66,35,,,,Lalua Union Total,5261,1.7,14.4,22.9,26.6,19.5,9.3,3.4,2.1,4.0
78,66,35,063,,1,*Banati Para,984,1.1,13.4,21.4,26.4,20.0,10.2,4.8,2.6,4.2
78,66,35,063,01,1,Pasur Bunia,111,1.8,9.0,15.3,24.3,19.8,17.1,5.4,7.2,4.6
78,66,35,063,02,1,Chari Para,372,1.1,14.2,23.1,24.7,22.6,9.4,3.2,1.6,4.0
78,66,35,063,03,1,Dhanju Para,80,0.0,16.3,17.5,25.0,20.0,15.0,5.0,1.3,4.2
78,66,35,063,04,1,Banati Para,142,0.0,21.8,19.7,33.8,16.2,6.3,2.1,0.0,3.7
78,66,35,063,05,1,11 No Haola,84,1.2,7.1,17.9,26.2,19.0,11.9,9.5,7.1,4.7
78,66,35,063,06,1,Kalau Para(Part),195,2.1,9.7,26.2,26.2,18.5,7.7,7.2,2.6,4.2
78,66,35,148,,1,*Chandu Para,1222,2.6,12.9,20.6,27.5,20.2,10.4,3.7,2.0,4.1
78,66,35,148,01,1,Chandu Para,695,3.2,13.5,21.4,27.2,19.6,10.4,3.5,1.3,4.0
78,66,35,148,02,1,Kalau Para(Part),82,0.0,24.4,29.3,34.1,7.3,3.7,1.2,0.0,3.4
78,66,35,148,03,1,Hasna Para,166,1.2,13.3,24.1,24.7,24.1,9.6,1.8,1.2,4.0
78,66,35,148,04,1,Manju Para,279,2.9,7.9,14.0,28.0,23.3,12.9,6.1,5.0,4.5
78,66,35,275,,1,*Char Nishanbaria,85,0.0,16.5,20.0,17.6,24.7,10.6,4.7,5.9,4.3
78,66,35,402,,1,*Golbunia,596,2.0,14.3,25.7,28.9,19.0,7.7,1.7,0.8,3.8
78,66,35,402,01,1,Golbunia,85,0.0,5.9,35.3,22.4,22.4,9.4,2.4,2.4,4.1
78,66,35,402,02,1,Majher Haola,172,0.0,11.6,31.4,31.4,18.6,6.4,0.6,0.0,3.8
78,66,35,402,03,1,Chingaria,167,6.0,17.4,22.8,29.9,15.0,6.6,2.4,0.0,3.6
78,66,35,402,04,1,Chonkhola,172,1.2,18.0,18.0,28.5,21.5,9.3,1.7,1.7,4.0
78,66,35,550,,1,*Lalua,544,1.3,16.2,24.4,27.6,20.0,5.9,3.1,1.5,3.9
78,66,35,550,01,1,Lalua,83,0.0,12.0,25.3,39.8,14.5,3.6,4.8,0.0,3.9
78,66,35,550,02,1,Merau Para,95,0.0,16.8,24.2,22.1,28.4,6.3,1.1,1.1,3.9
78,66,35,550,03,1,Mahallah Para,176,2.8,15.9,23.9,20.5,19.3,8.0,5.7,4.0,4.1
78,66,35,550,04,1,Naya Para,89,0.0,22.5,28.1,25.8,21.3,1.1,1.1,0.0,3.5
78,66,35,550,05,1,Daskani,73,0.0,16.4,19.2,42.5,13.7,6.8,1.4,0.0,3.8
78,66,35,550,06,1,Manirgutia,28,7.1,7.1,28.6,21.4,25.0,10.7,0.0,0.0,3.8
78,66,35,635,,1,*Madhu Para,392,2.6,11.2,21.9,28.3,18.9,10.2,3.6,3.3,4.1
78,66,35,635,01,1,Madhu Para,200,3.0,8.0,18.5,26.0,20.5,13.5,5.0,5.5,4.4
78,66,35,635,02,1,Machhuakhali,129,1.6,15.5,24.8,30.2,18.6,7.0,0.8,1.6,3.8
78,66,35,635,03,1,Garadkhali,63,3.2,12.7,27.0,31.7,14.3,6.3,4.8,0.0,3.8
78,66,35,719,,1,*Nayakata,668,2.1,13.6,21.0,22.0,20.4,12.1,5.1,3.7,4.2
78,66,35,719,01,1,Nayakata,38,5.3,21.1,39.5,23.7,7.9,0.0,2.6,0.0,3.2
78,66,35,719,02,1,Chowdhury Para,137,5.1,18.2,25.5,23.4,16.1,8.0,2.2,1.5,3.7
78,66,35,719,03,1,Munshi Para,158,0.0,6.3,13.9,22.8,25.3,14.6,8.2,8.9,4.9
78,66,35,719,04,1,Naowa Para,95,4.2,10.5,20.0,24.2,16.8,14.7,6.3,3.2,4.3
78,66,35,719,05,1,Bara No-5,137,0.7,14.6,19.7,24.8,19.0,12.4,5.1,3.6,4.2
78,66,35,719,06,1,Chhota No.5,103,0.0,17.5,21.4,12.6,28.2,15.5,3.9,1.0,4.2
78,66,35,783,,1,*Nishanbaria,770,0.4,19.1,27.7,27.4,16.8,6.9,1.3,0.5,3.7
78,66,35,783,01,1,Nishanbaria,182,0.0,23.1,23.1,29.1,15.9,6.6,1.1,1.1,3.7
78,66,35,783,02,1,Gandamari,245,0.0,20.8,29.0,27.3,16.3,5.7,0.8,0.0,3.6
78,66,35,783,03,1,Marichbunia,169,0.0,14.2,26.6,27.8,20.7,8.9,1.2,0.6,3.9
78,66,35,783,04,1,Daser Haola,174,1.7,17.2,31.6,25.3,14.4,6.9,2.3,0.6,3.7
78,66,47,,,,Lata Chapli Union Total,5835,1.8,9.3,20.9,25.6,21.0,10.9,5.2,5.3,4.4
78,66,47,592,,1,*Lata Chapli,5835,1.8,9.3,20.9,25.6,21.0,10.9,5.2,5.3,4.4
78,66,47,592,01,1,Tulatali,183,2.7,6.0,18.6,26.8,21.3,10.4,8.2,6.0,4.6
78,66,47,592,02,1,Mambi Para,254,1.2,11.0,20.5,24.4,21.7,13.0,3.1,5.1,4.4
78,66,47,592,03,1,Achalat Para,173,1.7,11.0,27.2,26.0,17.9,8.7,4.0,3.5,4.1
78,66,47,592,04,1,Pauragoza,83,0.0,13.3,16.9,33.7,25.3,4.8,2.4,3.6,4.2
78,66,47,592,05,1,Misri Para,240,0.4,10.4,21.3,26.7,23.3,9.2,5.4,3.3,4.3
78,66,47,592,06,1,Naya Misri Para,216,1.4,10.2,22.7,25.9,25.0,8.3,3.2,3.2,4.2
78,66,47,592,07,1,Danku Para,114,0.9,4.4,24.6,25.4,22.8,14.0,0.0,7.9,4.6
78,66,47,592,08,1,Panau Para,88,1.1,12.5,19.3,23.9,21.6,12.5,5.7,3.4,4.4
78,66,47,592,09,1,Maitbhanga,233,0.9,10.3,21.5,24.5,24.9,7.7,6.4,3.9,4.3
78,66,47,592,10,1,Azimpur,238,1.3,6.7,18.9,33.6,23.5,8.0,4.2,3.8,4.3
78,66,47,592,11,1,Tajpara,88,1.1,1.1,19.3,23.9,28.4,11.4,12.5,2.3,4.8
78,66,47,592,12,1,Lakshmi Para,80,5.0,13.8,23.8,22.5,21.3,7.5,2.5,3.8,3.9
78,66,47,592,13,1,Biuramkhola,517,1.4,8.7,20.3,25.1,22.1,11.4,4.3,6.8,4.5
78,66,47,592,14,1,Gora Amkhola Para,107,4.7,13.1,20.6,21.5,21.5,12.1,1.9,4.7,4.2
78,66,47,592,15,1,Reserve Forest,82,1.2,7.3,15.9,19.5,31.7,12.2,6.1,6.1,4.7
78,66,47,592,16,1,Thobashi Para,114,0.0,1.8,20.2,32.5,20.2,12.3,7.9,5.3,4.7
78,66,47,592,17,1,Kachopkhali,228,1.8,8.8,21.1,22.4,21.1,14.0,5.7,5.3,4.4
78,66,47,592,18,1,Thanju Para,160,1.3,8.8,23.1,22.5,26.3,11.9,4.4,1.9,4.3
78,66,47,592,19,1,Naya Para,160,1.9,15.0,24.4,24.4,16.9,8.1,5.0,4.4,4.1
78,66,47,592,20,1,Kalachan Para,160,5.6,10.0,20.6,20.0,14.4,17.5,5.0,6.9,4.5
78,66,47,592,21,1,Ali Pur,498,3.0,8.0,21.3,25.3,19.5,9.8,5.0,8.0,4.5
78,66,47,592,22,1,Khanabad,204,1.5,8.3,18.1,24.5,18.6,17.2,5.4,6.4,4.6
78,66,47,592,23,1,Tulatali-2,82,3.7,6.1,14.6,34.1,22.0,12.2,2.4,4.9,4.4
78,66,47,592,24,1,Sarifpur,120,0.0,10.0,16.7,20.8,20.8,16.7,8.3,6.7,4.7
78,66,47,592,25,1,Fashi Para,197,1.5,8.1,24.9,23.9,14.7,11.7,7.1,8.1,4.6
78,66,47,592,26,1,Nayuri Para,192,4.2,8.9,18.8,26.0,21.9,10.4,5.7,4.2,4.3
78,66,47,592,27,1,Khazura,805,1.5,11.7,20.1,26.5,19.0,9.6,6.2,5.5,4.3
78,66,47,592,28,1,Mothey Para,105,1.0,5.7,22.9,21.9,21.9,12.4,5.7,8.6,4.7
78,66,47,592,29,1,Kalai Para,114,0.9,8.8,25.4,34.2,14.0,10.5,6.1,0.0,4.1
78,66,55,,,,Dhankhali Union Total,5850,2.0,10.0,17.1,26.6,21.0,12.2,6.0,5.1,4.5
78,66,55,135,,1,*Binam Katadia,112,0.0,3.6,8.0,21.4,25.9,13.4,16.1,11.6,5.4
78,66,55,171,,1,*Chalitabunia,921,1.7,8.1,13.7,26.1,21.2,14.3,7.6,7.3,4.7
78,66,55,343,,1,*Debpur,406,2.0,6.4,19.5,25.9,17.5,15.5,6.2,7.1,4.6
78,66,55,356,,1,*Dhankhali,814,3.2,11.8,17.0,25.6,20.8,11.7,5.0,5.0,4.3
78,66,55,466,,1,*Golbunia,257,0.0,14.8,23.3,25.7,22.6,9.7,1.6,2.3,4.0
78,66,55,651,,1,*Krishnapur,89,0.0,9.0,20.2,29.2,24.7,7.9,6.7,2.2,4.3
78,66,55,687,,1,*Londa,1053,2.4,13.2,18.1,25.5,23.0,9.9,5.1,2.8,4.2
78,66,55,700,,1,*Machua Khali,906,0.6,10.6,19.1,28.1,20.1,11.7,6.1,3.8,4.4
78,66,55,749,,1,*Panch Jaina,670,4.3,10.1,16.3,27.9,19.3,11.6,5.4,5.1,4.3
78,66,55,823,,1,*Patua,622,1.3,5.3,15.9,28.1,20.9,14.3,6.8,7.4,4.7
78,66,59,,,,Mithaganj Union Total,2878,2.5,14.5,22.3,26.3,19.5,9.0,3.5,2.5,4.0
78,66,59,613,,1,*Madhukhali,722,1.9,12.0,19.0,25.5,22.0,11.5,4.7,3.3,4.3
78,66,59,613,01,1,Purba Madhukhali,370,2.2,14.6,19.2,23.5,21.4,11.6,3.8,3.8,4.2
78,66,59,613,02,1,Mithaganj,260,1.5,10.4,18.5,29.2,22.7,10.0,5.0,2.7,4.2
78,66,59,613,03,1,Baysakhala,92,2.2,6.5,19.6,22.8,22.8,15.2,7.6,3.3,4.5
78,66,59,677,,1,*Mithaganj,987,3.3,13.0,23.3,26.3,18.8,8.1,3.4,3.6,4.0
78,66,59,677,01,1,Aliganj,224,4.0,8.5,19.6,23.2,24.6,12.5,2.7,4.9,4.3
78,66,59,677,02,1,Aramganj,270,4.1,18.1,25.2,24.1,17.8,6.3,3.3,1.1,3.7
78,66,59,677,03,1,Golbunia,221,2.3,8.6,21.7,31.2,19.0,6.3,6.3,4.5,4.2
78,66,59,677,04,1,Paschim Madhukhali,272,2.9,15.1,25.7,27.2,15.1,7.7,1.8,4.4,3.9
78,66,59,910,,1,*Tegachhia,1169,2.2,17.4,23.4,26.7,18.4,8.1,2.7,1.0,3.8
78,66,59,910,01,1,Tegachhia,236,2.5,26.7,26.3,23.3,14.8,3.8,2.1,0.4,3.4
78,66,59,910,02,1,Azimuddin,120,1.7,16.7,28.3,31.7,13.3,7.5,0.8,0.0,3.6
78,66,59,910,03,1,Mela Para,132,2.3,11.4,15.9,27.3,21.2,15.2,3.8,3.0,4.3
78,66,59,910,04,1,Safakhali,216,1.9,11.6,23.1,25.9,23.1,9.7,3.7,0.9,4.1
78,66,59,910,05,1,Islampur,81,1.2,18.5,22.2,28.4,14.8,8.6,2.5,3.7,3.9
78,66,59,910,06,1,Uttar Char Para,160,2.5,20.6,23.8,30.6,16.3,4.4,1.9,0.0,3.6
78,66,59,910,07,1,Dakshin Char Para,224,2.7,14.3,22.8,24.6,21.4,9.8,3.6,0.9,4.0
78,66,,,,2,Kuakata  Paurashava,2045,2.2,13.5,23.4,24.4,18.1,8.4,5.0,4.9,4.2
78,66,61,,,,Ward No-01 (Kuakata) Total,156,0.0,15.4,17.9,24.4,19.2,8.3,7.1,7.7,4.4
78,66,61,692,,2,*Nabinpur,156,0.0,15.4,17.9,24.4,19.2,8.3,7.1,7.7,4.4
78,66,62,,,,Ward No-02 Total,175,2.3,6.3,22.3,28.0,22.3,11.4,4.6,2.9,4.3
78,66,62,769,,2,*Panju Para,175,2.3,6.3,22.3,28.0,22.3,11.4,4.6,2.9,4.3
78,66,63,,,,Ward No-03 Total,326,1.8,15.6,26.1,26.1,16.6,6.1,5.2,2.5,4.0
78,66,63,652,,2,*Kuakata (Part),326,1.8,15.6,26.1,26.1,16.6,6.1,5.2,2.5,4.0
78,66,64,,,,Ward No-04 Total,239,2.1,15.9,27.2,30.5,14.2,7.1,2.5,0.4,3.7
78,66,64,652,,2,*Kuakata (Part),239,2.1,15.9,27.2,30.5,14.2,7.1,2.5,0.4,3.7
78,66,65,,,,Ward No-05 Total,209,2.4,12.4,21.5,23.4,14.4,13.9,6.7,5.3,4.3
78,66,65,492,,2,*Huichan Para,209,2.4,12.4,21.5,23.4,14.4,13.9,6.7,5.3,4.3
78,66,66,,,,Ward No-06 Total,367,4.4,13.1,21.8,22.1,18.0,7.4,5.7,7.6,4.3
78,66,66,502,,2,*Kerani Para,367,4.4,13.1,21.8,22.1,18.0,7.4,5.7,7.6,4.3
78,66,67,,,,Ward No-07 Total,100,7.0,18.0,23.0,23.0,16.0,5.0,1.0,7.0,3.8
78,66,67,666,,2,*Mela Para,80,6.3,16.3,22.5,22.5,18.8,5.0,1.3,7.5,3.9
78,66,67,767,,2,*Panchaet Para,20,10.0,25.0,25.0,25.0,5.0,5.0,0.0,5.0,3.4
78,66,68,,,,Ward No-08 Total,229,0.4,16.2,23.1,18.3,23.1,9.2,5.2,4.4,4.2
78,66,68,672,,2,*Musuliabad (Part),229,0.4,16.2,23.1,18.3,23.1,9.2,5.2,4.4,4.2
78,66,69,,,,Ward No-09 Total,244,0.8,9.8,24.6,24.2,19.7,7.8,5.3,7.8,4.5
78,66,69,672,,2,*Musuliabad (Part),244,0.8,9.8,24.6,24.2,19.7,7.8,5.3,7.8,4.5
78,66,71,,,,Nilganj Union Total,7267,2.3,15.3,23.3,26.7,17.7,8.2,3.3,3.1,4.0
78,66,71,423,,1,*Hajipur,1209,1.8,13.6,22.9,26.7,18.3,8.4,4.1,4.1,4.1
78,66,71,423,01,1,Purba Hajipur,87,3.4,8.0,17.2,36.8,18.4,9.2,2.3,4.6,4.2
78,66,71,423,02,1,Paschim Hajipur,129,0.8,7.8,20.2,26.4,21.7,14.0,4.7,4.7,4.5
78,66,71,423,03,1,Uttar Haldibaria,150,4.0,13.3,27.3,31.3,14.7,6.0,1.3,2.0,3.7
78,66,71,423,04,1,Dakshin Haldibaria,162,2.5,9.9,21.0,28.4,14.8,6.8,8.6,8.0,4.4
78,66,71,423,05,1,Saidpur,87,2.3,14.9,26.4,26.4,17.2,3.4,3.4,5.7,4.0
78,66,71,423,06,1,Sadarpur,83,1.2,22.9,32.5,20.5,18.1,4.8,0.0,0.0,3.5
78,66,71,423,07,1,Dariapur,120,0.8,6.7,23.3,25.0,28.3,10.8,2.5,2.5,4.3
78,66,71,423,08,1,Jalalpur,163,1.8,22.1,20.2,26.4,15.3,8.6,3.7,1.8,3.8
78,66,71,423,09,1,Majidbaria,108,0.0,13.0,25.0,25.9,17.6,6.5,5.6,6.5,4.3
78,66,71,423,10,1,Akkalpur,120,0.8,17.5,19.2,19.2,19.2,12.5,6.7,5.0,4.3
78,66,71,529,,1,*Kumirmara,569,1.9,13.5,21.4,26.5,18.8,12.0,3.5,2.3,4.1
78,66,71,529,01,1,Kumirmara,236,2.5,9.7,18.6,28.4,22.0,12.3,4.2,2.1,4.3
78,66,71,529,02,1,Majidpur,82,6.1,12.2,18.3,23.2,17.1,15.9,6.1,1.2,4.1
78,66,71,529,03,1,Alempur,165,0.0,20.0,26.7,25.5,15.8,8.5,2.4,1.2,3.8
78,66,71,529,04,1,Baintala,86,0.0,12.8,22.1,26.7,17.4,14.0,1.2,5.8,4.6
78,66,71,698,,1,*Nabipur,593,2.4,14.5,23.8,29.0,17.2,6.4,3.5,3.2,4.0
78,66,71,698,01,1,Purba Nabipur,82,0.0,15.9,30.5,35.4,12.2,3.7,1.2,1.2,3.7
78,66,71,698,02,1,Gamurtala,103,1.0,14.6,25.2,25.2,16.5,7.8,4.9,4.9,4.1
78,66,71,698,03,1,Islampur,105,3.8,21.9,20.0,22.9,20.0,7.6,1.9,1.9,3.8
78,66,71,698,04,1,Ghutabachha,95,3.2,11.6,24.2,29.5,10.5,8.4,5.3,7.4,4.2
78,66,71,698,05,1,Niamatpur,88,3.4,13.6,26.1,31.8,18.2,4.5,2.3,0.0,3.7
78,66,71,698,06,1,Paschim Nabipur,120,2.5,10.0,19.2,30.8,23.3,5.8,5.0,3.3,4.2
78,66,71,740,,1,*Nilganj,1252,2.2,12.5,21.0,27.1,19.9,9.5,3.6,4.2,4.2
78,66,71,740,01,1,Nilganj,342,1.5,11.1,19.0,30.4,18.7,9.9,4.4,5.0,4.3
78,66,71,740,02,1,Nababganj,119,0.0,6.7,21.0,30.3,21.0,10.9,5.9,4.2,4.5
78,66,71,740,03,1,Sultanganj,87,3.4,12.6,23.0,21.8,24.1,5.7,2.3,6.9,4.2
78,66,71,740,04,1,Faridganj,180,1.1,13.9,24.4,26.7,21.1,6.7,3.9,2.2,4.0
78,66,71,740,05,1,Salimpur,275,2.9,13.1,20.4,20.7,19.6,13.5,3.3,6.5,4.4
78,66,71,740,06,1,Abason,249,4.0,15.3,21.3,30.1,18.9,7.2,2.0,1.2,3.8
78,66,71,889,,1,*Sonatala,1324,2.2,17.2,23.2,28.4,16.9,6.8,2.9,2.4,3.9
78,66,71,889,01,1,Paschim Sonatala,165,1.8,14.5,20.0,26.1,21.8,9.1,3.0,3.6,4.1
78,66,71,889,02,1,Dakshin Sonatala,83,0.0,22.9,28.9,27.7,10.8,4.8,1.2,3.6,3.7
78,66,71,889,03,1,Rahmatpur,88,1.1,11.4,20.5,26.1,14.8,12.5,6.8,6.8,4.5
78,66,71,889,04,1,Fatehpur,166,1.8,16.9,19.3,30.1,21.1,6.6,3.0,1.2,3.9
78,66,71,889,05,1,Adampur,86,2.3,25.6,31.4,27.9,10.5,2.3,0.0,0.0,3.3
78,66,71,889,06,1,Rosnabad,90,8.9,14.4,21.1,27.8,15.6,5.6,4.4,2.2,3.7
78,66,71,889,07,1,Amirabad,200,1.0,13.0,20.0,36.5,21.0,5.5,1.5,1.5,3.9
78,66,71,889,08,1,Khalilpur,174,2.9,17.2,23.0,25.9,13.2,10.9,3.4,3.4,4.0
78,66,71,889,09,1,Dakshin Daulatpur,109,1.8,10.1,19.3,26.6,22.9,8.3,7.3,3.7,4.3
78,66,71,889,10,1,Purba Daulutpur,82,2.4,31.7,32.9,18.3,12.2,2.4,0.0,0.0,3.1
78,66,71,889,11,1,Uttar Daulatpur,81,1.2,23.5,32.1,32.1,9.9,1.2,0.0,0.0,3.3
78,66,71,952,,1,*Tungibaria,1022,3.6,23.9,28.2,24.7,12.4,4.9,1.7,0.7,3.4
78,66,71,952,01,1,Tungibaria,247,1.2,25.9,32.0,25.1,11.7,2.4,0.8,0.8,3.4
78,66,71,952,02,1,Hossainpur,97,0.0,16.5,21.6,36.1,17.5,8.2,0.0,0.0,3.8
78,66,71,952,03,1,Makimpur,105,0.0,27.6,27.6,33.3,9.5,1.9,0.0,0.0,3.3
78,66,71,952,04,1,Naobhanga,165,6.1,18.2,26.1,24.8,13.3,6.1,2.4,3.0,3.6
78,66,71,952,05,1,Nijkata,83,2.4,30.1,37.3,19.3,9.6,1.2,0.0,0.0,3.1
78,66,71,952,06,1,Chan Para,80,10.0,31.3,33.8,12.5,11.3,1.3,0.0,0.0,2.9
78,66,71,952,07,1,Pakhimara,245,5.7,22.4,23.7,21.6,13.1,9.0,4.5,0.0,3.6
78,66,71,973,,1,*Umedpur,1298,2.2,12.2,22.8,25.3,19.9,10.0,3.9,3.7,4.2
78,66,71,973,01,1,Umedpur,164,2.4,8.5,20.7,25.0,24.4,9.8,3.7,5.5,4.5
78,66,71,973,02,1,Taherpur,192,1.6,15.1,19.8,26.0,22.4,7.8,4.7,2.6,4.1
78,66,71,973,03,1,Mohonpur,82,3.7,17.1,28.0,26.8,11.0,8.5,2.4,2.4,3.8
78,66,71,973,04,1,Laskarpur,120,1.7,15.8,25.8,20.8,19.2,12.5,1.7,2.5,4.0
78,66,71,973,05,1,Purba Mostafapur,140,0.0,7.9,15.7,27.1,27.1,12.9,5.7,3.6,4.6
78,66,71,973,06,1,Paschim Mostafapur,128,3.1,11.7,21.1,32.0,15.6,7.8,4.7,3.9,4.1
78,66,71,973,07,1,Hakimpur,82,1.2,13.4,28.0,23.2,17.1,12.2,4.9,0.0,4.0
78,66,71,973,08,1,Mohammadpur,101,4.0,17.8,28.7,23.8,11.9,10.9,1.0,2.0,3.7
78,66,71,973,09,1,Uttar Gayatala,98,3.1,7.1,23.5,26.5,17.3,12.2,5.1,5.1,4.4
78,66,71,973,10,1,Dakshin Gayatala,96,1.0,11.5,29.2,20.8,19.8,7.3,4.2,6.3,4.2
78,66,71,973,11,1,Purba Sonatala,95,3.2,10.5,18.9,23.2,24.2,9.5,4.2,6.3,4.3
78,66,83,,,,Tiakhali Union Total,3554,2.7,14.3,22.8,27.8,18.3,7.5,4.0,2.6,4.0
78,66,83,,,1,Tiakhali Union,1412,2.8,15.4,24.6,27.5,18.0,6.3,4.2,1.1,3.8
78,66,83,,,3,Tiakhali Union,2142,2.6,13.5,21.6,28.0,18.5,8.4,3.9,3.5,4.1
78,66,83,042,,3,*Badurtali,1013,2.8,12.1,22.7,27.1,19.3,8.5,3.8,3.6,4.1
78,66,83,444,,1,*Itbaria,537,4.3,13.6,25.3,26.4,16.9,7.8,4.7,0.9,3.9
78,66,83,508,,3,*Khepupara,597,1.8,11.1,19.9,30.0,19.6,8.0,4.7,4.9,4.2
78,66,83,825,,3,*Raja Para,532,3.2,18.8,21.4,27.4,15.8,8.5,3.0,1.9,3.8
78,66,83,931,,1,*Tiakhali,875,1.9,16.6,24.1,28.1,18.6,5.4,4.0,1.3,3.8
78,66,83,931,01,1,East Tiakhali,359,1.4,14.2,22.6,27.9,22.3,6.4,4.5,0.8,4.0
78,66,83,931,02,1,Middle Tiakhali,270,1.5,12.6,20.0,34.1,17.0,5.9,5.9,3.0,4.1
78,66,83,931,03,1,West Tiakhali,246,3.3,24.4,30.9,22.0,15.0,3.3,1.2,0.0,3.4
78,76,,,,,Mirzaganj Upazila Total,28159,4.0,11.3,18.6,24.5,19.7,11.2,5.7,4.9,4.3
78,76,,,,1,Mirzaganj Upazila,23124,4.3,11.5,18.5,24.2,19.7,11.3,5.6,4.9,4.3
78,76,,,,3,Mirzaganj Upazila,5035,3.0,10.1,19.0,25.8,19.5,10.9,6.4,5.2,4.4
78,76,13,,,,Amragachhia Union Total,5228,4.2,11.5,18.5,24.0,19.7,11.0,6.5,4.6,4.3
78,76,13,,,1,Amragachhia Union,4576,4.1,11.6,17.9,23.9,19.7,11.4,6.6,4.7,4.3
78,76,13,,,3,Amragachhia Union,652,5.1,10.7,22.5,24.4,19.2,8.7,5.8,3.5,4.1
78,76,13,248,,1,*Chhailabunia,560,4.5,9.5,17.1,24.1,19.5,12.1,7.5,5.7,4.4
78,76,13,263,,1,*Dakshin Amragachhia,1404,3.1,10.8,17.3,26.2,21.5,11.9,5.6,3.6,4.3
78,76,13,278,,1,*Dakshin Jhatibunia,206,1.9,8.3,15.5,22.3,19.4,10.7,10.2,11.7,4.9
78,76,13,556,,1,*Kismat Chhailabunia,268,1.1,9.0,17.2,28.0,25.7,7.1,6.3,5.6,4.5
78,76,13,658,,1,*Maida,382,5.5,11.8,19.4,16.8,20.2,13.1,6.8,6.5,4.4
78,76,13,877,,1,*Sreenagar,387,8.5,12.9,18.9,22.0,17.1,11.4,5.4,3.9,4.0
78,76,13,921,,1,*Uttar Amragachhia,604,5.3,18.2,17.1,24.3,15.1,10.9,5.3,3.8,4.0
78,76,13,951,,1,*Uttar Chhailabunia,111,7.2,16.2,23.4,17.1,17.1,7.2,7.2,4.5,4.0
78,76,13,965,,1,*Uttar Jhatibunia,654,3.1,9.5,19.4,23.9,19.9,11.6,8.7,4.0,4.4
78,76,13,994,,3,*Uttar Subidkhali,652,5.1,10.7,22.5,24.4,19.2,8.7,5.8,3.5,4.1
78,76,27,,,,Deuli Subidkhali Union Total,5033,3.4,11.0,18.9,25.8,19.8,10.8,5.6,4.8,4.3
78,76,27,,,1,Deuli Subidkhali Union,2449,4.2,12.1,17.1,24.0,20.2,11.7,5.6,5.2,4.3
78,76,27,,,3,Deuli Subidkhali Union,2584,2.6,9.9,20.5,27.4,19.5,10.0,5.7,4.4,4.3
78,76,27,131,,1,*Basur Charkhali,182,2.7,7.7,15.4,28.6,23.1,12.6,5.5,4.4,4.5
78,76,27,234,,1,*Chandrakanda,96,0.0,9.4,14.6,38.5,22.9,9.4,4.2,1.0,4.3
78,76,27,307,,1,*Deuli,749,3.7,13.6,19.1,22.3,19.9,11.1,5.7,4.5,4.2
78,76,27,321,,1,*Dhanmanik Chatra,459,3.5,12.9,15.0,22.7,21.4,12.2,5.2,7.2,4.5
78,76,27,336,,1,*Dofalakhali,143,2.1,10.5,16.8,22.4,23.1,12.6,5.6,7.0,4.6
78,76,27,395,,1,*Golkhali Charkhali,217,5.5,9.7,18.4,22.1,19.4,15.2,6.9,2.8,4.3
78,76,27,409,,1,*Hajikhali,102,5.9,16.7,16.7,18.6,20.6,10.8,3.9,6.9,4.2
78,76,27,702,,1,*Mendiabad,91,13.2,17.6,17.6,26.4,16.5,5.5,0.0,3.3,3.5
78,76,27,760,,3,*Paschim Subidkhali,1355,2.4,10.2,20.3,27.5,19.1,10.6,5.5,4.4,4.3
78,76,27,790,,3,*Purba Subidkhali,1229,2.8,9.7,20.7,27.4,19.9,9.3,5.9,4.3,4.3
78,76,27,819,,1,*Ranipur,410,4.9,10.5,16.8,25.4,17.6,12.0,6.8,6.1,4.4
78,76,40,,,,Kakrabunia Union Total,4088,4.0,11.2,18.3,24.6,19.9,11.4,5.1,5.6,4.3
78,76,40,043,,1,*Baidya Pasha,388,5.4,15.2,19.8,21.9,17.0,11.3,4.1,5.2,4.1
78,76,40,351,,1,*Gabua,1102,3.6,12.4,23.5,26.5,18.4,9.0,3.2,3.4,4.0
78,76,40,351,01,1,Uttar Gabua,416,3.4,14.9,21.6,23.8,18.3,9.9,3.8,4.3,4.1
78,76,40,351,02,1,Dakshin Gabua,686,3.8,10.9,24.6,28.1,18.5,8.5,2.8,2.8,4.0
78,76,40,365,,1,*Gazipura,366,4.4,11.2,13.1,23.8,21.6,12.6,6.6,6.8,4.5
78,76,40,453,,1,*Kakrabunia,861,3.9,10.2,17.2,25.2,20.1,11.5,5.9,5.9,4.4
78,76,40,453,01,1,Uttar Kakrabunia,544,3.7,10.7,16.0,26.8,18.6,12.1,5.9,6.3,4.4
78,76,40,453,02,1,Dakshin Kakrabunia,317,4.4,9.5,19.2,22.4,22.7,10.4,6.0,5.4,4.4
78,76,40,468,,1,*Dakshin Kalagachhia,386,6.5,15.0,14.2,20.2,17.9,11.7,7.5,7.0,4.3
78,76,40,526,,1,*Kewabunia,182,1.1,8.2,16.5,29.7,25.8,11.5,1.6,5.5,4.4
78,76,40,585,,1,*Kismat Khatasia,337,3.3,8.0,22.3,22.6,19.6,13.6,5.3,5.3,4.4
78,76,40,673,,1,*Makuma,283,3.2,8.1,9.9,23.0,23.3,15.5,6.4,10.6,5.0
78,76,40,863,,1,*Sonapura,183,2.2,4.9,15.8,27.9,23.5,12.6,7.1,6.0,4.7
78,76,54,,,,Madhabkhali Union Total,4667,4.2,11.1,17.3,22.5,20.3,12.9,6.1,5.6,4.4
78,76,54,029,,1,*Araji Durgapur,120,5.8,5.8,20.0,32.5,17.5,11.7,5.0,1.7,4.1
78,76,54,058,,1,*Bajita 1st Part,171,13.5,19.9,19.9,14.6,16.4,8.8,5.3,1.8,3.6
78,76,54,073,,1,*Bajita 2nd Part,378,1.9,12.7,20.6,22.2,20.4,12.7,5.3,4.2,4.3
78,76,54,087,,1,*Bajita 3rd Part,210,3.8,14.8,15.2,24.8,21.9,14.3,2.9,2.4,4.2
78,76,54,102,,1,*Bajita 4th Part,309,4.9,9.7,19.4,29.1,18.4,8.1,6.1,4.2,4.2
78,76,54,204,,1,*Chaita,590,4.2,12.5,19.5,23.7,19.5,10.2,5.6,4.7,4.2
78,76,54,204,01,1,Purba Chaita,293,5.5,10.6,21.2,28.7,15.7,10.2,4.1,4.1,4.1
78,76,54,204,02,1,Paschim Chaita,297,3.0,14.5,17.8,18.9,23.2,10.1,7.1,5.4,4.3
78,76,54,438,,1,*Kafula,114,2.6,10.5,18.4,21.9,18.4,16.7,7.0,4.4,4.5
78,76,54,570,,1,*Kismat Jhatibunia,201,3.0,12.4,18.4,21.9,16.9,14.9,6.5,6.0,4.4
78,76,54,599,,1,*Kismat Rampur,174,3.4,10.9,16.1,24.1,17.8,13.2,6.3,8.0,4.5
78,76,54,614,,1,*Kismat Sreenagar,250,2.0,10.8,11.6,23.6,23.2,17.2,8.0,3.6,4.6
78,76,54,643,,1,*Madhabkhali,448,4.2,10.7,15.8,19.4,23.2,15.0,6.5,5.1,4.5
78,76,54,731,,1,*Nutan Sreenagar,267,3.4,11.2,21.7,15.7,17.2,12.7,9.7,8.2,4.6
78,76,54,731,01,1,Nutan Sreenagar,180,2.8,11.7,16.7,14.4,19.4,12.8,11.1,11.1,4.9
78,76,54,731,02,1,Labubunia,87,4.6,10.3,32.2,18.4,12.6,12.6,6.9,2.3,4.0
78,76,54,804,,1,*Rampur,732,4.0,11.3,16.8,24.2,20.6,12.6,5.6,4.9,4.4
78,76,54,834,,1,*Samaddarkati,92,2.2,3.3,18.5,21.7,19.6,17.4,6.5,10.9,5.0
78,76,54,848,,1,*Santoshpur,234,9.8,7.7,10.7,20.9,22.6,15.8,6.4,6.0,4.4
78,76,54,936,,1,*Uttar Chaita,202,2.0,3.5,11.9,18.3,22.3,15.3,6.9,19.8,5.7
78,76,54,980,,1,*Kanthaltali,175,3.4,12.6,17.1,21.1,25.1,9.7,6.3,4.6,4.3
78,76,67,,,,Majidbari Union Total,3938,4.6,13.0,21.8,26.1,17.6,8.9,4.3,3.7,4.0
78,76,67,117,,1,*Basanda,428,4.2,10.5,20.3,28.7,18.0,9.8,4.7,3.7,4.1
78,76,67,175,,1,*Bhayang,490,3.1,16.1,23.3,24.3,17.6,8.0,3.3,4.5,4.0
78,76,67,219,,1,*Chalitabunia,512,5.7,11.1,22.9,24.8,17.2,9.8,4.7,3.9,4.1
78,76,67,424,,1,*Jhopkhali,62,9.7,19.4,22.6,19.4,17.7,4.8,1.6,4.8,3.6
78,76,67,512,,1,*Karam Jabunia,222,3.6,13.5,18.9,22.5,21.2,10.8,3.6,5.9,4.2
78,76,67,541,,1,*Khatasaia,510,6.7,16.1,21.4,26.1,13.3,9.4,4.5,2.5,3.8
78,76,67,541,01,1,Khatasaia,272,5.9,14.0,16.9,27.9,12.9,11.8,7.4,3.3,4.1
78,76,67,541,02,1,Sultana Bad,238,7.6,18.5,26.5,23.9,13.9,6.7,1.3,1.7,3.5
78,76,67,629,,1,*Kotbar Char,446,4.7,11.2,24.7,26.2,17.9,7.2,4.3,3.8,4.0
78,76,67,687,,1,*Mazidbaria,795,3.5,12.6,20.5,27.7,18.7,9.7,4.5,2.8,4.1
78,76,67,907,,1,*Tarabunia,473,4.4,12.1,21.8,27.1,18.8,7.6,4.4,3.8,4.1
78,76,81,,,,Mirzaganj Union Total,5205,3.9,10.4,17.2,24.3,20.5,11.9,6.4,5.4,4.4
78,76,81,,,1,Mirzaganj Union,3406,4.5,10.5,18.1,24.5,20.9,11.3,5.7,4.6,4.3
78,76,81,,,3,Mirzaganj Union,1799,2.8,10.2,15.6,24.0,19.6,13.1,7.7,6.9,4.6
78,76,81,014,,1,*Andua,585,5.6,11.1,20.5,23.2,19.8,10.8,4.8,4.1,4.2
78,76,81,146,,1,*Bhajna Mondharkhali,85,3.5,9.4,23.5,25.9,22.4,8.2,5.9,1.2,4.1
78,76,81,160,,1,*Bhajan Kadamtala,120,4.2,5.8,20.8,29.2,15.8,13.3,7.5,3.3,4.4
78,76,81,190,,1,*Bhikakhali,452,4.4,9.5,13.1,28.1,21.0,11.3,6.6,6.0,4.5
78,76,81,292,,1,*Kalagachhia,435,7.4,11.7,19.1,20.7,20.7,11.7,4.1,4.6,4.1
78,76,81,380,,1,*Ghataker Andua,1160,2.9,9.7,17.8,26.0,22.4,11.0,6.1,3.9,4.4
78,76,81,482,,1,*Kalikapur,100,3.0,9.0,16.0,26.0,20.0,16.0,6.0,4.0,4.4
78,76,81,497,,3,*Kapalbera,240,2.1,10.4,15.0,24.6,25.0,10.8,7.1,5.0,4.5
78,76,81,716,,3,*Mirzaganj,1559,2.9,10.1,15.7,23.9,18.8,13.5,7.8,7.2,4.6
78,76,81,746,,1,*Paschim Kalikapur,240,5.4,11.3,19.2,20.4,21.3,10.0,6.3,6.3,4.3
78,76,81,775,,1,*Piprakhali,216,4.6,14.8,17.6,20.8,18.5,12.0,5.1,6.5,4.3
78,76,81,892,,1,*Sundara,13,0.0,7.7,15.4,23.1,23.1,15.4,7.7,7.7,4.9
78,95,,,,,Patuakhali Sadar Upazila Total,68240,3.4,9.9,17.1,23.7,19.9,11.9,6.4,7.6,4.6
78,95,,,,1,Patuakhali Sadar Upazila,53728,3.4,10.0,16.7,23.2,20.2,12.4,6.6,7.6,4.6
78,95,,,,2,Patuakhali Sadar Upazila,13502,3.8,10.0,19.2,25.8,18.3,9.7,5.6,7.5,4.4
78,95,,,,3,Patuakhali Sadar Upazila,1010,2.8,7.3,14.7,21.5,23.9,15.0,6.5,8.4,4.8
78,95,,,,2,Patuakhali Paurashava,13502,3.8,10.0,19.2,25.8,18.3,9.7,5.6,7.5,4.4
78,95,01,,,,Ward No-01 Total,1125,1.0,6.5,14.6,25.5,23.5,13.4,7.8,7.7,4.8
78,95,01,805,,2,*Town Bahalgachhia,471,2.1,7.9,14.9,22.9,24.4,11.5,9.1,7.2,4.7
78,95,01,947,,2,*Town Zainkati,654,0.2,5.5,14.4,27.4,22.8,14.8,6.9,8.1,4.9
78,95,02,,,,Ward No-02 Total,1601,4.1,11.1,20.8,25.7,17.6,8.6,4.9,7.1,4.3
78,95,02,284,,2,*Katpatty,340,4.1,7.1,19.1,28.5,16.2,7.6,7.6,9.7,4.6
78,95,02,850,,2,*Shimulbugh (Dakshin),123,2.4,8.1,20.3,26.8,17.1,12.2,4.9,8.1,4.5
78,95,02,900,,2,*Water Works Road,190,4.7,10.5,27.4,20.5,17.4,9.5,4.2,5.8,4.1
78,95,02,995,,2,*Zila Board,948,4.2,13.1,20.1,25.5,18.2,8.3,4.1,6.3,4.3
78,95,03,,,,Ward No-03 Total,1020,2.8,10.8,19.2,25.8,16.9,8.3,5.3,10.9,4.7
78,95,03,094,,2,*Town School,188,2.1,8.5,21.3,27.7,19.1,5.9,4.8,10.6,4.8
78,95,03,426,,2,*Shemulbugh Uttar,154,5.2,10.4,19.5,28.6,13.0,9.1,3.9,10.4,4.4
78,95,03,526,,2,*Nowab Para,220,1.8,8.2,21.8,23.2,19.1,12.3,5.9,7.7,4.7
78,95,03,568,,2,*Puran Bazar,458,2.8,13.1,17.0,25.3,16.2,7.2,5.7,12.7,4.8
78,95,04,,,,Ward No-04 Total,2261,4.2,10.4,21.5,26.1,16.9,8.9,5.4,6.5,4.3
78,95,04,085,,2,*Arambagh (Saha Para),367,2.2,12.0,20.2,28.1,17.7,7.4,5.7,6.8,4.3
78,95,04,350,,2,*Govt. University College,867,4.4,9.2,21.6,25.6,17.6,9.1,5.5,6.9,4.4
78,95,04,615,,2,*Sabujbagh (Sahapara),1027,4.7,10.8,21.9,25.9,16.1,9.3,5.2,6.1,4.3
78,95,05,,,,Ward No-05 Total,1430,4.8,10.7,19.1,27.3,17.9,7.8,4.7,7.6,4.3
78,95,05,047,,2,*Adalat Para,281,8.9,9.6,14.9,28.5,16.7,10.0,6.0,5.3,4.2
78,95,05,104,,2,*Centre Para,138,4.3,15.2,22.5,26.1,16.7,6.5,2.2,6.5,4.1
78,95,05,358,,2,*Govt. Girl's School,148,6.1,11.5,16.9,30.4,10.1,7.4,6.1,11.5,4.5
78,95,05,379,,2,*Munsef Para,220,2.3,11.4,20.0,30.9,17.3,6.4,4.5,7.3,4.3
78,95,05,435,,2,*Muslim Para,141,5.0,7.1,20.6,25.5,17.0,7.8,6.4,10.6,4.5
78,95,05,456,,2,*Nutan Bazar (Purbo),189,6.9,9.5,18.0,25.4,18.5,9.0,3.7,9.0,4.4
78,95,05,560,,2,*P. T. I. Para,313,1.3,11.2,21.7,24.9,23.6,7.0,3.8,6.4,4.3
78,95,06,,,,Ward No-06 Total,1101,9.8,11.8,17.9,22.4,16.1,8.3,5.7,8.0,4.2
78,95,06,142,,2,*Char Para,462,5.8,10.2,17.3,23.8,18.4,8.7,5.8,10.0,4.5
78,95,06,473,,2,*Nutan Bazar (Paschim),639,12.7,13.0,18.3,21.4,14.4,8.0,5.6,6.6,4.0
78,95,07,,,,Ward No-07 Total,1836,3.7,11.2,20.0,25.2,19.2,9.6,5.5,5.6,4.3
78,95,07,310,,2,*Circuite House,439,6.2,12.3,17.8,24.6,20.3,7.5,6.2,5.2,4.2
78,95,07,510,,2,*Power House,930,3.3,11.1,20.3,24.5,18.6,10.5,5.3,6.3,4.4
78,95,07,710,,2,*Thana Para,467,2.1,10.3,21.4,27.0,19.5,9.9,5.4,4.5,4.3
78,95,08,,,,Ward No-08 Total,1141,3.0,9.6,18.6,26.3,20.2,10.6,5.3,6.5,4.5
78,95,08,463,,2,*Dakshin Town Kalikapur,877,3.5,9.8,17.8,26.3,20.2,10.1,6.0,6.2,4.4
78,95,08,521,,2,*Sadar Hospital Para,264,1.1,8.7,21.2,26.1,20.5,12.1,2.7,7.6,4.5
78,95,09,,,,Ward No-09 Total,1987,1.7,8.0,18.4,26.9,18.1,11.7,6.2,9.0,4.7
78,95,09,757,,2,*Paschim Town Kalikapur,1238,1.6,7.6,19.6,25.5,18.4,12.3,6.2,8.7,4.7
78,95,09,942,,2,*Uttar Town Kalikapur,749,1.9,8.5,16.4,29.2,17.5,10.8,6.3,9.3,4.7
78,95,10,,,,Auliapur Union Total,4557,2.5,9.3,17.3,22.6,19.9,12.9,7.2,8.4,4.7
78,95,10,081,,1,*Balaikati,264,1.5,13.6,17.4,22.7,17.0,9.5,7.6,10.6,4.7
78,95,10,097,,1,*Bara Auliapur,813,3.3,8.9,18.8,20.9,19.2,14.1,7.1,7.6,4.6
78,95,10,367,,1,*Chotto Auliapur,648,1.9,6.0,15.7,24.7,21.8,13.1,7.6,9.3,4.9
78,95,10,789,,1,*Pacha Koralia,1213,3.6,10.9,16.9,22.7,19.1,12.2,6.5,8.1,4.5
78,95,10,789,01,1,Pacha Koralia,776,2.7,10.4,16.4,22.0,21.0,12.0,7.3,8.1,4.6
78,95,10,789,02,1,Paschim Pacha Koralia,437,5.3,11.7,17.8,23.8,15.8,12.6,5.0,8.0,4.4
78,95,10,843,,1,*Purba Auliapur,432,1.6,7.6,16.4,21.3,20.6,14.4,8.8,9.3,4.8
78,95,10,973,,1,*Uttar Badura,1187,1.9,9.6,17.7,22.8,20.4,12.9,6.9,7.8,4.7
78,95,10,973,01,1,Uttar Badura,672,1.5,10.3,17.4,22.3,19.5,12.2,7.9,8.9,4.7
78,95,10,973,02,1,Dakshin Badura,515,2.3,8.7,18.1,23.5,21.6,13.8,5.6,6.4,4.6
78,95,11,,,,Badarpur Union Total,4847,3.1,10.0,16.2,22.3,20.2,12.8,6.8,8.4,4.7
78,95,11,054,,1,*Badarpur,943,3.6,11.6,15.2,23.9,17.5,13.1,6.5,8.7,4.7
78,95,11,383,,1,*Gabua,799,2.8,11.9,18.9,22.8,19.0,13.4,4.8,6.5,4.4
78,95,11,556,,1,*Khalisakhali,2368,3.5,9.8,16.6,21.9,21.5,12.2,6.8,7.7,4.6
78,95,11,556,01,1,Khalisakhali,1177,3.8,9.6,18.8,22.7,21.4,11.6,5.4,6.8,4.5
78,95,11,556,02,1,Siali,698,3.0,9.9,13.8,21.9,20.8,13.9,8.5,8.3,4.7
78,95,11,556,03,1,Haktulla,324,2.8,9.0,14.8,19.4,21.9,13.6,8.3,10.2,4.9
78,95,11,556,04,1,Majkhali,169,4.7,13.0,16.6,20.7,23.7,6.5,7.7,7.1,4.4
78,95,11,666,,1,*Mithapur,341,2.3,8.5,14.7,19.9,19.1,15.2,8.2,12.0,5.0
78,95,11,931,,1,*Tengrakhali,396,1.3,4.8,12.6,22.7,22.5,12.6,10.6,12.9,5.2
78,95,13,,,,Chhota Bighai Union Total,4217,2.9,9.2,16.2,22.5,20.2,14.0,7.6,7.3,4.6
78,95,13,136,,1,*Bhajna,154,4.5,7.1,11.7,20.8,14.9,25.3,6.5,9.1,4.9
78,95,13,237,,1,*Chhota Bighai,1526,3.6,10.0,17.1,22.3,22.1,11.8,6.6,6.4,4.5
78,95,13,438,,1,*Haritakibaria,793,2.3,7.3,17.4,25.1,19.8,14.5,7.8,5.8,4.6
78,95,13,638,,1,*Matibhanga,980,2.3,9.2,14.8,20.9,19.9,15.5,9.0,8.4,4.8
78,95,13,757,,1,*Phultala,30,3.3,13.3,20.0,3.3,13.3,13.3,13.3,20.0,5.2
78,95,13,940,,1,*Tushkhali,734,2.7,10.1,15.9,23.3,18.3,13.5,7.8,8.4,4.7
78,95,20,,,,Itabaria Union Total,4490,2.9,9.0,14.5,22.7,20.6,13.4,7.6,9.4,4.8
78,95,20,036,,1,*Arazi Rajganj,58,3.4,15.5,10.3,12.1,24.1,17.2,8.6,8.6,4.9
78,95,20,091,,1,*Ballabh,194,2.1,5.2,15.5,25.8,20.1,16.5,7.2,7.7,4.8
78,95,20,146,,1,*Bhajna Joar,245,4.5,9.4,15.5,23.7,13.1,11.8,9.0,13.1,4.8
78,95,20,155,,1,*Bhajna Kismat,211,3.3,9.0,16.6,23.2,25.1,10.4,5.2,7.1,4.6
78,95,20,264,,1,*Dakshin Chandkhali,253,3.2,9.5,16.6,26.5,18.6,14.2,5.1,6.3,4.5
78,95,20,319,,1,*Dakurbunia,88,2.3,12.5,19.3,13.6,26.1,12.5,4.5,9.1,4.7
78,95,20,365,,1,*Durgapur,351,0.3,2.8,9.4,22.8,22.2,19.9,6.3,16.2,5.5
78,95,20,392,,1,*Galachipa,183,2.2,9.3,24.0,21.9,10.4,13.7,12.6,6.0,4.6
78,95,20,410,,1,*Ghopkhali,163,0.0,6.1,7.4,24.5,26.4,12.3,12.3,11.0,5.2
78,95,20,419,,1,*Gilabania,190,2.6,7.9,12.6,21.1,14.2,13.7,10.0,17.9,5.3
78,95,20,474,,1,*Itabaria,474,3.4,10.3,13.1,25.7,20.3,11.0,8.2,8.0,4.6
78,95,20,502,,1,*Kachichhira,349,2.0,11.2,16.0,23.8,22.6,12.0,6.6,5.7,4.5
78,95,20,766,,1,*Pukurjana,964,4.7,10.7,15.7,20.3,21.5,12.7,7.0,7.6,4.6
78,95,20,766,01,1,Pukurjana,465,5.2,12.3,15.3,20.6,19.1,12.0,6.0,9.5,4.6
78,95,20,766,02,1,Baniakati,240,2.5,8.3,19.6,22.9,25.4,10.4,6.3,4.6,4.4
78,95,20,766,03,1,Kichabania,259,5.8,10.0,12.7,17.4,22.0,15.8,9.3,6.9,4.7
78,95,20,775,,1,*Pukurjana Kismat,134,0.7,7.5,10.4,19.4,22.4,13.4,11.9,14.2,5.4
78,95,20,785,,1,*Purba Chandkhali,166,2.4,13.3,14.5,22.9,19.9,14.5,4.2,8.4,4.6
78,95,20,867,,1,*Sarikkhali,411,3.2,6.8,13.9,23.8,23.4,12.4,8.0,8.5,4.8
78,95,20,912,,1,*Taktakhali,56,0.0,5.4,14.3,19.6,14.3,21.4,7.1,17.9,5.5
78,95,27,,,,Jainkati Union Total,3776,4.2,8.4,16.5,22.3,21.5,12.7,6.4,8.0,4.6
78,95,27,,,1,Jainkati Union,2766,4.7,8.9,17.2,22.6,20.6,11.9,6.3,7.9,4.5
78,95,27,,,3,Jainkati Union,1010,2.8,7.3,14.7,21.5,23.9,15.0,6.5,8.4,4.8
78,95,27,209,,1,*Char Jainkati,647,2.8,8.7,16.7,20.1,21.0,13.9,7.1,9.7,4.8
78,95,27,374,,1,*Fedainagar,170,4.7,8.2,12.9,20.6,22.9,13.5,7.6,9.4,4.7
78,95,27,547,,3,*Keshabpur (Part),1010,2.8,7.3,14.7,21.5,23.9,15.0,6.5,8.4,4.8
78,95,27,547,01,3,Pirtala,154,3.2,3.9,12.3,18.8,27.3,15.6,7.1,11.7,5.1
78,95,27,547,02,3,Talbaria,58,5.2,10.3,12.1,22.4,15.5,19.0,6.9,8.6,4.7
78,95,27,547,03,3,Bagirabad,71,2.8,7.0,18.3,22.5,19.7,18.3,7.0,4.2,4.6
78,95,27,547,04,3,Thangai,275,2.9,8.4,13.1,24.0,24.0,14.9,6.9,5.8,4.6
78,95,27,547,05,3,Keshabpur,333,2.7,7.2,16.2,18.6,21.6,13.8,7.5,12.3,5.0
78,95,27,547,06,3,Chamta,119,0.8,8.4,16.0,26.1,31.9,13.4,1.7,1.7,4.4
78,95,27,812,,1,*Purba Jainkati,1000,5.8,7.1,16.5,22.3,20.8,13.1,6.4,8.0,4.6
78,95,27,812,01,1,Purba Jainkati,970,5.9,7.3,16.7,22.1,21.1,13.0,6.5,7.4,4.6
78,95,27,812,02,1,Paschim Jainkati,30,3.3,0.0,10.0,30.0,10.0,16.7,3.3,26.7,5.7
78,95,27,885,,1,*Sehakati,949,4.8,11.0,19.0,24.9,19.8,9.0,5.4,6.2,4.3
78,95,31,,,,Bara Bighai Union Total,4470,4.9,12.5,20.1,23.4,18.4,10.6,5.0,5.1,4.2
78,95,31,061,,1,*Bara Bighai,892,5.4,12.3,16.1,23.4,19.7,11.8,5.6,5.6,4.3
78,95,31,061,01,1,Bara Bighai,462,5.6,10.6,18.0,24.0,19.7,11.7,5.4,5.0,4.3
78,95,31,061,02,1,Jorkhali,430,5.1,14.2,14.2,22.8,19.8,11.9,5.8,6.3,4.3
78,95,31,294,,1,*Dakshin Bighai,1017,5.0,11.8,19.3,23.2,18.0,11.7,4.4,6.6,4.3
78,95,31,294,01,1,Patukhali,223,4.5,6.7,11.2,22.4,21.5,17.0,5.4,11.2,4.9
78,95,31,294,02,1,Paksia,231,5.6,9.5,17.3,26.4,18.2,12.1,5.2,5.6,4.3
78,95,31,294,03,1,Dakshin Bighai,364,3.0,12.6,19.0,23.4,18.1,11.8,4.9,7.1,4.4
78,95,31,294,04,1,Saisabunia,199,8.5,18.6,31.2,20.1,13.6,5.0,1.5,1.5,3.4
78,95,31,761,,1,*Pasaribunia,321,3.1,11.5,22.7,23.4,18.7,12.1,4.4,4.0,4.2
78,95,31,798,,1,*Paschim Kewabania,1240,5.2,12.1,21.0,22.9,17.7,9.7,5.7,5.6,4.2
78,95,31,798,01,1,Paschim Kewabania,601,5.7,13.6,19.1,21.1,18.3,9.7,6.3,6.2,4.2
78,95,31,798,02,1,Purba Kewabunia,639,4.7,10.6,22.8,24.6,17.2,9.7,5.2,5.2,4.2
78,95,31,958,,1,*Titkata,1000,4.7,14.2,22.5,24.4,18.4,8.9,4.2,2.7,4.0
78,95,31,958,01,1,Dakshin Titkata,465,4.5,11.2,20.6,25.6,18.3,10.8,5.6,3.4,4.2
78,95,31,958,02,1,Uttar Titkata,535,4.9,16.8,24.1,23.4,18.5,7.3,3.0,2.1,3.8
78,95,33,,,,Kalikapur Union Total,3005,2.7,8.1,16.3,23.6,20.5,12.8,7.3,8.7,4.7
78,95,33,063,,1,*Bohalgachhia (Part),714,2.0,7.7,14.4,23.4,21.0,14.8,6.9,9.8,4.9
78,95,33,100,,1,*Ballabhpur,485,3.5,8.7,16.1,23.9,18.8,14.6,8.7,5.8,4.6
78,95,33,346,,1,*Dibuapura,312,1.3,7.1,15.1,28.8,24.4,11.5,4.2,7.7,4.7
78,95,33,721,,1,*Pasairbunia,271,1.8,10.0,17.7,21.0,20.3,13.3,7.0,8.9,4.7
78,95,33,794,,1,*Purba Hetalia,617,3.2,7.1,18.5,26.3,18.5,10.5,7.8,8.1,4.6
78,95,33,803,,1,*Purba Sarikkhali,606,3.6,8.9,16.7,19.3,21.5,11.6,7.8,10.7,4.9
78,95,40,,,,Kamalapur Union Total,6286,3.2,10.2,16.8,23.9,20.6,12.8,6.3,6.1,4.5
78,95,40,009,,1,*Akhibaria,162,4.9,8.6,9.3,21.0,26.5,11.7,9.9,8.0,4.8
78,95,40,073,,1,*Bahermauza,252,1.2,11.1,14.7,19.8,25.8,15.9,8.7,2.8,4.6
78,95,40,082,,1,*Balaikati,311,3.2,10.9,17.0,18.0,23.8,17.0,5.5,4.5,4.5
78,95,40,164,,1,*Bhayla,831,3.1,8.1,16.1,24.1,22.7,12.3,5.9,7.7,4.6
78,95,40,173,,1,*Bhuria,531,3.8,11.3,16.8,20.5,21.3,14.5,5.1,6.8,4.5
78,95,40,191,,1,*Chandipur,206,1.5,12.1,18.0,29.6,22.8,8.3,3.9,3.9,4.2
78,95,40,200,,1,*Char Balaikati,255,4.3,12.9,21.2,23.5,14.9,14.9,4.3,3.9,4.2
78,95,40,219,,1,*Char Maishadi,906,3.0,8.3,16.9,25.7,21.5,11.7,6.7,6.2,4.5
78,95,40,273,,1,*Dakshin Chauddaburia,96,0.0,5.2,9.4,22.9,28.1,8.3,13.5,12.5,5.4
78,95,40,282,,1,*Dakshin Dharandi,1324,4.1,11.9,17.7,24.9,17.1,13.1,5.8,5.4,4.3
78,95,40,529,,1,*Kamalapur,198,2.0,8.6,16.2,15.2,23.7,17.7,6.1,10.6,4.9
78,95,40,565,,1,*Krokmahal,208,1.0,8.7,10.1,23.6,20.2,14.9,12.0,9.6,5.0
78,95,40,876,,1,*Saula,407,3.9,15.2,18.7,25.6,17.0,9.1,6.4,4.2,4.2
78,95,40,967,,1,*Uttar Chauddaburia,93,4.3,4.3,8.6,21.5,22.6,12.9,7.5,18.3,5.5
78,95,40,976,,1,*Uttar Dharandi,506,3.2,8.9,20.6,28.7,19.2,10.9,5.1,3.6,4.3
78,95,54,,,,Lohalia Union Total,3811,3.1,8.7,15.9,23.7,22.5,12.8,6.1,7.2,4.6
78,95,54,465,,1,*Idrakpur,405,1.7,4.7,14.1,23.2,21.0,17.0,5.2,13.1,5.0
78,95,54,511,,1,*Kakrabania Lohalia,353,1.1,5.4,11.3,23.8,23.5,11.6,7.6,15.6,5.2
78,95,54,584,,1,*Kuripaika,1339,4.1,10.2,16.9,23.1,21.5,12.3,6.3,5.7,4.4
78,95,54,611,,1,*Lohalia,1135,2.6,8.5,16.4,23.3,24.1,13.0,6.0,6.2,4.6
78,95,54,611,01,1,Lohalia,807,2.5,9.0,16.9,22.7,25.2,12.5,5.6,5.7,4.5
78,95,54,611,02,1,Nazirpur,328,3.0,7.0,15.2,24.7,21.6,14.0,7.0,7.3,4.7
78,95,54,693,,1,*Pajakhali Hazara,579,4.0,10.4,16.6,26.6,21.9,11.6,5.4,3.6,4.3
78,95,54,693,01,1,Pajakhali Hazara,473,3.8,10.4,17.3,25.4,21.8,12.1,5.9,3.4,4.3
78,95,54,693,02,1,Uttar Lohalia,106,4.7,10.4,13.2,32.1,22.6,9.4,2.8,4.7,4.2
78,95,61,,,,Laukati Union Total,5864,2.8,9.2,16.7,23.7,19.9,12.3,6.6,8.7,4.7
78,95,61,328,,1,*Dari Taluk Maukaran,114,5.3,7.9,14.0,17.5,21.9,12.3,7.9,13.2,4.9
78,95,61,337,,1,*Dheukhali,666,1.7,7.2,14.3,24.0,18.6,13.8,6.8,13.7,5.1
78,95,61,337,01,1,Dheukhali,525,2.1,6.7,13.9,22.9,17.3,14.7,7.6,14.9,5.2
78,95,61,337,02,1,Golbonia,141,0.0,9.2,15.6,28.4,23.4,10.6,3.5,9.2,4.8
78,95,61,483,,1,*Jamura,791,1.8,9.9,14.9,23.6,22.5,14.3,5.7,7.3,4.7
78,95,61,520,,1,*Kalikapur,646,4.2,11.9,16.4,21.7,19.2,11.8,7.1,7.7,4.5
78,95,61,593,,1,*Laukati Kismat,1016,2.3,9.4,20.2,27.3,19.4,9.8,5.2,6.4,4.4
78,95,61,648,,1,*Maukaran,941,3.9,9.6,18.9,23.3,18.9,10.8,5.6,8.9,4.5
78,95,61,657,,1,*Maukaran Kismat,503,2.6,9.3,15.1,23.1,21.5,12.5,7.6,8.3,4.7
78,95,61,712,,1,*Par Kartikpasha,589,2.9,7.0,18.2,24.4,19.4,12.2,8.5,7.5,4.7
78,95,61,921,,1,*Telikhali,598,3.2,8.9,13.5,21.2,20.2,14.9,7.7,10.4,4.8
78,95,67,,,,Madarbunia Union Total,5180,3.3,10.3,14.7,23.1,20.6,11.9,7.2,8.7,4.6
78,95,67,182,,1,*Chalitabunia,387,3.4,12.4,17.3,17.6,19.4,14.2,8.0,7.8,4.6
78,95,67,228,,1,*Charabunia,272,3.3,7.4,17.6,23.9,22.4,7.7,8.5,9.2,4.7
78,95,67,246,,1,*Dakshin Birajala,185,2.2,7.6,11.9,17.8,27.6,14.6,6.5,11.9,5.0
78,95,67,255,,1,*Dakshin Botalbania,491,4.5,12.0,13.0,23.6,21.6,10.4,6.7,8.1,4.5
78,95,67,292,,1,*Dakshin Hazikhali,260,4.6,10.4,12.7,26.5,21.2,9.6,6.9,8.1,4.5
78,95,67,401,,1,*Gerakhali,830,2.8,11.0,15.9,22.7,19.4,11.7,7.2,9.4,4.7
78,95,67,447,,1,*Hajikhali,223,3.1,12.1,13.5,23.3,22.4,9.9,10.8,4.9,4.5
78,95,67,456,,1,*Hajikhali Abad,164,4.3,9.8,16.5,15.9,17.7,15.9,7.9,12.2,4.9
78,95,67,575,,1,*Kuralia,182,3.8,7.1,18.1,23.1,18.7,14.8,7.1,7.1,4.6
78,95,67,620,,1,*Madarbunia,420,1.7,8.6,12.4,24.3,19.0,15.5,8.1,10.5,4.9
78,95,67,684,,1,*Nandipara,594,3.2,11.6,14.1,24.4,21.7,11.6,5.6,7.7,4.5
78,95,67,702,,1,*Pakshia,313,3.5,7.7,15.0,22.7,19.8,11.8,8.3,11.2,4.9
78,95,67,730,,1,*Paschim Hetalia,500,4.0,12.2,16.6,24.6,19.2,11.6,5.6,6.2,4.4
78,95,67,848,,1,*Sankarpur,191,1.6,6.3,7.9,29.3,22.0,13.6,7.9,11.5,5.0
78,95,67,949,,1,*Uttar Birajala,168,3.6,11.3,14.9,25.6,22.6,7.7,6.5,7.7,4.5
78,95,74,,,,Marichbunia Union Total,4235,4.5,13.1,18.3,24.1,18.4,10.4,5.5,5.8,4.3
78,95,74,027,,1,*Arazi Gerakhali Kismat,81,9.9,17.3,28.4,21.0,17.3,3.7,0.0,2.5,3.4
78,95,74,118,,1,*Barunbaria,684,5.6,12.6,19.9,27.5,15.9,7.9,5.3,5.4,4.1
78,95,74,127,,1,*Bazarghona,855,4.3,11.2,17.9,24.9,18.6,11.9,5.8,5.3,4.3
78,95,74,127,01,1,Dakshin Bazarghona,528,4.4,10.8,17.2,26.3,19.7,11.6,5.1,4.9,4.3
78,95,74,127,02,1,Uttar Bazarghona,327,4.3,11.9,19.0,22.6,16.8,12.5,7.0,5.8,4.3
78,95,74,429,,1,*Guabaria,101,2.0,10.9,12.9,32.7,19.8,10.9,4.0,6.9,4.5
78,95,74,629,,1,*Marichbunia,1595,4.6,13.9,17.1,22.4,19.1,11.0,5.5,6.4,4.3
78,95,74,748,,1,*Patukhali,561,3.7,11.6,18.0,24.6,20.3,10.0,5.7,6.1,4.4
78,95,74,903,,1,*Tafalbaria,358,2.8,16.8,20.9,20.9,16.2,10.9,6.7,4.7,4.2
